part_number,official_pin,rev,slash,gauge_awg,color_code,color_name,specification,insulation,insulation_detail,wall,plating,conductor,conductor_material,stranding,conductor_od_in,wire_od_in,insulation_wall_in,weight_lb_per_kft,resistance_ohm_per_kft,temperature_c,voltage_v,m27500_symbol,datasheet,path
M22759_11-10-0,M22759/11-10-0,1,11,10,0,black,MIL-DTL-22759/11,PTFE,"extruded PTFE, medium weight",medium,silver,copper,silver-coated copper,37x26,0.1095,0.139,0.0148,37.8,1.19,200,600,RC,https://www.ryanelectronics.com/products/m2275911/,M22759_11-10-0/M22759_11-10-0-rev1
M22759_11-10-1,M22759/11-10-1,1,11,10,1,brown,MIL-DTL-22759/11,PTFE,"extruded PTFE, medium weight",medium,silver,copper,silver-coated copper,37x26,0.1095,0.139,0.0148,37.8,1.19,200,600,RC,https://www.ryanelectronics.com/products/m2275911/,M22759_11-10-1/M22759_11-10-1-rev1
M22759_11-10-2,M22759/11-10-2,1,11,10,2,red,MIL-DTL-22759/11,PTFE,"extruded PTFE, medium weight",medium,silver,copper,silver-coated copper,37x26,0.1095,0.139,0.0148,37.8,1.19,200,600,RC,https://www.ryanelectronics.com/products/m2275911/,M22759_11-10-2/M22759_11-10-2-rev1
M22759_11-10-3,M22759/11-10-3,1,11,10,3,orange,MIL-DTL-22759/11,PTFE,"extruded PTFE, medium weight",medium,silver,copper,silver-coated copper,37x26,0.1095,0.139,0.0148,37.8,1.19,200,600,RC,https://www.ryanelectronics.com/products/m2275911/,M22759_11-10-3/M22759_11-10-3-rev1
M22759_11-10-4,M22759/11-10-4,1,11,10,4,yellow,MIL-DTL-22759/11,PTFE,"extruded PTFE, medium weight",medium,silver,copper,silver-coated copper,37x26,0.1095,0.139,0.0148,37.8,1.19,200,600,RC,https://www.ryanelectronics.com/products/m2275911/,M22759_11-10-4/M22759_11-10-4-rev1
M22759_11-10-5,M22759/11-10-5,1,11,10,5,green,MIL-DTL-22759/11,PTFE,"extruded PTFE, medium weight",medium,silver,copper,silver-coated copper,37x26,0.1095,0.139,0.0148,37.8,1.19,200,600,RC,https://www.ryanelectronics.com/products/m2275911/,M22759_11-10-5/M22759_11-10-5-rev1
M22759_11-10-6,M22759/11-10-6,1,11,10,6,blue,MIL-DTL-22759/11,PTFE,"extruded PTFE, medium weight",medium,silver,copper,silver-coated copper,37x26,0.1095,0.139,0.0148,37.8,1.19,200,600,RC,https://www.ryanelectronics.com/products/m2275911/,M22759_11-10-6/M22759_11-10-6-rev1
M22759_11-10-7,M22759/11-10-7,1,11,10,7,violet,MIL-DTL-22759/11,PTFE,"extruded PTFE, medium weight",medium,silver,copper,silver-coated copper,37x26,0.1095,0.139,0.0148,37.8,1.19,200,600,RC,https://www.ryanelectronics.com/products/m2275911/,M22759_11-10-7/M22759_11-10-7-rev1
M22759_11-10-8,M22759/11-10-8,1,11,10,8,gray,MIL-DTL-22759/11,PTFE,"extruded PTFE, medium weight",medium,silver,copper,silver-coated copper,37x26,0.1095,0.139,0.0148,37.8,1.19,200,600,RC,https://www.ryanelectronics.com/products/m2275911/,M22759_11-10-8/M22759_11-10-8-rev1
M22759_11-10-9,M22759/11-10-9,1,11,10,9,white,MIL-DTL-22759/11,PTFE,"extruded PTFE, medium weight",medium,silver,copper,silver-coated copper,37x26,0.1095,0.139,0.0148,37.8,1.19,200,600,RC,https://www.ryanelectronics.com/products/m2275911/,M22759_11-10-9/M22759_11-10-9-rev1
M22759_11-10-90,M22759/11-10-90,1,11,10,90,white/black,MIL-DTL-22759/11,PTFE,"extruded PTFE, medium weight",medium,silver,copper,silver-coated copper,37x26,0.1095,0.139,0.0148,37.8,1.19,200,600,RC,https://www.ryanelectronics.com/products/m2275911/,M22759_11-10-90/M22759_11-10-90-rev1
M22759_11-10-91,M22759/11-10-91,1,11,10,91,white/brown,MIL-DTL-22759/11,PTFE,"extruded PTFE, medium weight",medium,silver,copper,silver-coated copper,37x26,0.1095,0.139,0.0148,37.8,1.19,200,600,RC,https://www.ryanelectronics.com/products/m2275911/,M22759_11-10-91/M22759_11-10-91-rev1
M22759_11-10-92,M22759/11-10-92,1,11,10,92,white/red,MIL-DTL-22759/11,PTFE,"extruded PTFE, medium weight",medium,silver,copper,silver-coated copper,37x26,0.1095,0.139,0.0148,37.8,1.19,200,600,RC,https://www.ryanelectronics.com/products/m2275911/,M22759_11-10-92/M22759_11-10-92-rev1
M22759_11-10-93,M22759/11-10-93,1,11,10,93,white/orange,MIL-DTL-22759/11,PTFE,"extruded PTFE, medium weight",medium,silver,copper,silver-coated copper,37x26,0.1095,0.139,0.0148,37.8,1.19,200,600,RC,https://www.ryanelectronics.com/products/m2275911/,M22759_11-10-93/M22759_11-10-93-rev1
M22759_11-10-94,M22759/11-10-94,1,11,10,94,white/yellow,MIL-DTL-22759/11,PTFE,"extruded PTFE, medium weight",medium,silver,copper,silver-coated copper,37x26,0.1095,0.139,0.0148,37.8,1.19,200,600,RC,https://www.ryanelectronics.com/products/m2275911/,M22759_11-10-94/M22759_11-10-94-rev1
M22759_11-10-95,M22759/11-10-95,1,11,10,95,white/green,MIL-DTL-22759/11,PTFE,"extruded PTFE, medium weight",medium,silver,copper,silver-coated copper,37x26,0.1095,0.139,0.0148,37.8,1.19,200,600,RC,https://www.ryanelectronics.com/products/m2275911/,M22759_11-10-95/M22759_11-10-95-rev1
M22759_11-10-96,M22759/11-10-96,1,11,10,96,white/blue,MIL-DTL-22759/11,PTFE,"extruded PTFE, medium weight",medium,silver,copper,silver-coated copper,37x26,0.1095,0.139,0.0148,37.8,1.19,200,600,RC,https://www.ryanelectronics.com/products/m2275911/,M22759_11-10-96/M22759_11-10-96-rev1
M22759_11-10-97,M22759/11-10-97,1,11,10,97,white/violet,MIL-DTL-22759/11,PTFE,"extruded PTFE, medium weight",medium,silver,copper,silver-coated copper,37x26,0.1095,0.139,0.0148,37.8,1.19,200,600,RC,https://www.ryanelectronics.com/products/m2275911/,M22759_11-10-97/M22759_11-10-97-rev1
M22759_11-10-98,M22759/11-10-98,1,11,10,98,white/gray,MIL-DTL-22759/11,PTFE,"extruded PTFE, medium weight",medium,silver,copper,silver-coated copper,37x26,0.1095,0.139,0.0148,37.8,1.19,200,600,RC,https://www.ryanelectronics.com/products/m2275911/,M22759_11-10-98/M22759_11-10-98-rev1
M22759_11-12-0,M22759/11-12-0,1,11,12,0,black,MIL-DTL-22759/11,PTFE,"extruded PTFE, medium weight",medium,silver,copper,silver-coated copper,37x28,0.0865,0.111,0.0123,24.1,1.81,200,600,RC,https://www.ryanelectronics.com/products/m2275911/,M22759_11-12-0/M22759_11-12-0-rev1
M22759_11-12-1,M22759/11-12-1,1,11,12,1,brown,MIL-DTL-22759/11,PTFE,"extruded PTFE, medium weight",medium,silver,copper,silver-coated copper,37x28,0.0865,0.111,0.0123,24.1,1.81,200,600,RC,https://www.ryanelectronics.com/products/m2275911/,M22759_11-12-1/M22759_11-12-1-rev1
M22759_11-12-2,M22759/11-12-2,1,11,12,2,red,MIL-DTL-22759/11,PTFE,"extruded PTFE, medium weight",medium,silver,copper,silver-coated copper,37x28,0.0865,0.111,0.0123,24.1,1.81,200,600,RC,https://www.ryanelectronics.com/products/m2275911/,M22759_11-12-2/M22759_11-12-2-rev1
M22759_11-12-3,M22759/11-12-3,1,11,12,3,orange,MIL-DTL-22759/11,PTFE,"extruded PTFE, medium weight",medium,silver,copper,silver-coated copper,37x28,0.0865,0.111,0.0123,24.1,1.81,200,600,RC,https://www.ryanelectronics.com/products/m2275911/,M22759_11-12-3/M22759_11-12-3-rev1
M22759_11-12-4,M22759/11-12-4,1,11,12,4,yellow,MIL-DTL-22759/11,PTFE,"extruded PTFE, medium weight",medium,silver,copper,silver-coated copper,37x28,0.0865,0.111,0.0123,24.1,1.81,200,600,RC,https://www.ryanelectronics.com/products/m2275911/,M22759_11-12-4/M22759_11-12-4-rev1
M22759_11-12-5,M22759/11-12-5,1,11,12,5,green,MIL-DTL-22759/11,PTFE,"extruded PTFE, medium weight",medium,silver,copper,silver-coated copper,37x28,0.0865,0.111,0.0123,24.1,1.81,200,600,RC,https://www.ryanelectronics.com/products/m2275911/,M22759_11-12-5/M22759_11-12-5-rev1
M22759_11-12-6,M22759/11-12-6,1,11,12,6,blue,MIL-DTL-22759/11,PTFE,"extruded PTFE, medium weight",medium,silver,copper,silver-coated copper,37x28,0.0865,0.111,0.0123,24.1,1.81,200,600,RC,https://www.ryanelectronics.com/products/m2275911/,M22759_11-12-6/M22759_11-12-6-rev1
M22759_11-12-7,M22759/11-12-7,1,11,12,7,violet,MIL-DTL-22759/11,PTFE,"extruded PTFE, medium weight",medium,silver,copper,silver-coated copper,37x28,0.0865,0.111,0.0123,24.1,1.81,200,600,RC,https://www.ryanelectronics.com/products/m2275911/,M22759_11-12-7/M22759_11-12-7-rev1
M22759_11-12-8,M22759/11-12-8,1,11,12,8,gray,MIL-DTL-22759/11,PTFE,"extruded PTFE, medium weight",medium,silver,copper,silver-coated copper,37x28,0.0865,0.111,0.0123,24.1,1.81,200,600,RC,https://www.ryanelectronics.com/products/m2275911/,M22759_11-12-8/M22759_11-12-8-rev1
M22759_11-12-9,M22759/11-12-9,1,11,12,9,white,MIL-DTL-22759/11,PTFE,"extruded PTFE, medium weight",medium,silver,copper,silver-coated copper,37x28,0.0865,0.111,0.0123,24.1,1.81,200,600,RC,https://www.ryanelectronics.com/products/m2275911/,M22759_11-12-9/M22759_11-12-9-rev1
M22759_11-12-90,M22759/11-12-90,1,11,12,90,white/black,MIL-DTL-22759/11,PTFE,"extruded PTFE, medium weight",medium,silver,copper,silver-coated copper,37x28,0.0865,0.111,0.0123,24.1,1.81,200,600,RC,https://www.ryanelectronics.com/products/m2275911/,M22759_11-12-90/M22759_11-12-90-rev1
M22759_11-12-91,M22759/11-12-91,1,11,12,91,white/brown,MIL-DTL-22759/11,PTFE,"extruded PTFE, medium weight",medium,silver,copper,silver-coated copper,37x28,0.0865,0.111,0.0123,24.1,1.81,200,600,RC,https://www.ryanelectronics.com/products/m2275911/,M22759_11-12-91/M22759_11-12-91-rev1
M22759_11-12-92,M22759/11-12-92,1,11,12,92,white/red,MIL-DTL-22759/11,PTFE,"extruded PTFE, medium weight",medium,silver,copper,silver-coated copper,37x28,0.0865,0.111,0.0123,24.1,1.81,200,600,RC,https://www.ryanelectronics.com/products/m2275911/,M22759_11-12-92/M22759_11-12-92-rev1
M22759_11-12-93,M22759/11-12-93,1,11,12,93,white/orange,MIL-DTL-22759/11,PTFE,"extruded PTFE, medium weight",medium,silver,copper,silver-coated copper,37x28,0.0865,0.111,0.0123,24.1,1.81,200,600,RC,https://www.ryanelectronics.com/products/m2275911/,M22759_11-12-93/M22759_11-12-93-rev1
M22759_11-12-94,M22759/11-12-94,1,11,12,94,white/yellow,MIL-DTL-22759/11,PTFE,"extruded PTFE, medium weight",medium,silver,copper,silver-coated copper,37x28,0.0865,0.111,0.0123,24.1,1.81,200,600,RC,https://www.ryanelectronics.com/products/m2275911/,M22759_11-12-94/M22759_11-12-94-rev1
M22759_11-12-95,M22759/11-12-95,1,11,12,95,white/green,MIL-DTL-22759/11,PTFE,"extruded PTFE, medium weight",medium,silver,copper,silver-coated copper,37x28,0.0865,0.111,0.0123,24.1,1.81,200,600,RC,https://www.ryanelectronics.com/products/m2275911/,M22759_11-12-95/M22759_11-12-95-rev1
M22759_11-12-96,M22759/11-12-96,1,11,12,96,white/blue,MIL-DTL-22759/11,PTFE,"extruded PTFE, medium weight",medium,silver,copper,silver-coated copper,37x28,0.0865,0.111,0.0123,24.1,1.81,200,600,RC,https://www.ryanelectronics.com/products/m2275911/,M22759_11-12-96/M22759_11-12-96-rev1
M22759_11-12-97,M22759/11-12-97,1,11,12,97,white/violet,MIL-DTL-22759/11,PTFE,"extruded PTFE, medium weight",medium,silver,copper,silver-coated copper,37x28,0.0865,0.111,0.0123,24.1,1.81,200,600,RC,https://www.ryanelectronics.com/products/m2275911/,M22759_11-12-97/M22759_11-12-97-rev1
M22759_11-12-98,M22759/11-12-98,1,11,12,98,white/gray,MIL-DTL-22759/11,PTFE,"extruded PTFE, medium weight",medium,silver,copper,silver-coated copper,37x28,0.0865,0.111,0.0123,24.1,1.81,200,600,RC,https://www.ryanelectronics.com/products/m2275911/,M22759_11-12-98/M22759_11-12-98-rev1
M22759_11-14-0,M22759/11-14-0,1,11,14,0,black,MIL-DTL-22759/11,PTFE,"extruded PTFE, medium weight",medium,silver,copper,silver-coated copper,19x27,0.0670,0.090,0.0115,15.1,2.88,200,600,RC,https://www.ryanelectronics.com/products/m2275911/,M22759_11-14-0/M22759_11-14-0-rev1
M22759_11-14-1,M22759/11-14-1,1,11,14,1,brown,MIL-DTL-22759/11,PTFE,"extruded PTFE, medium weight",medium,silver,copper,silver-coated copper,19x27,0.0670,0.090,0.0115,15.1,2.88,200,600,RC,https://www.ryanelectronics.com/products/m2275911/,M22759_11-14-1/M22759_11-14-1-rev1
M22759_11-14-2,M22759/11-14-2,1,11,14,2,red,MIL-DTL-22759/11,PTFE,"extruded PTFE, medium weight",medium,silver,copper,silver-coated copper,19x27,0.0670,0.090,0.0115,15.1,2.88,200,600,RC,https://www.ryanelectronics.com/products/m2275911/,M22759_11-14-2/M22759_11-14-2-rev1
M22759_11-14-3,M22759/11-14-3,1,11,14,3,orange,MIL-DTL-22759/11,PTFE,"extruded PTFE, medium weight",medium,silver,copper,silver-coated copper,19x27,0.0670,0.090,0.0115,15.1,2.88,200,600,RC,https://www.ryanelectronics.com/products/m2275911/,M22759_11-14-3/M22759_11-14-3-rev1
M22759_11-14-4,M22759/11-14-4,1,11,14,4,yellow,MIL-DTL-22759/11,PTFE,"extruded PTFE, medium weight",medium,silver,copper,silver-coated copper,19x27,0.0670,0.090,0.0115,15.1,2.88,200,600,RC,https://www.ryanelectronics.com/products/m2275911/,M22759_11-14-4/M22759_11-14-4-rev1
M22759_11-14-5,M22759/11-14-5,1,11,14,5,green,MIL-DTL-22759/11,PTFE,"extruded PTFE, medium weight",medium,silver,copper,silver-coated copper,19x27,0.0670,0.090,0.0115,15.1,2.88,200,600,RC,https://www.ryanelectronics.com/products/m2275911/,M22759_11-14-5/M22759_11-14-5-rev1
M22759_11-14-6,M22759/11-14-6,1,11,14,6,blue,MIL-DTL-22759/11,PTFE,"extruded PTFE, medium weight",medium,silver,copper,silver-coated copper,19x27,0.0670,0.090,0.0115,15.1,2.88,200,600,RC,https://www.ryanelectronics.com/products/m2275911/,M22759_11-14-6/M22759_11-14-6-rev1
M22759_11-14-7,M22759/11-14-7,1,11,14,7,violet,MIL-DTL-22759/11,PTFE,"extruded PTFE, medium weight",medium,silver,copper,silver-coated copper,19x27,0.0670,0.090,0.0115,15.1,2.88,200,600,RC,https://www.ryanelectronics.com/products/m2275911/,M22759_11-14-7/M22759_11-14-7-rev1
M22759_11-14-8,M22759/11-14-8,1,11,14,8,gray,MIL-DTL-22759/11,PTFE,"extruded PTFE, medium weight",medium,silver,copper,silver-coated copper,19x27,0.0670,0.090,0.0115,15.1,2.88,200,600,RC,https://www.ryanelectronics.com/products/m2275911/,M22759_11-14-8/M22759_11-14-8-rev1
M22759_11-14-9,M22759/11-14-9,1,11,14,9,white,MIL-DTL-22759/11,PTFE,"extruded PTFE, medium weight",medium,silver,copper,silver-coated copper,19x27,0.0670,0.090,0.0115,15.1,2.88,200,600,RC,https://www.ryanelectronics.com/products/m2275911/,M22759_11-14-9/M22759_11-14-9-rev1
M22759_11-14-90,M22759/11-14-90,1,11,14,90,white/black,MIL-DTL-22759/11,PTFE,"extruded PTFE, medium weight",medium,silver,copper,silver-coated copper,19x27,0.0670,0.090,0.0115,15.1,2.88,200,600,RC,https://www.ryanelectronics.com/products/m2275911/,M22759_11-14-90/M22759_11-14-90-rev1
M22759_11-14-91,M22759/11-14-91,1,11,14,91,white/brown,MIL-DTL-22759/11,PTFE,"extruded PTFE, medium weight",medium,silver,copper,silver-coated copper,19x27,0.0670,0.090,0.0115,15.1,2.88,200,600,RC,https://www.ryanelectronics.com/products/m2275911/,M22759_11-14-91/M22759_11-14-91-rev1
M22759_11-14-92,M22759/11-14-92,1,11,14,92,white/red,MIL-DTL-22759/11,PTFE,"extruded PTFE, medium weight",medium,silver,copper,silver-coated copper,19x27,0.0670,0.090,0.0115,15.1,2.88,200,600,RC,https://www.ryanelectronics.com/products/m2275911/,M22759_11-14-92/M22759_11-14-92-rev1
M22759_11-14-93,M22759/11-14-93,1,11,14,93,white/orange,MIL-DTL-22759/11,PTFE,"extruded PTFE, medium weight",medium,silver,copper,silver-coated copper,19x27,0.0670,0.090,0.0115,15.1,2.88,200,600,RC,https://www.ryanelectronics.com/products/m2275911/,M22759_11-14-93/M22759_11-14-93-rev1
M22759_11-14-94,M22759/11-14-94,1,11,14,94,white/yellow,MIL-DTL-22759/11,PTFE,"extruded PTFE, medium weight",medium,silver,copper,silver-coated copper,19x27,0.0670,0.090,0.0115,15.1,2.88,200,600,RC,https://www.ryanelectronics.com/products/m2275911/,M22759_11-14-94/M22759_11-14-94-rev1
M22759_11-14-95,M22759/11-14-95,1,11,14,95,white/green,MIL-DTL-22759/11,PTFE,"extruded PTFE, medium weight",medium,silver,copper,silver-coated copper,19x27,0.0670,0.090,0.0115,15.1,2.88,200,600,RC,https://www.ryanelectronics.com/products/m2275911/,M22759_11-14-95/M22759_11-14-95-rev1
M22759_11-14-96,M22759/11-14-96,1,11,14,96,white/blue,MIL-DTL-22759/11,PTFE,"extruded PTFE, medium weight",medium,silver,copper,silver-coated copper,19x27,0.0670,0.090,0.0115,15.1,2.88,200,600,RC,https://www.ryanelectronics.com/products/m2275911/,M22759_11-14-96/M22759_11-14-96-rev1
M22759_11-14-97,M22759/11-14-97,1,11,14,97,white/violet,MIL-DTL-22759/11,PTFE,"extruded PTFE, medium weight",medium,silver,copper,silver-coated copper,19x27,0.0670,0.090,0.0115,15.1,2.88,200,600,RC,https://www.ryanelectronics.com/products/m2275911/,M22759_11-14-97/M22759_11-14-97-rev1
M22759_11-14-98,M22759/11-14-98,1,11,14,98,white/gray,MIL-DTL-22759/11,PTFE,"extruded PTFE, medium weight",medium,silver,copper,silver-coated copper,19x27,0.0670,0.090,0.0115,15.1,2.88,200,600,RC,https://www.ryanelectronics.com/products/m2275911/,M22759_11-14-98/M22759_11-14-98-rev1
M22759_11-16-0,M22759/11-16-0,1,11,16,0,black,MIL-DTL-22759/11,PTFE,"extruded PTFE, medium weight",medium,silver,copper,silver-coated copper,19x29,0.0535,0.075,0.0107,10.0,4.52,200,600,RC,https://www.ryanelectronics.com/products/m2275911/,M22759_11-16-0/M22759_11-16-0-rev1
M22759_11-16-1,M22759/11-16-1,1,11,16,1,brown,MIL-DTL-22759/11,PTFE,"extruded PTFE, medium weight",medium,silver,copper,silver-coated copper,19x29,0.0535,0.075,0.0107,10.0,4.52,200,600,RC,https://www.ryanelectronics.com/products/m2275911/,M22759_11-16-1/M22759_11-16-1-rev1
M22759_11-16-2,M22759/11-16-2,1,11,16,2,red,MIL-DTL-22759/11,PTFE,"extruded PTFE, medium weight",medium,silver,copper,silver-coated copper,19x29,0.0535,0.075,0.0107,10.0,4.52,200,600,RC,https://www.ryanelectronics.com/products/m2275911/,M22759_11-16-2/M22759_11-16-2-rev1
M22759_11-16-3,M22759/11-16-3,1,11,16,3,orange,MIL-DTL-22759/11,PTFE,"extruded PTFE, medium weight",medium,silver,copper,silver-coated copper,19x29,0.0535,0.075,0.0107,10.0,4.52,200,600,RC,https://www.ryanelectronics.com/products/m2275911/,M22759_11-16-3/M22759_11-16-3-rev1
M22759_11-16-4,M22759/11-16-4,1,11,16,4,yellow,MIL-DTL-22759/11,PTFE,"extruded PTFE, medium weight",medium,silver,copper,silver-coated copper,19x29,0.0535,0.075,0.0107,10.0,4.52,200,600,RC,https://www.ryanelectronics.com/products/m2275911/,M22759_11-16-4/M22759_11-16-4-rev1
M22759_11-16-5,M22759/11-16-5,1,11,16,5,green,MIL-DTL-22759/11,PTFE,"extruded PTFE, medium weight",medium,silver,copper,silver-coated copper,19x29,0.0535,0.075,0.0107,10.0,4.52,200,600,RC,https://www.ryanelectronics.com/products/m2275911/,M22759_11-16-5/M22759_11-16-5-rev1
M22759_11-16-6,M22759/11-16-6,1,11,16,6,blue,MIL-DTL-22759/11,PTFE,"extruded PTFE, medium weight",medium,silver,copper,silver-coated copper,19x29,0.0535,0.075,0.0107,10.0,4.52,200,600,RC,https://www.ryanelectronics.com/products/m2275911/,M22759_11-16-6/M22759_11-16-6-rev1
M22759_11-16-7,M22759/11-16-7,1,11,16,7,violet,MIL-DTL-22759/11,PTFE,"extruded PTFE, medium weight",medium,silver,copper,silver-coated copper,19x29,0.0535,0.075,0.0107,10.0,4.52,200,600,RC,https://www.ryanelectronics.com/products/m2275911/,M22759_11-16-7/M22759_11-16-7-rev1
M22759_11-16-8,M22759/11-16-8,1,11,16,8,gray,MIL-DTL-22759/11,PTFE,"extruded PTFE, medium weight",medium,silver,copper,silver-coated copper,19x29,0.0535,0.075,0.0107,10.0,4.52,200,600,RC,https://www.ryanelectronics.com/products/m2275911/,M22759_11-16-8/M22759_11-16-8-rev1
M22759_11-16-9,M22759/11-16-9,1,11,16,9,white,MIL-DTL-22759/11,PTFE,"extruded PTFE, medium weight",medium,silver,copper,silver-coated copper,19x29,0.0535,0.075,0.0107,10.0,4.52,200,600,RC,https://www.ryanelectronics.com/products/m2275911/,M22759_11-16-9/M22759_11-16-9-rev1
M22759_11-16-90,M22759/11-16-90,1,11,16,90,white/black,MIL-DTL-22759/11,PTFE,"extruded PTFE, medium weight",medium,silver,copper,silver-coated copper,19x29,0.0535,0.075,0.0107,10.0,4.52,200,600,RC,https://www.ryanelectronics.com/products/m2275911/,M22759_11-16-90/M22759_11-16-90-rev1
M22759_11-16-91,M22759/11-16-91,1,11,16,91,white/brown,MIL-DTL-22759/11,PTFE,"extruded PTFE, medium weight",medium,silver,copper,silver-coated copper,19x29,0.0535,0.075,0.0107,10.0,4.52,200,600,RC,https://www.ryanelectronics.com/products/m2275911/,M22759_11-16-91/M22759_11-16-91-rev1
M22759_11-16-92,M22759/11-16-92,1,11,16,92,white/red,MIL-DTL-22759/11,PTFE,"extruded PTFE, medium weight",medium,silver,copper,silver-coated copper,19x29,0.0535,0.075,0.0107,10.0,4.52,200,600,RC,https://www.ryanelectronics.com/products/m2275911/,M22759_11-16-92/M22759_11-16-92-rev1
M22759_11-16-93,M22759/11-16-93,1,11,16,93,white/orange,MIL-DTL-22759/11,PTFE,"extruded PTFE, medium weight",medium,silver,copper,silver-coated copper,19x29,0.0535,0.075,0.0107,10.0,4.52,200,600,RC,https://www.ryanelectronics.com/products/m2275911/,M22759_11-16-93/M22759_11-16-93-rev1
M22759_11-16-94,M22759/11-16-94,1,11,16,94,white/yellow,MIL-DTL-22759/11,PTFE,"extruded PTFE, medium weight",medium,silver,copper,silver-coated copper,19x29,0.0535,0.075,0.0107,10.0,4.52,200,600,RC,https://www.ryanelectronics.com/products/m2275911/,M22759_11-16-94/M22759_11-16-94-rev1
M22759_11-16-95,M22759/11-16-95,1,11,16,95,white/green,MIL-DTL-22759/11,PTFE,"extruded PTFE, medium weight",medium,silver,copper,silver-coated copper,19x29,0.0535,0.075,0.0107,10.0,4.52,200,600,RC,https://www.ryanelectronics.com/products/m2275911/,M22759_11-16-95/M22759_11-16-95-rev1
M22759_11-16-96,M22759/11-16-96,1,11,16,96,white/blue,MIL-DTL-22759/11,PTFE,"extruded PTFE, medium weight",medium,silver,copper,silver-coated copper,19x29,0.0535,0.075,0.0107,10.0,4.52,200,600,RC,https://www.ryanelectronics.com/products/m2275911/,M22759_11-16-96/M22759_11-16-96-rev1
M22759_11-16-97,M22759/11-16-97,1,11,16,97,white/violet,MIL-DTL-22759/11,PTFE,"extruded PTFE, medium weight",medium,silver,copper,silver-coated copper,19x29,0.0535,0.075,0.0107,10.0,4.52,200,600,RC,https://www.ryanelectronics.com/products/m2275911/,M22759_11-16-97/M22759_11-16-97-rev1
M22759_11-16-98,M22759/11-16-98,1,11,16,98,white/gray,MIL-DTL-22759/11,PTFE,"extruded PTFE, medium weight",medium,silver,copper,silver-coated copper,19x29,0.0535,0.075,0.0107,10.0,4.52,200,600,RC,https://www.ryanelectronics.com/products/m2275911/,M22759_11-16-98/M22759_11-16-98-rev1
M22759_11-18-0,M22759/11-18-0,1,11,18,0,black,MIL-DTL-22759/11,PTFE,"extruded PTFE, medium weight",medium,silver,copper,silver-coated copper,19x30,0.0475,0.068,0.0103,8.14,5.79,200,600,RC,https://www.ryanelectronics.com/products/m2275911/,M22759_11-18-0/M22759_11-18-0-rev1
M22759_11-18-1,M22759/11-18-1,1,11,18,1,brown,MIL-DTL-22759/11,PTFE,"extruded PTFE, medium weight",medium,silver,copper,silver-coated copper,19x30,0.0475,0.068,0.0103,8.14,5.79,200,600,RC,https://www.ryanelectronics.com/products/m2275911/,M22759_11-18-1/M22759_11-18-1-rev1
M22759_11-18-2,M22759/11-18-2,1,11,18,2,red,MIL-DTL-22759/11,PTFE,"extruded PTFE, medium weight",medium,silver,copper,silver-coated copper,19x30,0.0475,0.068,0.0103,8.14,5.79,200,600,RC,https://www.ryanelectronics.com/products/m2275911/,M22759_11-18-2/M22759_11-18-2-rev1
M22759_11-18-3,M22759/11-18-3,1,11,18,3,orange,MIL-DTL-22759/11,PTFE,"extruded PTFE, medium weight",medium,silver,copper,silver-coated copper,19x30,0.0475,0.068,0.0103,8.14,5.79,200,600,RC,https://www.ryanelectronics.com/products/m2275911/,M22759_11-18-3/M22759_11-18-3-rev1
M22759_11-18-4,M22759/11-18-4,1,11,18,4,yellow,MIL-DTL-22759/11,PTFE,"extruded PTFE, medium weight",medium,silver,copper,silver-coated copper,19x30,0.0475,0.068,0.0103,8.14,5.79,200,600,RC,https://www.ryanelectronics.com/products/m2275911/,M22759_11-18-4/M22759_11-18-4-rev1
M22759_11-18-5,M22759/11-18-5,1,11,18,5,green,MIL-DTL-22759/11,PTFE,"extruded PTFE, medium weight",medium,silver,copper,silver-coated copper,19x30,0.0475,0.068,0.0103,8.14,5.79,200,600,RC,https://www.ryanelectronics.com/products/m2275911/,M22759_11-18-5/M22759_11-18-5-rev1
M22759_11-18-6,M22759/11-18-6,1,11,18,6,blue,MIL-DTL-22759/11,PTFE,"extruded PTFE, medium weight",medium,silver,copper,silver-coated copper,19x30,0.0475,0.068,0.0103,8.14,5.79,200,600,RC,https://www.ryanelectronics.com/products/m2275911/,M22759_11-18-6/M22759_11-18-6-rev1
M22759_11-18-7,M22759/11-18-7,1,11,18,7,violet,MIL-DTL-22759/11,PTFE,"extruded PTFE, medium weight",medium,silver,copper,silver-coated copper,19x30,0.0475,0.068,0.0103,8.14,5.79,200,600,RC,https://www.ryanelectronics.com/products/m2275911/,M22759_11-18-7/M22759_11-18-7-rev1
M22759_11-18-8,M22759/11-18-8,1,11,18,8,gray,MIL-DTL-22759/11,PTFE,"extruded PTFE, medium weight",medium,silver,copper,silver-coated copper,19x30,0.0475,0.068,0.0103,8.14,5.79,200,600,RC,https://www.ryanelectronics.com/products/m2275911/,M22759_11-18-8/M22759_11-18-8-rev1
M22759_11-18-9,M22759/11-18-9,1,11,18,9,white,MIL-DTL-22759/11,PTFE,"extruded PTFE, medium weight",medium,silver,copper,silver-coated copper,19x30,0.0475,0.068,0.0103,8.14,5.79,200,600,RC,https://www.ryanelectronics.com/products/m2275911/,M22759_11-18-9/M22759_11-18-9-rev1
M22759_11-18-90,M22759/11-18-90,1,11,18,90,white/black,MIL-DTL-22759/11,PTFE,"extruded PTFE, medium weight",medium,silver,copper,silver-coated copper,19x30,0.0475,0.068,0.0103,8.14,5.79,200,600,RC,https://www.ryanelectronics.com/products/m2275911/,M22759_11-18-90/M22759_11-18-90-rev1
M22759_11-18-91,M22759/11-18-91,1,11,18,91,white/brown,MIL-DTL-22759/11,PTFE,"extruded PTFE, medium weight",medium,silver,copper,silver-coated copper,19x30,0.0475,0.068,0.0103,8.14,5.79,200,600,RC,https://www.ryanelectronics.com/products/m2275911/,M22759_11-18-91/M22759_11-18-91-rev1
M22759_11-18-92,M22759/11-18-92,1,11,18,92,white/red,MIL-DTL-22759/11,PTFE,"extruded PTFE, medium weight",medium,silver,copper,silver-coated copper,19x30,0.0475,0.068,0.0103,8.14,5.79,200,600,RC,https://www.ryanelectronics.com/products/m2275911/,M22759_11-18-92/M22759_11-18-92-rev1
M22759_11-18-93,M22759/11-18-93,1,11,18,93,white/orange,MIL-DTL-22759/11,PTFE,"extruded PTFE, medium weight",medium,silver,copper,silver-coated copper,19x30,0.0475,0.068,0.0103,8.14,5.79,200,600,RC,https://www.ryanelectronics.com/products/m2275911/,M22759_11-18-93/M22759_11-18-93-rev1
M22759_11-18-94,M22759/11-18-94,1,11,18,94,white/yellow,MIL-DTL-22759/11,PTFE,"extruded PTFE, medium weight",medium,silver,copper,silver-coated copper,19x30,0.0475,0.068,0.0103,8.14,5.79,200,600,RC,https://www.ryanelectronics.com/products/m2275911/,M22759_11-18-94/M22759_11-18-94-rev1
M22759_11-18-95,M22759/11-18-95,1,11,18,95,white/green,MIL-DTL-22759/11,PTFE,"extruded PTFE, medium weight",medium,silver,copper,silver-coated copper,19x30,0.0475,0.068,0.0103,8.14,5.79,200,600,RC,https://www.ryanelectronics.com/products/m2275911/,M22759_11-18-95/M22759_11-18-95-rev1
M22759_11-18-96,M22759/11-18-96,1,11,18,96,white/blue,MIL-DTL-22759/11,PTFE,"extruded PTFE, medium weight",medium,silver,copper,silver-coated copper,19x30,0.0475,0.068,0.0103,8.14,5.79,200,600,RC,https://www.ryanelectronics.com/products/m2275911/,M22759_11-18-96/M22759_11-18-96-rev1
M22759_11-18-97,M22759/11-18-97,1,11,18,97,white/violet,MIL-DTL-22759/11,PTFE,"extruded PTFE, medium weight",medium,silver,copper,silver-coated copper,19x30,0.0475,0.068,0.0103,8.14,5.79,200,600,RC,https://www.ryanelectronics.com/products/m2275911/,M22759_11-18-97/M22759_11-18-97-rev1
M22759_11-18-98,M22759/11-18-98,1,11,18,98,white/gray,MIL-DTL-22759/11,PTFE,"extruded PTFE, medium weight",medium,silver,copper,silver-coated copper,19x30,0.0475,0.068,0.0103,8.14,5.79,200,600,RC,https://www.ryanelectronics.com/products/m2275911/,M22759_11-18-98/M22759_11-18-98-rev1
M22759_11-20-0,M22759/11-20-0,1,11,20,0,black,MIL-DTL-22759/11,PTFE,"extruded PTFE, medium weight",medium,silver,copper,silver-coated copper,19x32,0.0380,0.058,0.0100,5.43,9.19,200,600,RC,https://www.ryanelectronics.com/products/m2275911/,M22759_11-20-0/M22759_11-20-0-rev1
M22759_11-20-1,M22759/11-20-1,1,11,20,1,brown,MIL-DTL-22759/11,PTFE,"extruded PTFE, medium weight",medium,silver,copper,silver-coated copper,19x32,0.0380,0.058,0.0100,5.43,9.19,200,600,RC,https://www.ryanelectronics.com/products/m2275911/,M22759_11-20-1/M22759_11-20-1-rev1
M22759_11-20-2,M22759/11-20-2,1,11,20,2,red,MIL-DTL-22759/11,PTFE,"extruded PTFE, medium weight",medium,silver,copper,silver-coated copper,19x32,0.0380,0.058,0.0100,5.43,9.19,200,600,RC,https://www.ryanelectronics.com/products/m2275911/,M22759_11-20-2/M22759_11-20-2-rev1
M22759_11-20-3,M22759/11-20-3,1,11,20,3,orange,MIL-DTL-22759/11,PTFE,"extruded PTFE, medium weight",medium,silver,copper,silver-coated copper,19x32,0.0380,0.058,0.0100,5.43,9.19,200,600,RC,https://www.ryanelectronics.com/products/m2275911/,M22759_11-20-3/M22759_11-20-3-rev1
M22759_11-20-4,M22759/11-20-4,1,11,20,4,yellow,MIL-DTL-22759/11,PTFE,"extruded PTFE, medium weight",medium,silver,copper,silver-coated copper,19x32,0.0380,0.058,0.0100,5.43,9.19,200,600,RC,https://www.ryanelectronics.com/products/m2275911/,M22759_11-20-4/M22759_11-20-4-rev1
M22759_11-20-5,M22759/11-20-5,1,11,20,5,green,MIL-DTL-22759/11,PTFE,"extruded PTFE, medium weight",medium,silver,copper,silver-coated copper,19x32,0.0380,0.058,0.0100,5.43,9.19,200,600,RC,https://www.ryanelectronics.com/products/m2275911/,M22759_11-20-5/M22759_11-20-5-rev1
M22759_11-20-6,M22759/11-20-6,1,11,20,6,blue,MIL-DTL-22759/11,PTFE,"extruded PTFE, medium weight",medium,silver,copper,silver-coated copper,19x32,0.0380,0.058,0.0100,5.43,9.19,200,600,RC,https://www.ryanelectronics.com/products/m2275911/,M22759_11-20-6/M22759_11-20-6-rev1
M22759_11-20-7,M22759/11-20-7,1,11,20,7,violet,MIL-DTL-22759/11,PTFE,"extruded PTFE, medium weight",medium,silver,copper,silver-coated copper,19x32,0.0380,0.058,0.0100,5.43,9.19,200,600,RC,https://www.ryanelectronics.com/products/m2275911/,M22759_11-20-7/M22759_11-20-7-rev1
M22759_11-20-8,M22759/11-20-8,1,11,20,8,gray,MIL-DTL-22759/11,PTFE,"extruded PTFE, medium weight",medium,silver,copper,silver-coated copper,19x32,0.0380,0.058,0.0100,5.43,9.19,200,600,RC,https://www.ryanelectronics.com/products/m2275911/,M22759_11-20-8/M22759_11-20-8-rev1
M22759_11-20-9,M22759/11-20-9,1,11,20,9,white,MIL-DTL-22759/11,PTFE,"extruded PTFE, medium weight",medium,silver,copper,silver-coated copper,19x32,0.0380,0.058,0.0100,5.43,9.19,200,600,RC,https://www.ryanelectronics.com/products/m2275911/,M22759_11-20-9/M22759_11-20-9-rev1
M22759_11-20-90,M22759/11-20-90,1,11,20,90,white/black,MIL-DTL-22759/11,PTFE,"extruded PTFE, medium weight",medium,silver,copper,silver-coated copper,19x32,0.0380,0.058,0.0100,5.43,9.19,200,600,RC,https://www.ryanelectronics.com/products/m2275911/,M22759_11-20-90/M22759_11-20-90-rev1
M22759_11-20-91,M22759/11-20-91,1,11,20,91,white/brown,MIL-DTL-22759/11,PTFE,"extruded PTFE, medium weight",medium,silver,copper,silver-coated copper,19x32,0.0380,0.058,0.0100,5.43,9.19,200,600,RC,https://www.ryanelectronics.com/products/m2275911/,M22759_11-20-91/M22759_11-20-91-rev1
M22759_11-20-92,M22759/11-20-92,1,11,20,92,white/red,MIL-DTL-22759/11,PTFE,"extruded PTFE, medium weight",medium,silver,copper,silver-coated copper,19x32,0.0380,0.058,0.0100,5.43,9.19,200,600,RC,https://www.ryanelectronics.com/products/m2275911/,M22759_11-20-92/M22759_11-20-92-rev1
M22759_11-20-93,M22759/11-20-93,1,11,20,93,white/orange,MIL-DTL-22759/11,PTFE,"extruded PTFE, medium weight",medium,silver,copper,silver-coated copper,19x32,0.0380,0.058,0.0100,5.43,9.19,200,600,RC,https://www.ryanelectronics.com/products/m2275911/,M22759_11-20-93/M22759_11-20-93-rev1
M22759_11-20-94,M22759/11-20-94,1,11,20,94,white/yellow,MIL-DTL-22759/11,PTFE,"extruded PTFE, medium weight",medium,silver,copper,silver-coated copper,19x32,0.0380,0.058,0.0100,5.43,9.19,200,600,RC,https://www.ryanelectronics.com/products/m2275911/,M22759_11-20-94/M22759_11-20-94-rev1
M22759_11-20-95,M22759/11-20-95,1,11,20,95,white/green,MIL-DTL-22759/11,PTFE,"extruded PTFE, medium weight",medium,silver,copper,silver-coated copper,19x32,0.0380,0.058,0.0100,5.43,9.19,200,600,RC,https://www.ryanelectronics.com/products/m2275911/,M22759_11-20-95/M22759_11-20-95-rev1
M22759_11-20-96,M22759/11-20-96,1,11,20,96,white/blue,MIL-DTL-22759/11,PTFE,"extruded PTFE, medium weight",medium,silver,copper,silver-coated copper,19x32,0.0380,0.058,0.0100,5.43,9.19,200,600,RC,https://www.ryanelectronics.com/products/m2275911/,M22759_11-20-96/M22759_11-20-96-rev1
M22759_11-20-97,M22759/11-20-97,1,11,20,97,white/violet,MIL-DTL-22759/11,PTFE,"extruded PTFE, medium weight",medium,silver,copper,silver-coated copper,19x32,0.0380,0.058,0.0100,5.43,9.19,200,600,RC,https://www.ryanelectronics.com/products/m2275911/,M22759_11-20-97/M22759_11-20-97-rev1
M22759_11-20-98,M22759/11-20-98,1,11,20,98,white/gray,MIL-DTL-22759/11,PTFE,"extruded PTFE, medium weight",medium,silver,copper,silver-coated copper,19x32,0.0380,0.058,0.0100,5.43,9.19,200,600,RC,https://www.ryanelectronics.com/products/m2275911/,M22759_11-20-98/M22759_11-20-98-rev1
M22759_11-22-0,M22759/11-22-0,1,11,22,0,black,MIL-DTL-22759/11,PTFE,"extruded PTFE, medium weight",medium,silver,copper,silver-coated copper,19x34,0.0300,0.049,0.0095,3.72,15.1,200,600,RC,https://www.ryanelectronics.com/products/m2275911/,M22759_11-22-0/M22759_11-22-0-rev1
M22759_11-22-1,M22759/11-22-1,1,11,22,1,brown,MIL-DTL-22759/11,PTFE,"extruded PTFE, medium weight",medium,silver,copper,silver-coated copper,19x34,0.0300,0.049,0.0095,3.72,15.1,200,600,RC,https://www.ryanelectronics.com/products/m2275911/,M22759_11-22-1/M22759_11-22-1-rev1
M22759_11-22-2,M22759/11-22-2,1,11,22,2,red,MIL-DTL-22759/11,PTFE,"extruded PTFE, medium weight",medium,silver,copper,silver-coated copper,19x34,0.0300,0.049,0.0095,3.72,15.1,200,600,RC,https://www.ryanelectronics.com/products/m2275911/,M22759_11-22-2/M22759_11-22-2-rev1
M22759_11-22-3,M22759/11-22-3,1,11,22,3,orange,MIL-DTL-22759/11,PTFE,"extruded PTFE, medium weight",medium,silver,copper,silver-coated copper,19x34,0.0300,0.049,0.0095,3.72,15.1,200,600,RC,https://www.ryanelectronics.com/products/m2275911/,M22759_11-22-3/M22759_11-22-3-rev1
M22759_11-22-4,M22759/11-22-4,1,11,22,4,yellow,MIL-DTL-22759/11,PTFE,"extruded PTFE, medium weight",medium,silver,copper,silver-coated copper,19x34,0.0300,0.049,0.0095,3.72,15.1,200,600,RC,https://www.ryanelectronics.com/products/m2275911/,M22759_11-22-4/M22759_11-22-4-rev1
M22759_11-22-5,M22759/11-22-5,1,11,22,5,green,MIL-DTL-22759/11,PTFE,"extruded PTFE, medium weight",medium,silver,copper,silver-coated copper,19x34,0.0300,0.049,0.0095,3.72,15.1,200,600,RC,https://www.ryanelectronics.com/products/m2275911/,M22759_11-22-5/M22759_11-22-5-rev1
M22759_11-22-6,M22759/11-22-6,1,11,22,6,blue,MIL-DTL-22759/11,PTFE,"extruded PTFE, medium weight",medium,silver,copper,silver-coated copper,19x34,0.0300,0.049,0.0095,3.72,15.1,200,600,RC,https://www.ryanelectronics.com/products/m2275911/,M22759_11-22-6/M22759_11-22-6-rev1
M22759_11-22-7,M22759/11-22-7,1,11,22,7,violet,MIL-DTL-22759/11,PTFE,"extruded PTFE, medium weight",medium,silver,copper,silver-coated copper,19x34,0.0300,0.049,0.0095,3.72,15.1,200,600,RC,https://www.ryanelectronics.com/products/m2275911/,M22759_11-22-7/M22759_11-22-7-rev1
M22759_11-22-8,M22759/11-22-8,1,11,22,8,gray,MIL-DTL-22759/11,PTFE,"extruded PTFE, medium weight",medium,silver,copper,silver-coated copper,19x34,0.0300,0.049,0.0095,3.72,15.1,200,600,RC,https://www.ryanelectronics.com/products/m2275911/,M22759_11-22-8/M22759_11-22-8-rev1
M22759_11-22-9,M22759/11-22-9,1,11,22,9,white,MIL-DTL-22759/11,PTFE,"extruded PTFE, medium weight",medium,silver,copper,silver-coated copper,19x34,0.0300,0.049,0.0095,3.72,15.1,200,600,RC,https://www.ryanelectronics.com/products/m2275911/,M22759_11-22-9/M22759_11-22-9-rev1
M22759_11-22-90,M22759/11-22-90,1,11,22,90,white/black,MIL-DTL-22759/11,PTFE,"extruded PTFE, medium weight",medium,silver,copper,silver-coated copper,19x34,0.0300,0.049,0.0095,3.72,15.1,200,600,RC,https://www.ryanelectronics.com/products/m2275911/,M22759_11-22-90/M22759_11-22-90-rev1
M22759_11-22-91,M22759/11-22-91,1,11,22,91,white/brown,MIL-DTL-22759/11,PTFE,"extruded PTFE, medium weight",medium,silver,copper,silver-coated copper,19x34,0.0300,0.049,0.0095,3.72,15.1,200,600,RC,https://www.ryanelectronics.com/products/m2275911/,M22759_11-22-91/M22759_11-22-91-rev1
M22759_11-22-92,M22759/11-22-92,1,11,22,92,white/red,MIL-DTL-22759/11,PTFE,"extruded PTFE, medium weight",medium,silver,copper,silver-coated copper,19x34,0.0300,0.049,0.0095,3.72,15.1,200,600,RC,https://www.ryanelectronics.com/products/m2275911/,M22759_11-22-92/M22759_11-22-92-rev1
M22759_11-22-93,M22759/11-22-93,1,11,22,93,white/orange,MIL-DTL-22759/11,PTFE,"extruded PTFE, medium weight",medium,silver,copper,silver-coated copper,19x34,0.0300,0.049,0.0095,3.72,15.1,200,600,RC,https://www.ryanelectronics.com/products/m2275911/,M22759_11-22-93/M22759_11-22-93-rev1
M22759_11-22-94,M22759/11-22-94,1,11,22,94,white/yellow,MIL-DTL-22759/11,PTFE,"extruded PTFE, medium weight",medium,silver,copper,silver-coated copper,19x34,0.0300,0.049,0.0095,3.72,15.1,200,600,RC,https://www.ryanelectronics.com/products/m2275911/,M22759_11-22-94/M22759_11-22-94-rev1
M22759_11-22-95,M22759/11-22-95,1,11,22,95,white/green,MIL-DTL-22759/11,PTFE,"extruded PTFE, medium weight",medium,silver,copper,silver-coated copper,19x34,0.0300,0.049,0.0095,3.72,15.1,200,600,RC,https://www.ryanelectronics.com/products/m2275911/,M22759_11-22-95/M22759_11-22-95-rev1
M22759_11-22-96,M22759/11-22-96,1,11,22,96,white/blue,MIL-DTL-22759/11,PTFE,"extruded PTFE, medium weight",medium,silver,copper,silver-coated copper,19x34,0.0300,0.049,0.0095,3.72,15.1,200,600,RC,https://www.ryanelectronics.com/products/m2275911/,M22759_11-22-96/M22759_11-22-96-rev1
M22759_11-22-97,M22759/11-22-97,1,11,22,97,white/violet,MIL-DTL-22759/11,PTFE,"extruded PTFE, medium weight",medium,silver,copper,silver-coated copper,19x34,0.0300,0.049,0.0095,3.72,15.1,200,600,RC,https://www.ryanelectronics.com/products/m2275911/,M22759_11-22-97/M22759_11-22-97-rev1
M22759_11-22-98,M22759/11-22-98,1,11,22,98,white/gray,MIL-DTL-22759/11,PTFE,"extruded PTFE, medium weight",medium,silver,copper,silver-coated copper,19x34,0.0300,0.049,0.0095,3.72,15.1,200,600,RC,https://www.ryanelectronics.com/products/m2275911/,M22759_11-22-98/M22759_11-22-98-rev1
M22759_11-24-0,M22759/11-24-0,1,11,24,0,black,MIL-DTL-22759/11,PTFE,"extruded PTFE, medium weight",medium,silver,copper,silver-coated copper,19x36,0.0240,0.043,0.0095,2.58,24.3,200,600,RC,https://www.ryanelectronics.com/products/m2275911/,M22759_11-24-0/M22759_11-24-0-rev1
M22759_11-24-1,M22759/11-24-1,1,11,24,1,brown,MIL-DTL-22759/11,PTFE,"extruded PTFE, medium weight",medium,silver,copper,silver-coated copper,19x36,0.0240,0.043,0.0095,2.58,24.3,200,600,RC,https://www.ryanelectronics.com/products/m2275911/,M22759_11-24-1/M22759_11-24-1-rev1
M22759_11-24-2,M22759/11-24-2,1,11,24,2,red,MIL-DTL-22759/11,PTFE,"extruded PTFE, medium weight",medium,silver,copper,silver-coated copper,19x36,0.0240,0.043,0.0095,2.58,24.3,200,600,RC,https://www.ryanelectronics.com/products/m2275911/,M22759_11-24-2/M22759_11-24-2-rev1
M22759_11-24-3,M22759/11-24-3,1,11,24,3,orange,MIL-DTL-22759/11,PTFE,"extruded PTFE, medium weight",medium,silver,copper,silver-coated copper,19x36,0.0240,0.043,0.0095,2.58,24.3,200,600,RC,https://www.ryanelectronics.com/products/m2275911/,M22759_11-24-3/M22759_11-24-3-rev1
M22759_11-24-4,M22759/11-24-4,1,11,24,4,yellow,MIL-DTL-22759/11,PTFE,"extruded PTFE, medium weight",medium,silver,copper,silver-coated copper,19x36,0.0240,0.043,0.0095,2.58,24.3,200,600,RC,https://www.ryanelectronics.com/products/m2275911/,M22759_11-24-4/M22759_11-24-4-rev1
M22759_11-24-5,M22759/11-24-5,1,11,24,5,green,MIL-DTL-22759/11,PTFE,"extruded PTFE, medium weight",medium,silver,copper,silver-coated copper,19x36,0.0240,0.043,0.0095,2.58,24.3,200,600,RC,https://www.ryanelectronics.com/products/m2275911/,M22759_11-24-5/M22759_11-24-5-rev1
M22759_11-24-6,M22759/11-24-6,1,11,24,6,blue,MIL-DTL-22759/11,PTFE,"extruded PTFE, medium weight",medium,silver,copper,silver-coated copper,19x36,0.0240,0.043,0.0095,2.58,24.3,200,600,RC,https://www.ryanelectronics.com/products/m2275911/,M22759_11-24-6/M22759_11-24-6-rev1
M22759_11-24-7,M22759/11-24-7,1,11,24,7,violet,MIL-DTL-22759/11,PTFE,"extruded PTFE, medium weight",medium,silver,copper,silver-coated copper,19x36,0.0240,0.043,0.0095,2.58,24.3,200,600,RC,https://www.ryanelectronics.com/products/m2275911/,M22759_11-24-7/M22759_11-24-7-rev1
M22759_11-24-8,M22759/11-24-8,1,11,24,8,gray,MIL-DTL-22759/11,PTFE,"extruded PTFE, medium weight",medium,silver,copper,silver-coated copper,19x36,0.0240,0.043,0.0095,2.58,24.3,200,600,RC,https://www.ryanelectronics.com/products/m2275911/,M22759_11-24-8/M22759_11-24-8-rev1
M22759_11-24-9,M22759/11-24-9,1,11,24,9,white,MIL-DTL-22759/11,PTFE,"extruded PTFE, medium weight",medium,silver,copper,silver-coated copper,19x36,0.0240,0.043,0.0095,2.58,24.3,200,600,RC,https://www.ryanelectronics.com/products/m2275911/,M22759_11-24-9/M22759_11-24-9-rev1
M22759_11-24-90,M22759/11-24-90,1,11,24,90,white/black,MIL-DTL-22759/11,PTFE,"extruded PTFE, medium weight",medium,silver,copper,silver-coated copper,19x36,0.0240,0.043,0.0095,2.58,24.3,200,600,RC,https://www.ryanelectronics.com/products/m2275911/,M22759_11-24-90/M22759_11-24-90-rev1
M22759_11-24-91,M22759/11-24-91,1,11,24,91,white/brown,MIL-DTL-22759/11,PTFE,"extruded PTFE, medium weight",medium,silver,copper,silver-coated copper,19x36,0.0240,0.043,0.0095,2.58,24.3,200,600,RC,https://www.ryanelectronics.com/products/m2275911/,M22759_11-24-91/M22759_11-24-91-rev1
M22759_11-24-92,M22759/11-24-92,1,11,24,92,white/red,MIL-DTL-22759/11,PTFE,"extruded PTFE, medium weight",medium,silver,copper,silver-coated copper,19x36,0.0240,0.043,0.0095,2.58,24.3,200,600,RC,https://www.ryanelectronics.com/products/m2275911/,M22759_11-24-92/M22759_11-24-92-rev1
M22759_11-24-93,M22759/11-24-93,1,11,24,93,white/orange,MIL-DTL-22759/11,PTFE,"extruded PTFE, medium weight",medium,silver,copper,silver-coated copper,19x36,0.0240,0.043,0.0095,2.58,24.3,200,600,RC,https://www.ryanelectronics.com/products/m2275911/,M22759_11-24-93/M22759_11-24-93-rev1
M22759_11-24-94,M22759/11-24-94,1,11,24,94,white/yellow,MIL-DTL-22759/11,PTFE,"extruded PTFE, medium weight",medium,silver,copper,silver-coated copper,19x36,0.0240,0.043,0.0095,2.58,24.3,200,600,RC,https://www.ryanelectronics.com/products/m2275911/,M22759_11-24-94/M22759_11-24-94-rev1
M22759_11-24-95,M22759/11-24-95,1,11,24,95,white/green,MIL-DTL-22759/11,PTFE,"extruded PTFE, medium weight",medium,silver,copper,silver-coated copper,19x36,0.0240,0.043,0.0095,2.58,24.3,200,600,RC,https://www.ryanelectronics.com/products/m2275911/,M22759_11-24-95/M22759_11-24-95-rev1
M22759_11-24-96,M22759/11-24-96,1,11,24,96,white/blue,MIL-DTL-22759/11,PTFE,"extruded PTFE, medium weight",medium,silver,copper,silver-coated copper,19x36,0.0240,0.043,0.0095,2.58,24.3,200,600,RC,https://www.ryanelectronics.com/products/m2275911/,M22759_11-24-96/M22759_11-24-96-rev1
M22759_11-24-97,M22759/11-24-97,1,11,24,97,white/violet,MIL-DTL-22759/11,PTFE,"extruded PTFE, medium weight",medium,silver,copper,silver-coated copper,19x36,0.0240,0.043,0.0095,2.58,24.3,200,600,RC,https://www.ryanelectronics.com/products/m2275911/,M22759_11-24-97/M22759_11-24-97-rev1
M22759_11-24-98,M22759/11-24-98,1,11,24,98,white/gray,MIL-DTL-22759/11,PTFE,"extruded PTFE, medium weight",medium,silver,copper,silver-coated copper,19x36,0.0240,0.043,0.0095,2.58,24.3,200,600,RC,https://www.ryanelectronics.com/products/m2275911/,M22759_11-24-98/M22759_11-24-98-rev1
M22759_11-26-0,M22759/11-26-0,1,11,26,0,black,MIL-DTL-22759/11,PTFE,"extruded PTFE, medium weight",medium,silver,copper,silver-coated copper,19x38,0.0190,0.038,0.0095,1.9,38.4,200,600,RC,https://www.ryanelectronics.com/products/m2275911/,M22759_11-26-0/M22759_11-26-0-rev1
M22759_11-26-1,M22759/11-26-1,1,11,26,1,brown,MIL-DTL-22759/11,PTFE,"extruded PTFE, medium weight",medium,silver,copper,silver-coated copper,19x38,0.0190,0.038,0.0095,1.9,38.4,200,600,RC,https://www.ryanelectronics.com/products/m2275911/,M22759_11-26-1/M22759_11-26-1-rev1
M22759_11-26-2,M22759/11-26-2,1,11,26,2,red,MIL-DTL-22759/11,PTFE,"extruded PTFE, medium weight",medium,silver,copper,silver-coated copper,19x38,0.0190,0.038,0.0095,1.9,38.4,200,600,RC,https://www.ryanelectronics.com/products/m2275911/,M22759_11-26-2/M22759_11-26-2-rev1
M22759_11-26-3,M22759/11-26-3,1,11,26,3,orange,MIL-DTL-22759/11,PTFE,"extruded PTFE, medium weight",medium,silver,copper,silver-coated copper,19x38,0.0190,0.038,0.0095,1.9,38.4,200,600,RC,https://www.ryanelectronics.com/products/m2275911/,M22759_11-26-3/M22759_11-26-3-rev1
M22759_11-26-4,M22759/11-26-4,1,11,26,4,yellow,MIL-DTL-22759/11,PTFE,"extruded PTFE, medium weight",medium,silver,copper,silver-coated copper,19x38,0.0190,0.038,0.0095,1.9,38.4,200,600,RC,https://www.ryanelectronics.com/products/m2275911/,M22759_11-26-4/M22759_11-26-4-rev1
M22759_11-26-5,M22759/11-26-5,1,11,26,5,green,MIL-DTL-22759/11,PTFE,"extruded PTFE, medium weight",medium,silver,copper,silver-coated copper,19x38,0.0190,0.038,0.0095,1.9,38.4,200,600,RC,https://www.ryanelectronics.com/products/m2275911/,M22759_11-26-5/M22759_11-26-5-rev1
M22759_11-26-6,M22759/11-26-6,1,11,26,6,blue,MIL-DTL-22759/11,PTFE,"extruded PTFE, medium weight",medium,silver,copper,silver-coated copper,19x38,0.0190,0.038,0.0095,1.9,38.4,200,600,RC,https://www.ryanelectronics.com/products/m2275911/,M22759_11-26-6/M22759_11-26-6-rev1
M22759_11-26-7,M22759/11-26-7,1,11,26,7,violet,MIL-DTL-22759/11,PTFE,"extruded PTFE, medium weight",medium,silver,copper,silver-coated copper,19x38,0.0190,0.038,0.0095,1.9,38.4,200,600,RC,https://www.ryanelectronics.com/products/m2275911/,M22759_11-26-7/M22759_11-26-7-rev1
M22759_11-26-8,M22759/11-26-8,1,11,26,8,gray,MIL-DTL-22759/11,PTFE,"extruded PTFE, medium weight",medium,silver,copper,silver-coated copper,19x38,0.0190,0.038,0.0095,1.9,38.4,200,600,RC,https://www.ryanelectronics.com/products/m2275911/,M22759_11-26-8/M22759_11-26-8-rev1
M22759_11-26-9,M22759/11-26-9,1,11,26,9,white,MIL-DTL-22759/11,PTFE,"extruded PTFE, medium weight",medium,silver,copper,silver-coated copper,19x38,0.0190,0.038,0.0095,1.9,38.4,200,600,RC,https://www.ryanelectronics.com/products/m2275911/,M22759_11-26-9/M22759_11-26-9-rev1
M22759_11-26-90,M22759/11-26-90,1,11,26,90,white/black,MIL-DTL-22759/11,PTFE,"extruded PTFE, medium weight",medium,silver,copper,silver-coated copper,19x38,0.0190,0.038,0.0095,1.9,38.4,200,600,RC,https://www.ryanelectronics.com/products/m2275911/,M22759_11-26-90/M22759_11-26-90-rev1
M22759_11-26-91,M22759/11-26-91,1,11,26,91,white/brown,MIL-DTL-22759/11,PTFE,"extruded PTFE, medium weight",medium,silver,copper,silver-coated copper,19x38,0.0190,0.038,0.0095,1.9,38.4,200,600,RC,https://www.ryanelectronics.com/products/m2275911/,M22759_11-26-91/M22759_11-26-91-rev1
M22759_11-26-92,M22759/11-26-92,1,11,26,92,white/red,MIL-DTL-22759/11,PTFE,"extruded PTFE, medium weight",medium,silver,copper,silver-coated copper,19x38,0.0190,0.038,0.0095,1.9,38.4,200,600,RC,https://www.ryanelectronics.com/products/m2275911/,M22759_11-26-92/M22759_11-26-92-rev1
M22759_11-26-93,M22759/11-26-93,1,11,26,93,white/orange,MIL-DTL-22759/11,PTFE,"extruded PTFE, medium weight",medium,silver,copper,silver-coated copper,19x38,0.0190,0.038,0.0095,1.9,38.4,200,600,RC,https://www.ryanelectronics.com/products/m2275911/,M22759_11-26-93/M22759_11-26-93-rev1
M22759_11-26-94,M22759/11-26-94,1,11,26,94,white/yellow,MIL-DTL-22759/11,PTFE,"extruded PTFE, medium weight",medium,silver,copper,silver-coated copper,19x38,0.0190,0.038,0.0095,1.9,38.4,200,600,RC,https://www.ryanelectronics.com/products/m2275911/,M22759_11-26-94/M22759_11-26-94-rev1
M22759_11-26-95,M22759/11-26-95,1,11,26,95,white/green,MIL-DTL-22759/11,PTFE,"extruded PTFE, medium weight",medium,silver,copper,silver-coated copper,19x38,0.0190,0.038,0.0095,1.9,38.4,200,600,RC,https://www.ryanelectronics.com/products/m2275911/,M22759_11-26-95/M22759_11-26-95-rev1
M22759_11-26-96,M22759/11-26-96,1,11,26,96,white/blue,MIL-DTL-22759/11,PTFE,"extruded PTFE, medium weight",medium,silver,copper,silver-coated copper,19x38,0.0190,0.038,0.0095,1.9,38.4,200,600,RC,https://www.ryanelectronics.com/products/m2275911/,M22759_11-26-96/M22759_11-26-96-rev1
M22759_11-26-97,M22759/11-26-97,1,11,26,97,white/violet,MIL-DTL-22759/11,PTFE,"extruded PTFE, medium weight",medium,silver,copper,silver-coated copper,19x38,0.0190,0.038,0.0095,1.9,38.4,200,600,RC,https://www.ryanelectronics.com/products/m2275911/,M22759_11-26-97/M22759_11-26-97-rev1
M22759_11-26-98,M22759/11-26-98,1,11,26,98,white/gray,MIL-DTL-22759/11,PTFE,"extruded PTFE, medium weight",medium,silver,copper,silver-coated copper,19x38,0.0190,0.038,0.0095,1.9,38.4,200,600,RC,https://www.ryanelectronics.com/products/m2275911/,M22759_11-26-98/M22759_11-26-98-rev1
M22759_11-28-0,M22759/11-28-0,1,11,28,0,black,MIL-DTL-22759/11,PTFE,"extruded PTFE, medium weight",medium,silver,copper,silver-coated copper,7x36,0.0150,0.033,0.0090,1.36,63.8,200,600,RC,https://www.ryanelectronics.com/products/m2275911/,M22759_11-28-0/M22759_11-28-0-rev1
M22759_11-28-1,M22759/11-28-1,1,11,28,1,brown,MIL-DTL-22759/11,PTFE,"extruded PTFE, medium weight",medium,silver,copper,silver-coated copper,7x36,0.0150,0.033,0.0090,1.36,63.8,200,600,RC,https://www.ryanelectronics.com/products/m2275911/,M22759_11-28-1/M22759_11-28-1-rev1
M22759_11-28-2,M22759/11-28-2,1,11,28,2,red,MIL-DTL-22759/11,PTFE,"extruded PTFE, medium weight",medium,silver,copper,silver-coated copper,7x36,0.0150,0.033,0.0090,1.36,63.8,200,600,RC,https://www.ryanelectronics.com/products/m2275911/,M22759_11-28-2/M22759_11-28-2-rev1
M22759_11-28-3,M22759/11-28-3,1,11,28,3,orange,MIL-DTL-22759/11,PTFE,"extruded PTFE, medium weight",medium,silver,copper,silver-coated copper,7x36,0.0150,0.033,0.0090,1.36,63.8,200,600,RC,https://www.ryanelectronics.com/products/m2275911/,M22759_11-28-3/M22759_11-28-3-rev1
M22759_11-28-4,M22759/11-28-4,1,11,28,4,yellow,MIL-DTL-22759/11,PTFE,"extruded PTFE, medium weight",medium,silver,copper,silver-coated copper,7x36,0.0150,0.033,0.0090,1.36,63.8,200,600,RC,https://www.ryanelectronics.com/products/m2275911/,M22759_11-28-4/M22759_11-28-4-rev1
M22759_11-28-5,M22759/11-28-5,1,11,28,5,green,MIL-DTL-22759/11,PTFE,"extruded PTFE, medium weight",medium,silver,copper,silver-coated copper,7x36,0.0150,0.033,0.0090,1.36,63.8,200,600,RC,https://www.ryanelectronics.com/products/m2275911/,M22759_11-28-5/M22759_11-28-5-rev1
M22759_11-28-6,M22759/11-28-6,1,11,28,6,blue,MIL-DTL-22759/11,PTFE,"extruded PTFE, medium weight",medium,silver,copper,silver-coated copper,7x36,0.0150,0.033,0.0090,1.36,63.8,200,600,RC,https://www.ryanelectronics.com/products/m2275911/,M22759_11-28-6/M22759_11-28-6-rev1
M22759_11-28-7,M22759/11-28-7,1,11,28,7,violet,MIL-DTL-22759/11,PTFE,"extruded PTFE, medium weight",medium,silver,copper,silver-coated copper,7x36,0.0150,0.033,0.0090,1.36,63.8,200,600,RC,https://www.ryanelectronics.com/products/m2275911/,M22759_11-28-7/M22759_11-28-7-rev1
M22759_11-28-8,M22759/11-28-8,1,11,28,8,gray,MIL-DTL-22759/11,PTFE,"extruded PTFE, medium weight",medium,silver,copper,silver-coated copper,7x36,0.0150,0.033,0.0090,1.36,63.8,200,600,RC,https://www.ryanelectronics.com/products/m2275911/,M22759_11-28-8/M22759_11-28-8-rev1
M22759_11-28-9,M22759/11-28-9,1,11,28,9,white,MIL-DTL-22759/11,PTFE,"extruded PTFE, medium weight",medium,silver,copper,silver-coated copper,7x36,0.0150,0.033,0.0090,1.36,63.8,200,600,RC,https://www.ryanelectronics.com/products/m2275911/,M22759_11-28-9/M22759_11-28-9-rev1
M22759_11-28-90,M22759/11-28-90,1,11,28,90,white/black,MIL-DTL-22759/11,PTFE,"extruded PTFE, medium weight",medium,silver,copper,silver-coated copper,7x36,0.0150,0.033,0.0090,1.36,63.8,200,600,RC,https://www.ryanelectronics.com/products/m2275911/,M22759_11-28-90/M22759_11-28-90-rev1
M22759_11-28-91,M22759/11-28-91,1,11,28,91,white/brown,MIL-DTL-22759/11,PTFE,"extruded PTFE, medium weight",medium,silver,copper,silver-coated copper,7x36,0.0150,0.033,0.0090,1.36,63.8,200,600,RC,https://www.ryanelectronics.com/products/m2275911/,M22759_11-28-91/M22759_11-28-91-rev1
M22759_11-28-92,M22759/11-28-92,1,11,28,92,white/red,MIL-DTL-22759/11,PTFE,"extruded PTFE, medium weight",medium,silver,copper,silver-coated copper,7x36,0.0150,0.033,0.0090,1.36,63.8,200,600,RC,https://www.ryanelectronics.com/products/m2275911/,M22759_11-28-92/M22759_11-28-92-rev1
M22759_11-28-93,M22759/11-28-93,1,11,28,93,white/orange,MIL-DTL-22759/11,PTFE,"extruded PTFE, medium weight",medium,silver,copper,silver-coated copper,7x36,0.0150,0.033,0.0090,1.36,63.8,200,600,RC,https://www.ryanelectronics.com/products/m2275911/,M22759_11-28-93/M22759_11-28-93-rev1
M22759_11-28-94,M22759/11-28-94,1,11,28,94,white/yellow,MIL-DTL-22759/11,PTFE,"extruded PTFE, medium weight",medium,silver,copper,silver-coated copper,7x36,0.0150,0.033,0.0090,1.36,63.8,200,600,RC,https://www.ryanelectronics.com/products/m2275911/,M22759_11-28-94/M22759_11-28-94-rev1
M22759_11-28-95,M22759/11-28-95,1,11,28,95,white/green,MIL-DTL-22759/11,PTFE,"extruded PTFE, medium weight",medium,silver,copper,silver-coated copper,7x36,0.0150,0.033,0.0090,1.36,63.8,200,600,RC,https://www.ryanelectronics.com/products/m2275911/,M22759_11-28-95/M22759_11-28-95-rev1
M22759_11-28-96,M22759/11-28-96,1,11,28,96,white/blue,MIL-DTL-22759/11,PTFE,"extruded PTFE, medium weight",medium,silver,copper,silver-coated copper,7x36,0.0150,0.033,0.0090,1.36,63.8,200,600,RC,https://www.ryanelectronics.com/products/m2275911/,M22759_11-28-96/M22759_11-28-96-rev1
M22759_11-28-97,M22759/11-28-97,1,11,28,97,white/violet,MIL-DTL-22759/11,PTFE,"extruded PTFE, medium weight",medium,silver,copper,silver-coated copper,7x36,0.0150,0.033,0.0090,1.36,63.8,200,600,RC,https://www.ryanelectronics.com/products/m2275911/,M22759_11-28-97/M22759_11-28-97-rev1
M22759_11-28-98,M22759/11-28-98,1,11,28,98,white/gray,MIL-DTL-22759/11,PTFE,"extruded PTFE, medium weight",medium,silver,copper,silver-coated copper,7x36,0.0150,0.033,0.0090,1.36,63.8,200,600,RC,https://www.ryanelectronics.com/products/m2275911/,M22759_11-28-98/M22759_11-28-98-rev1
M22759_11-8-0,M22759/11-8-0,1,11,8,0,black,MIL-DTL-22759/11,PTFE,"extruded PTFE, medium weight",medium,silver,copper,silver-coated copper,133x29,0.1655,0.202,0.0183,65.5,0.658,200,600,RC,https://www.ryanelectronics.com/products/m2275911/,M22759_11-8-0/M22759_11-8-0-rev1
M22759_11-8-1,M22759/11-8-1,1,11,8,1,brown,MIL-DTL-22759/11,PTFE,"extruded PTFE, medium weight",medium,silver,copper,silver-coated copper,133x29,0.1655,0.202,0.0183,65.5,0.658,200,600,RC,https://www.ryanelectronics.com/products/m2275911/,M22759_11-8-1/M22759_11-8-1-rev1
M22759_11-8-2,M22759/11-8-2,1,11,8,2,red,MIL-DTL-22759/11,PTFE,"extruded PTFE, medium weight",medium,silver,copper,silver-coated copper,133x29,0.1655,0.202,0.0183,65.5,0.658,200,600,RC,https://www.ryanelectronics.com/products/m2275911/,M22759_11-8-2/M22759_11-8-2-rev1
M22759_11-8-3,M22759/11-8-3,1,11,8,3,orange,MIL-DTL-22759/11,PTFE,"extruded PTFE, medium weight",medium,silver,copper,silver-coated copper,133x29,0.1655,0.202,0.0183,65.5,0.658,200,600,RC,https://www.ryanelectronics.com/products/m2275911/,M22759_11-8-3/M22759_11-8-3-rev1
M22759_11-8-4,M22759/11-8-4,1,11,8,4,yellow,MIL-DTL-22759/11,PTFE,"extruded PTFE, medium weight",medium,silver,copper,silver-coated copper,133x29,0.1655,0.202,0.0183,65.5,0.658,200,600,RC,https://www.ryanelectronics.com/products/m2275911/,M22759_11-8-4/M22759_11-8-4-rev1
M22759_11-8-5,M22759/11-8-5,1,11,8,5,green,MIL-DTL-22759/11,PTFE,"extruded PTFE, medium weight",medium,silver,copper,silver-coated copper,133x29,0.1655,0.202,0.0183,65.5,0.658,200,600,RC,https://www.ryanelectronics.com/products/m2275911/,M22759_11-8-5/M22759_11-8-5-rev1
M22759_11-8-6,M22759/11-8-6,1,11,8,6,blue,MIL-DTL-22759/11,PTFE,"extruded PTFE, medium weight",medium,silver,copper,silver-coated copper,133x29,0.1655,0.202,0.0183,65.5,0.658,200,600,RC,https://www.ryanelectronics.com/products/m2275911/,M22759_11-8-6/M22759_11-8-6-rev1
M22759_11-8-7,M22759/11-8-7,1,11,8,7,violet,MIL-DTL-22759/11,PTFE,"extruded PTFE, medium weight",medium,silver,copper,silver-coated copper,133x29,0.1655,0.202,0.0183,65.5,0.658,200,600,RC,https://www.ryanelectronics.com/products/m2275911/,M22759_11-8-7/M22759_11-8-7-rev1
M22759_11-8-8,M22759/11-8-8,1,11,8,8,gray,MIL-DTL-22759/11,PTFE,"extruded PTFE, medium weight",medium,silver,copper,silver-coated copper,133x29,0.1655,0.202,0.0183,65.5,0.658,200,600,RC,https://www.ryanelectronics.com/products/m2275911/,M22759_11-8-8/M22759_11-8-8-rev1
M22759_11-8-9,M22759/11-8-9,1,11,8,9,white,MIL-DTL-22759/11,PTFE,"extruded PTFE, medium weight",medium,silver,copper,silver-coated copper,133x29,0.1655,0.202,0.0183,65.5,0.658,200,600,RC,https://www.ryanelectronics.com/products/m2275911/,M22759_11-8-9/M22759_11-8-9-rev1
M22759_11-8-90,M22759/11-8-90,1,11,8,90,white/black,MIL-DTL-22759/11,PTFE,"extruded PTFE, medium weight",medium,silver,copper,silver-coated copper,133x29,0.1655,0.202,0.0183,65.5,0.658,200,600,RC,https://www.ryanelectronics.com/products/m2275911/,M22759_11-8-90/M22759_11-8-90-rev1
M22759_11-8-91,M22759/11-8-91,1,11,8,91,white/brown,MIL-DTL-22759/11,PTFE,"extruded PTFE, medium weight",medium,silver,copper,silver-coated copper,133x29,0.1655,0.202,0.0183,65.5,0.658,200,600,RC,https://www.ryanelectronics.com/products/m2275911/,M22759_11-8-91/M22759_11-8-91-rev1
M22759_11-8-92,M22759/11-8-92,1,11,8,92,white/red,MIL-DTL-22759/11,PTFE,"extruded PTFE, medium weight",medium,silver,copper,silver-coated copper,133x29,0.1655,0.202,0.0183,65.5,0.658,200,600,RC,https://www.ryanelectronics.com/products/m2275911/,M22759_11-8-92/M22759_11-8-92-rev1
M22759_11-8-93,M22759/11-8-93,1,11,8,93,white/orange,MIL-DTL-22759/11,PTFE,"extruded PTFE, medium weight",medium,silver,copper,silver-coated copper,133x29,0.1655,0.202,0.0183,65.5,0.658,200,600,RC,https://www.ryanelectronics.com/products/m2275911/,M22759_11-8-93/M22759_11-8-93-rev1
M22759_11-8-94,M22759/11-8-94,1,11,8,94,white/yellow,MIL-DTL-22759/11,PTFE,"extruded PTFE, medium weight",medium,silver,copper,silver-coated copper,133x29,0.1655,0.202,0.0183,65.5,0.658,200,600,RC,https://www.ryanelectronics.com/products/m2275911/,M22759_11-8-94/M22759_11-8-94-rev1
M22759_11-8-95,M22759/11-8-95,1,11,8,95,white/green,MIL-DTL-22759/11,PTFE,"extruded PTFE, medium weight",medium,silver,copper,silver-coated copper,133x29,0.1655,0.202,0.0183,65.5,0.658,200,600,RC,https://www.ryanelectronics.com/products/m2275911/,M22759_11-8-95/M22759_11-8-95-rev1
M22759_11-8-96,M22759/11-8-96,1,11,8,96,white/blue,MIL-DTL-22759/11,PTFE,"extruded PTFE, medium weight",medium,silver,copper,silver-coated copper,133x29,0.1655,0.202,0.0183,65.5,0.658,200,600,RC,https://www.ryanelectronics.com/products/m2275911/,M22759_11-8-96/M22759_11-8-96-rev1
M22759_11-8-97,M22759/11-8-97,1,11,8,97,white/violet,MIL-DTL-22759/11,PTFE,"extruded PTFE, medium weight",medium,silver,copper,silver-coated copper,133x29,0.1655,0.202,0.0183,65.5,0.658,200,600,RC,https://www.ryanelectronics.com/products/m2275911/,M22759_11-8-97/M22759_11-8-97-rev1
M22759_11-8-98,M22759/11-8-98,1,11,8,98,white/gray,MIL-DTL-22759/11,PTFE,"extruded PTFE, medium weight",medium,silver,copper,silver-coated copper,133x29,0.1655,0.202,0.0183,65.5,0.658,200,600,RC,https://www.ryanelectronics.com/products/m2275911/,M22759_11-8-98/M22759_11-8-98-rev1
M22759_16-10-0,M22759/16-10-0,1,16,10,0,black,MIL-DTL-22759/16,ETFE,"extruded ETFE, medium wall",medium,tin,copper,tin-coated copper,37x26,0.1095,0.139,0.0148,35.1,1.26,150,600,TE,https://cdn.glenair.com/wire-and-cable/pdf/b/m22759-16.pdf,M22759_16-10-0/M22759_16-10-0-rev1
M22759_16-10-1,M22759/16-10-1,1,16,10,1,brown,MIL-DTL-22759/16,ETFE,"extruded ETFE, medium wall",medium,tin,copper,tin-coated copper,37x26,0.1095,0.139,0.0148,35.1,1.26,150,600,TE,https://cdn.glenair.com/wire-and-cable/pdf/b/m22759-16.pdf,M22759_16-10-1/M22759_16-10-1-rev1
M22759_16-10-2,M22759/16-10-2,1,16,10,2,red,MIL-DTL-22759/16,ETFE,"extruded ETFE, medium wall",medium,tin,copper,tin-coated copper,37x26,0.1095,0.139,0.0148,35.1,1.26,150,600,TE,https://cdn.glenair.com/wire-and-cable/pdf/b/m22759-16.pdf,M22759_16-10-2/M22759_16-10-2-rev1
M22759_16-10-3,M22759/16-10-3,1,16,10,3,orange,MIL-DTL-22759/16,ETFE,"extruded ETFE, medium wall",medium,tin,copper,tin-coated copper,37x26,0.1095,0.139,0.0148,35.1,1.26,150,600,TE,https://cdn.glenair.com/wire-and-cable/pdf/b/m22759-16.pdf,M22759_16-10-3/M22759_16-10-3-rev1
M22759_16-10-4,M22759/16-10-4,1,16,10,4,yellow,MIL-DTL-22759/16,ETFE,"extruded ETFE, medium wall",medium,tin,copper,tin-coated copper,37x26,0.1095,0.139,0.0148,35.1,1.26,150,600,TE,https://cdn.glenair.com/wire-and-cable/pdf/b/m22759-16.pdf,M22759_16-10-4/M22759_16-10-4-rev1
M22759_16-10-5,M22759/16-10-5,1,16,10,5,green,MIL-DTL-22759/16,ETFE,"extruded ETFE, medium wall",medium,tin,copper,tin-coated copper,37x26,0.1095,0.139,0.0148,35.1,1.26,150,600,TE,https://cdn.glenair.com/wire-and-cable/pdf/b/m22759-16.pdf,M22759_16-10-5/M22759_16-10-5-rev1
M22759_16-10-6,M22759/16-10-6,1,16,10,6,blue,MIL-DTL-22759/16,ETFE,"extruded ETFE, medium wall",medium,tin,copper,tin-coated copper,37x26,0.1095,0.139,0.0148,35.1,1.26,150,600,TE,https://cdn.glenair.com/wire-and-cable/pdf/b/m22759-16.pdf,M22759_16-10-6/M22759_16-10-6-rev1
M22759_16-10-7,M22759/16-10-7,1,16,10,7,violet,MIL-DTL-22759/16,ETFE,"extruded ETFE, medium wall",medium,tin,copper,tin-coated copper,37x26,0.1095,0.139,0.0148,35.1,1.26,150,600,TE,https://cdn.glenair.com/wire-and-cable/pdf/b/m22759-16.pdf,M22759_16-10-7/M22759_16-10-7-rev1
M22759_16-10-8,M22759/16-10-8,1,16,10,8,gray,MIL-DTL-22759/16,ETFE,"extruded ETFE, medium wall",medium,tin,copper,tin-coated copper,37x26,0.1095,0.139,0.0148,35.1,1.26,150,600,TE,https://cdn.glenair.com/wire-and-cable/pdf/b/m22759-16.pdf,M22759_16-10-8/M22759_16-10-8-rev1
M22759_16-10-9,M22759/16-10-9,1,16,10,9,white,MIL-DTL-22759/16,ETFE,"extruded ETFE, medium wall",medium,tin,copper,tin-coated copper,37x26,0.1095,0.139,0.0148,35.1,1.26,150,600,TE,https://cdn.glenair.com/wire-and-cable/pdf/b/m22759-16.pdf,M22759_16-10-9/M22759_16-10-9-rev1
M22759_16-10-90,M22759/16-10-90,1,16,10,90,white/black,MIL-DTL-22759/16,ETFE,"extruded ETFE, medium wall",medium,tin,copper,tin-coated copper,37x26,0.1095,0.139,0.0148,35.1,1.26,150,600,TE,https://cdn.glenair.com/wire-and-cable/pdf/b/m22759-16.pdf,M22759_16-10-90/M22759_16-10-90-rev1
M22759_16-10-91,M22759/16-10-91,1,16,10,91,white/brown,MIL-DTL-22759/16,ETFE,"extruded ETFE, medium wall",medium,tin,copper,tin-coated copper,37x26,0.1095,0.139,0.0148,35.1,1.26,150,600,TE,https://cdn.glenair.com/wire-and-cable/pdf/b/m22759-16.pdf,M22759_16-10-91/M22759_16-10-91-rev1
M22759_16-10-92,M22759/16-10-92,1,16,10,92,white/red,MIL-DTL-22759/16,ETFE,"extruded ETFE, medium wall",medium,tin,copper,tin-coated copper,37x26,0.1095,0.139,0.0148,35.1,1.26,150,600,TE,https://cdn.glenair.com/wire-and-cable/pdf/b/m22759-16.pdf,M22759_16-10-92/M22759_16-10-92-rev1
M22759_16-10-93,M22759/16-10-93,1,16,10,93,white/orange,MIL-DTL-22759/16,ETFE,"extruded ETFE, medium wall",medium,tin,copper,tin-coated copper,37x26,0.1095,0.139,0.0148,35.1,1.26,150,600,TE,https://cdn.glenair.com/wire-and-cable/pdf/b/m22759-16.pdf,M22759_16-10-93/M22759_16-10-93-rev1
M22759_16-10-94,M22759/16-10-94,1,16,10,94,white/yellow,MIL-DTL-22759/16,ETFE,"extruded ETFE, medium wall",medium,tin,copper,tin-coated copper,37x26,0.1095,0.139,0.0148,35.1,1.26,150,600,TE,https://cdn.glenair.com/wire-and-cable/pdf/b/m22759-16.pdf,M22759_16-10-94/M22759_16-10-94-rev1
M22759_16-10-95,M22759/16-10-95,1,16,10,95,white/green,MIL-DTL-22759/16,ETFE,"extruded ETFE, medium wall",medium,tin,copper,tin-coated copper,37x26,0.1095,0.139,0.0148,35.1,1.26,150,600,TE,https://cdn.glenair.com/wire-and-cable/pdf/b/m22759-16.pdf,M22759_16-10-95/M22759_16-10-95-rev1
M22759_16-10-96,M22759/16-10-96,1,16,10,96,white/blue,MIL-DTL-22759/16,ETFE,"extruded ETFE, medium wall",medium,tin,copper,tin-coated copper,37x26,0.1095,0.139,0.0148,35.1,1.26,150,600,TE,https://cdn.glenair.com/wire-and-cable/pdf/b/m22759-16.pdf,M22759_16-10-96/M22759_16-10-96-rev1
M22759_16-10-97,M22759/16-10-97,1,16,10,97,white/violet,MIL-DTL-22759/16,ETFE,"extruded ETFE, medium wall",medium,tin,copper,tin-coated copper,37x26,0.1095,0.139,0.0148,35.1,1.26,150,600,TE,https://cdn.glenair.com/wire-and-cable/pdf/b/m22759-16.pdf,M22759_16-10-97/M22759_16-10-97-rev1
M22759_16-10-98,M22759/16-10-98,1,16,10,98,white/gray,MIL-DTL-22759/16,ETFE,"extruded ETFE, medium wall",medium,tin,copper,tin-coated copper,37x26,0.1095,0.139,0.0148,35.1,1.26,150,600,TE,https://cdn.glenair.com/wire-and-cable/pdf/b/m22759-16.pdf,M22759_16-10-98/M22759_16-10-98-rev1
M22759_16-12-0,M22759/16-12-0,1,16,12,0,black,MIL-DTL-22759/16,ETFE,"extruded ETFE, medium wall",medium,tin,copper,tin-coated copper,37x28,0.0865,0.114,0.0138,22.6,2.02,150,600,TE,https://cdn.glenair.com/wire-and-cable/pdf/b/m22759-16.pdf,M22759_16-12-0/M22759_16-12-0-rev1
M22759_16-12-1,M22759/16-12-1,1,16,12,1,brown,MIL-DTL-22759/16,ETFE,"extruded ETFE, medium wall",medium,tin,copper,tin-coated copper,37x28,0.0865,0.114,0.0138,22.6,2.02,150,600,TE,https://cdn.glenair.com/wire-and-cable/pdf/b/m22759-16.pdf,M22759_16-12-1/M22759_16-12-1-rev1
M22759_16-12-2,M22759/16-12-2,1,16,12,2,red,MIL-DTL-22759/16,ETFE,"extruded ETFE, medium wall",medium,tin,copper,tin-coated copper,37x28,0.0865,0.114,0.0138,22.6,2.02,150,600,TE,https://cdn.glenair.com/wire-and-cable/pdf/b/m22759-16.pdf,M22759_16-12-2/M22759_16-12-2-rev1
M22759_16-12-3,M22759/16-12-3,1,16,12,3,orange,MIL-DTL-22759/16,ETFE,"extruded ETFE, medium wall",medium,tin,copper,tin-coated copper,37x28,0.0865,0.114,0.0138,22.6,2.02,150,600,TE,https://cdn.glenair.com/wire-and-cable/pdf/b/m22759-16.pdf,M22759_16-12-3/M22759_16-12-3-rev1
M22759_16-12-4,M22759/16-12-4,1,16,12,4,yellow,MIL-DTL-22759/16,ETFE,"extruded ETFE, medium wall",medium,tin,copper,tin-coated copper,37x28,0.0865,0.114,0.0138,22.6,2.02,150,600,TE,https://cdn.glenair.com/wire-and-cable/pdf/b/m22759-16.pdf,M22759_16-12-4/M22759_16-12-4-rev1
M22759_16-12-5,M22759/16-12-5,1,16,12,5,green,MIL-DTL-22759/16,ETFE,"extruded ETFE, medium wall",medium,tin,copper,tin-coated copper,37x28,0.0865,0.114,0.0138,22.6,2.02,150,600,TE,https://cdn.glenair.com/wire-and-cable/pdf/b/m22759-16.pdf,M22759_16-12-5/M22759_16-12-5-rev1
M22759_16-12-6,M22759/16-12-6,1,16,12,6,blue,MIL-DTL-22759/16,ETFE,"extruded ETFE, medium wall",medium,tin,copper,tin-coated copper,37x28,0.0865,0.114,0.0138,22.6,2.02,150,600,TE,https://cdn.glenair.com/wire-and-cable/pdf/b/m22759-16.pdf,M22759_16-12-6/M22759_16-12-6-rev1
M22759_16-12-7,M22759/16-12-7,1,16,12,7,violet,MIL-DTL-22759/16,ETFE,"extruded ETFE, medium wall",medium,tin,copper,tin-coated copper,37x28,0.0865,0.114,0.0138,22.6,2.02,150,600,TE,https://cdn.glenair.com/wire-and-cable/pdf/b/m22759-16.pdf,M22759_16-12-7/M22759_16-12-7-rev1
M22759_16-12-8,M22759/16-12-8,1,16,12,8,gray,MIL-DTL-22759/16,ETFE,"extruded ETFE, medium wall",medium,tin,copper,tin-coated copper,37x28,0.0865,0.114,0.0138,22.6,2.02,150,600,TE,https://cdn.glenair.com/wire-and-cable/pdf/b/m22759-16.pdf,M22759_16-12-8/M22759_16-12-8-rev1
M22759_16-12-9,M22759/16-12-9,1,16,12,9,white,MIL-DTL-22759/16,ETFE,"extruded ETFE, medium wall",medium,tin,copper,tin-coated copper,37x28,0.0865,0.114,0.0138,22.6,2.02,150,600,TE,https://cdn.glenair.com/wire-and-cable/pdf/b/m22759-16.pdf,M22759_16-12-9/M22759_16-12-9-rev1
M22759_16-12-90,M22759/16-12-90,1,16,12,90,white/black,MIL-DTL-22759/16,ETFE,"extruded ETFE, medium wall",medium,tin,copper,tin-coated copper,37x28,0.0865,0.114,0.0138,22.6,2.02,150,600,TE,https://cdn.glenair.com/wire-and-cable/pdf/b/m22759-16.pdf,M22759_16-12-90/M22759_16-12-90-rev1
M22759_16-12-91,M22759/16-12-91,1,16,12,91,white/brown,MIL-DTL-22759/16,ETFE,"extruded ETFE, medium wall",medium,tin,copper,tin-coated copper,37x28,0.0865,0.114,0.0138,22.6,2.02,150,600,TE,https://cdn.glenair.com/wire-and-cable/pdf/b/m22759-16.pdf,M22759_16-12-91/M22759_16-12-91-rev1
M22759_16-12-92,M22759/16-12-92,1,16,12,92,white/red,MIL-DTL-22759/16,ETFE,"extruded ETFE, medium wall",medium,tin,copper,tin-coated copper,37x28,0.0865,0.114,0.0138,22.6,2.02,150,600,TE,https://cdn.glenair.com/wire-and-cable/pdf/b/m22759-16.pdf,M22759_16-12-92/M22759_16-12-92-rev1
M22759_16-12-93,M22759/16-12-93,1,16,12,93,white/orange,MIL-DTL-22759/16,ETFE,"extruded ETFE, medium wall",medium,tin,copper,tin-coated copper,37x28,0.0865,0.114,0.0138,22.6,2.02,150,600,TE,https://cdn.glenair.com/wire-and-cable/pdf/b/m22759-16.pdf,M22759_16-12-93/M22759_16-12-93-rev1
M22759_16-12-94,M22759/16-12-94,1,16,12,94,white/yellow,MIL-DTL-22759/16,ETFE,"extruded ETFE, medium wall",medium,tin,copper,tin-coated copper,37x28,0.0865,0.114,0.0138,22.6,2.02,150,600,TE,https://cdn.glenair.com/wire-and-cable/pdf/b/m22759-16.pdf,M22759_16-12-94/M22759_16-12-94-rev1
M22759_16-12-95,M22759/16-12-95,1,16,12,95,white/green,MIL-DTL-22759/16,ETFE,"extruded ETFE, medium wall",medium,tin,copper,tin-coated copper,37x28,0.0865,0.114,0.0138,22.6,2.02,150,600,TE,https://cdn.glenair.com/wire-and-cable/pdf/b/m22759-16.pdf,M22759_16-12-95/M22759_16-12-95-rev1
M22759_16-12-96,M22759/16-12-96,1,16,12,96,white/blue,MIL-DTL-22759/16,ETFE,"extruded ETFE, medium wall",medium,tin,copper,tin-coated copper,37x28,0.0865,0.114,0.0138,22.6,2.02,150,600,TE,https://cdn.glenair.com/wire-and-cable/pdf/b/m22759-16.pdf,M22759_16-12-96/M22759_16-12-96-rev1
M22759_16-12-97,M22759/16-12-97,1,16,12,97,white/violet,MIL-DTL-22759/16,ETFE,"extruded ETFE, medium wall",medium,tin,copper,tin-coated copper,37x28,0.0865,0.114,0.0138,22.6,2.02,150,600,TE,https://cdn.glenair.com/wire-and-cable/pdf/b/m22759-16.pdf,M22759_16-12-97/M22759_16-12-97-rev1
M22759_16-12-98,M22759/16-12-98,1,16,12,98,white/gray,MIL-DTL-22759/16,ETFE,"extruded ETFE, medium wall",medium,tin,copper,tin-coated copper,37x28,0.0865,0.114,0.0138,22.6,2.02,150,600,TE,https://cdn.glenair.com/wire-and-cable/pdf/b/m22759-16.pdf,M22759_16-12-98/M22759_16-12-98-rev1
M22759_16-14-0,M22759/16-14-0,1,16,14,0,black,MIL-DTL-22759/16,ETFE,"extruded ETFE, medium wall",medium,tin,copper,tin-coated copper,19x27,0.0670,0.093,0.0130,14.9,3.06,150,600,TE,https://cdn.glenair.com/wire-and-cable/pdf/b/m22759-16.pdf,M22759_16-14-0/M22759_16-14-0-rev1
M22759_16-14-1,M22759/16-14-1,1,16,14,1,brown,MIL-DTL-22759/16,ETFE,"extruded ETFE, medium wall",medium,tin,copper,tin-coated copper,19x27,0.0670,0.093,0.0130,14.9,3.06,150,600,TE,https://cdn.glenair.com/wire-and-cable/pdf/b/m22759-16.pdf,M22759_16-14-1/M22759_16-14-1-rev1
M22759_16-14-2,M22759/16-14-2,1,16,14,2,red,MIL-DTL-22759/16,ETFE,"extruded ETFE, medium wall",medium,tin,copper,tin-coated copper,19x27,0.0670,0.093,0.0130,14.9,3.06,150,600,TE,https://cdn.glenair.com/wire-and-cable/pdf/b/m22759-16.pdf,M22759_16-14-2/M22759_16-14-2-rev1
M22759_16-14-3,M22759/16-14-3,1,16,14,3,orange,MIL-DTL-22759/16,ETFE,"extruded ETFE, medium wall",medium,tin,copper,tin-coated copper,19x27,0.0670,0.093,0.0130,14.9,3.06,150,600,TE,https://cdn.glenair.com/wire-and-cable/pdf/b/m22759-16.pdf,M22759_16-14-3/M22759_16-14-3-rev1
M22759_16-14-4,M22759/16-14-4,1,16,14,4,yellow,MIL-DTL-22759/16,ETFE,"extruded ETFE, medium wall",medium,tin,copper,tin-coated copper,19x27,0.0670,0.093,0.0130,14.9,3.06,150,600,TE,https://cdn.glenair.com/wire-and-cable/pdf/b/m22759-16.pdf,M22759_16-14-4/M22759_16-14-4-rev1
M22759_16-14-5,M22759/16-14-5,1,16,14,5,green,MIL-DTL-22759/16,ETFE,"extruded ETFE, medium wall",medium,tin,copper,tin-coated copper,19x27,0.0670,0.093,0.0130,14.9,3.06,150,600,TE,https://cdn.glenair.com/wire-and-cable/pdf/b/m22759-16.pdf,M22759_16-14-5/M22759_16-14-5-rev1
M22759_16-14-6,M22759/16-14-6,1,16,14,6,blue,MIL-DTL-22759/16,ETFE,"extruded ETFE, medium wall",medium,tin,copper,tin-coated copper,19x27,0.0670,0.093,0.0130,14.9,3.06,150,600,TE,https://cdn.glenair.com/wire-and-cable/pdf/b/m22759-16.pdf,M22759_16-14-6/M22759_16-14-6-rev1
M22759_16-14-7,M22759/16-14-7,1,16,14,7,violet,MIL-DTL-22759/16,ETFE,"extruded ETFE, medium wall",medium,tin,copper,tin-coated copper,19x27,0.0670,0.093,0.0130,14.9,3.06,150,600,TE,https://cdn.glenair.com/wire-and-cable/pdf/b/m22759-16.pdf,M22759_16-14-7/M22759_16-14-7-rev1
M22759_16-14-8,M22759/16-14-8,1,16,14,8,gray,MIL-DTL-22759/16,ETFE,"extruded ETFE, medium wall",medium,tin,copper,tin-coated copper,19x27,0.0670,0.093,0.0130,14.9,3.06,150,600,TE,https://cdn.glenair.com/wire-and-cable/pdf/b/m22759-16.pdf,M22759_16-14-8/M22759_16-14-8-rev1
M22759_16-14-9,M22759/16-14-9,1,16,14,9,white,MIL-DTL-22759/16,ETFE,"extruded ETFE, medium wall",medium,tin,copper,tin-coated copper,19x27,0.0670,0.093,0.0130,14.9,3.06,150,600,TE,https://cdn.glenair.com/wire-and-cable/pdf/b/m22759-16.pdf,M22759_16-14-9/M22759_16-14-9-rev1
M22759_16-14-90,M22759/16-14-90,1,16,14,90,white/black,MIL-DTL-22759/16,ETFE,"extruded ETFE, medium wall",medium,tin,copper,tin-coated copper,19x27,0.0670,0.093,0.0130,14.9,3.06,150,600,TE,https://cdn.glenair.com/wire-and-cable/pdf/b/m22759-16.pdf,M22759_16-14-90/M22759_16-14-90-rev1
M22759_16-14-91,M22759/16-14-91,1,16,14,91,white/brown,MIL-DTL-22759/16,ETFE,"extruded ETFE, medium wall",medium,tin,copper,tin-coated copper,19x27,0.0670,0.093,0.0130,14.9,3.06,150,600,TE,https://cdn.glenair.com/wire-and-cable/pdf/b/m22759-16.pdf,M22759_16-14-91/M22759_16-14-91-rev1
M22759_16-14-92,M22759/16-14-92,1,16,14,92,white/red,MIL-DTL-22759/16,ETFE,"extruded ETFE, medium wall",medium,tin,copper,tin-coated copper,19x27,0.0670,0.093,0.0130,14.9,3.06,150,600,TE,https://cdn.glenair.com/wire-and-cable/pdf/b/m22759-16.pdf,M22759_16-14-92/M22759_16-14-92-rev1
M22759_16-14-93,M22759/16-14-93,1,16,14,93,white/orange,MIL-DTL-22759/16,ETFE,"extruded ETFE, medium wall",medium,tin,copper,tin-coated copper,19x27,0.0670,0.093,0.0130,14.9,3.06,150,600,TE,https://cdn.glenair.com/wire-and-cable/pdf/b/m22759-16.pdf,M22759_16-14-93/M22759_16-14-93-rev1
M22759_16-14-94,M22759/16-14-94,1,16,14,94,white/yellow,MIL-DTL-22759/16,ETFE,"extruded ETFE, medium wall",medium,tin,copper,tin-coated copper,19x27,0.0670,0.093,0.0130,14.9,3.06,150,600,TE,https://cdn.glenair.com/wire-and-cable/pdf/b/m22759-16.pdf,M22759_16-14-94/M22759_16-14-94-rev1
M22759_16-14-95,M22759/16-14-95,1,16,14,95,white/green,MIL-DTL-22759/16,ETFE,"extruded ETFE, medium wall",medium,tin,copper,tin-coated copper,19x27,0.0670,0.093,0.0130,14.9,3.06,150,600,TE,https://cdn.glenair.com/wire-and-cable/pdf/b/m22759-16.pdf,M22759_16-14-95/M22759_16-14-95-rev1
M22759_16-14-96,M22759/16-14-96,1,16,14,96,white/blue,MIL-DTL-22759/16,ETFE,"extruded ETFE, medium wall",medium,tin,copper,tin-coated copper,19x27,0.0670,0.093,0.0130,14.9,3.06,150,600,TE,https://cdn.glenair.com/wire-and-cable/pdf/b/m22759-16.pdf,M22759_16-14-96/M22759_16-14-96-rev1
M22759_16-14-97,M22759/16-14-97,1,16,14,97,white/violet,MIL-DTL-22759/16,ETFE,"extruded ETFE, medium wall",medium,tin,copper,tin-coated copper,19x27,0.0670,0.093,0.0130,14.9,3.06,150,600,TE,https://cdn.glenair.com/wire-and-cable/pdf/b/m22759-16.pdf,M22759_16-14-97/M22759_16-14-97-rev1
M22759_16-14-98,M22759/16-14-98,1,16,14,98,white/gray,MIL-DTL-22759/16,ETFE,"extruded ETFE, medium wall",medium,tin,copper,tin-coated copper,19x27,0.0670,0.093,0.0130,14.9,3.06,150,600,TE,https://cdn.glenair.com/wire-and-cable/pdf/b/m22759-16.pdf,M22759_16-14-98/M22759_16-14-98-rev1
M22759_16-16-0,M22759/16-16-0,1,16,16,0,black,MIL-DTL-22759/16,ETFE,"extruded ETFE, medium wall",medium,tin,copper,tin-coated copper,19x29,0.0535,0.079,0.0128,9.95,4.81,150,600,TE,https://cdn.glenair.com/wire-and-cable/pdf/b/m22759-16.pdf,M22759_16-16-0/M22759_16-16-0-rev1
M22759_16-16-1,M22759/16-16-1,1,16,16,1,brown,MIL-DTL-22759/16,ETFE,"extruded ETFE, medium wall",medium,tin,copper,tin-coated copper,19x29,0.0535,0.079,0.0128,9.95,4.81,150,600,TE,https://cdn.glenair.com/wire-and-cable/pdf/b/m22759-16.pdf,M22759_16-16-1/M22759_16-16-1-rev1
M22759_16-16-2,M22759/16-16-2,1,16,16,2,red,MIL-DTL-22759/16,ETFE,"extruded ETFE, medium wall",medium,tin,copper,tin-coated copper,19x29,0.0535,0.079,0.0128,9.95,4.81,150,600,TE,https://cdn.glenair.com/wire-and-cable/pdf/b/m22759-16.pdf,M22759_16-16-2/M22759_16-16-2-rev1
M22759_16-16-3,M22759/16-16-3,1,16,16,3,orange,MIL-DTL-22759/16,ETFE,"extruded ETFE, medium wall",medium,tin,copper,tin-coated copper,19x29,0.0535,0.079,0.0128,9.95,4.81,150,600,TE,https://cdn.glenair.com/wire-and-cable/pdf/b/m22759-16.pdf,M22759_16-16-3/M22759_16-16-3-rev1
M22759_16-16-4,M22759/16-16-4,1,16,16,4,yellow,MIL-DTL-22759/16,ETFE,"extruded ETFE, medium wall",medium,tin,copper,tin-coated copper,19x29,0.0535,0.079,0.0128,9.95,4.81,150,600,TE,https://cdn.glenair.com/wire-and-cable/pdf/b/m22759-16.pdf,M22759_16-16-4/M22759_16-16-4-rev1
M22759_16-16-5,M22759/16-16-5,1,16,16,5,green,MIL-DTL-22759/16,ETFE,"extruded ETFE, medium wall",medium,tin,copper,tin-coated copper,19x29,0.0535,0.079,0.0128,9.95,4.81,150,600,TE,https://cdn.glenair.com/wire-and-cable/pdf/b/m22759-16.pdf,M22759_16-16-5/M22759_16-16-5-rev1
M22759_16-16-6,M22759/16-16-6,1,16,16,6,blue,MIL-DTL-22759/16,ETFE,"extruded ETFE, medium wall",medium,tin,copper,tin-coated copper,19x29,0.0535,0.079,0.0128,9.95,4.81,150,600,TE,https://cdn.glenair.com/wire-and-cable/pdf/b/m22759-16.pdf,M22759_16-16-6/M22759_16-16-6-rev1
M22759_16-16-7,M22759/16-16-7,1,16,16,7,violet,MIL-DTL-22759/16,ETFE,"extruded ETFE, medium wall",medium,tin,copper,tin-coated copper,19x29,0.0535,0.079,0.0128,9.95,4.81,150,600,TE,https://cdn.glenair.com/wire-and-cable/pdf/b/m22759-16.pdf,M22759_16-16-7/M22759_16-16-7-rev1
M22759_16-16-8,M22759/16-16-8,1,16,16,8,gray,MIL-DTL-22759/16,ETFE,"extruded ETFE, medium wall",medium,tin,copper,tin-coated copper,19x29,0.0535,0.079,0.0128,9.95,4.81,150,600,TE,https://cdn.glenair.com/wire-and-cable/pdf/b/m22759-16.pdf,M22759_16-16-8/M22759_16-16-8-rev1
M22759_16-16-9,M22759/16-16-9,1,16,16,9,white,MIL-DTL-22759/16,ETFE,"extruded ETFE, medium wall",medium,tin,copper,tin-coated copper,19x29,0.0535,0.079,0.0128,9.95,4.81,150,600,TE,https://cdn.glenair.com/wire-and-cable/pdf/b/m22759-16.pdf,M22759_16-16-9/M22759_16-16-9-rev1
M22759_16-16-90,M22759/16-16-90,1,16,16,90,white/black,MIL-DTL-22759/16,ETFE,"extruded ETFE, medium wall",medium,tin,copper,tin-coated copper,19x29,0.0535,0.079,0.0128,9.95,4.81,150,600,TE,https://cdn.glenair.com/wire-and-cable/pdf/b/m22759-16.pdf,M22759_16-16-90/M22759_16-16-90-rev1
M22759_16-16-91,M22759/16-16-91,1,16,16,91,white/brown,MIL-DTL-22759/16,ETFE,"extruded ETFE, medium wall",medium,tin,copper,tin-coated copper,19x29,0.0535,0.079,0.0128,9.95,4.81,150,600,TE,https://cdn.glenair.com/wire-and-cable/pdf/b/m22759-16.pdf,M22759_16-16-91/M22759_16-16-91-rev1
M22759_16-16-92,M22759/16-16-92,1,16,16,92,white/red,MIL-DTL-22759/16,ETFE,"extruded ETFE, medium wall",medium,tin,copper,tin-coated copper,19x29,0.0535,0.079,0.0128,9.95,4.81,150,600,TE,https://cdn.glenair.com/wire-and-cable/pdf/b/m22759-16.pdf,M22759_16-16-92/M22759_16-16-92-rev1
M22759_16-16-93,M22759/16-16-93,1,16,16,93,white/orange,MIL-DTL-22759/16,ETFE,"extruded ETFE, medium wall",medium,tin,copper,tin-coated copper,19x29,0.0535,0.079,0.0128,9.95,4.81,150,600,TE,https://cdn.glenair.com/wire-and-cable/pdf/b/m22759-16.pdf,M22759_16-16-93/M22759_16-16-93-rev1
M22759_16-16-94,M22759/16-16-94,1,16,16,94,white/yellow,MIL-DTL-22759/16,ETFE,"extruded ETFE, medium wall",medium,tin,copper,tin-coated copper,19x29,0.0535,0.079,0.0128,9.95,4.81,150,600,TE,https://cdn.glenair.com/wire-and-cable/pdf/b/m22759-16.pdf,M22759_16-16-94/M22759_16-16-94-rev1
M22759_16-16-95,M22759/16-16-95,1,16,16,95,white/green,MIL-DTL-22759/16,ETFE,"extruded ETFE, medium wall",medium,tin,copper,tin-coated copper,19x29,0.0535,0.079,0.0128,9.95,4.81,150,600,TE,https://cdn.glenair.com/wire-and-cable/pdf/b/m22759-16.pdf,M22759_16-16-95/M22759_16-16-95-rev1
M22759_16-16-96,M22759/16-16-96,1,16,16,96,white/blue,MIL-DTL-22759/16,ETFE,"extruded ETFE, medium wall",medium,tin,copper,tin-coated copper,19x29,0.0535,0.079,0.0128,9.95,4.81,150,600,TE,https://cdn.glenair.com/wire-and-cable/pdf/b/m22759-16.pdf,M22759_16-16-96/M22759_16-16-96-rev1
M22759_16-16-97,M22759/16-16-97,1,16,16,97,white/violet,MIL-DTL-22759/16,ETFE,"extruded ETFE, medium wall",medium,tin,copper,tin-coated copper,19x29,0.0535,0.079,0.0128,9.95,4.81,150,600,TE,https://cdn.glenair.com/wire-and-cable/pdf/b/m22759-16.pdf,M22759_16-16-97/M22759_16-16-97-rev1
M22759_16-16-98,M22759/16-16-98,1,16,16,98,white/gray,MIL-DTL-22759/16,ETFE,"extruded ETFE, medium wall",medium,tin,copper,tin-coated copper,19x29,0.0535,0.079,0.0128,9.95,4.81,150,600,TE,https://cdn.glenair.com/wire-and-cable/pdf/b/m22759-16.pdf,M22759_16-16-98/M22759_16-16-98-rev1
M22759_16-18-0,M22759/16-18-0,1,16,18,0,black,MIL-DTL-22759/16,ETFE,"extruded ETFE, medium wall",medium,tin,copper,tin-coated copper,19x30,0.0475,0.071,0.0117,7.89,6.23,150,600,TE,https://cdn.glenair.com/wire-and-cable/pdf/b/m22759-16.pdf,M22759_16-18-0/M22759_16-18-0-rev1
M22759_16-18-1,M22759/16-18-1,1,16,18,1,brown,MIL-DTL-22759/16,ETFE,"extruded ETFE, medium wall",medium,tin,copper,tin-coated copper,19x30,0.0475,0.071,0.0117,7.89,6.23,150,600,TE,https://cdn.glenair.com/wire-and-cable/pdf/b/m22759-16.pdf,M22759_16-18-1/M22759_16-18-1-rev1
M22759_16-18-2,M22759/16-18-2,1,16,18,2,red,MIL-DTL-22759/16,ETFE,"extruded ETFE, medium wall",medium,tin,copper,tin-coated copper,19x30,0.0475,0.071,0.0117,7.89,6.23,150,600,TE,https://cdn.glenair.com/wire-and-cable/pdf/b/m22759-16.pdf,M22759_16-18-2/M22759_16-18-2-rev1
M22759_16-18-3,M22759/16-18-3,1,16,18,3,orange,MIL-DTL-22759/16,ETFE,"extruded ETFE, medium wall",medium,tin,copper,tin-coated copper,19x30,0.0475,0.071,0.0117,7.89,6.23,150,600,TE,https://cdn.glenair.com/wire-and-cable/pdf/b/m22759-16.pdf,M22759_16-18-3/M22759_16-18-3-rev1
M22759_16-18-4,M22759/16-18-4,1,16,18,4,yellow,MIL-DTL-22759/16,ETFE,"extruded ETFE, medium wall",medium,tin,copper,tin-coated copper,19x30,0.0475,0.071,0.0117,7.89,6.23,150,600,TE,https://cdn.glenair.com/wire-and-cable/pdf/b/m22759-16.pdf,M22759_16-18-4/M22759_16-18-4-rev1
M22759_16-18-5,M22759/16-18-5,1,16,18,5,green,MIL-DTL-22759/16,ETFE,"extruded ETFE, medium wall",medium,tin,copper,tin-coated copper,19x30,0.0475,0.071,0.0117,7.89,6.23,150,600,TE,https://cdn.glenair.com/wire-and-cable/pdf/b/m22759-16.pdf,M22759_16-18-5/M22759_16-18-5-rev1
M22759_16-18-6,M22759/16-18-6,1,16,18,6,blue,MIL-DTL-22759/16,ETFE,"extruded ETFE, medium wall",medium,tin,copper,tin-coated copper,19x30,0.0475,0.071,0.0117,7.89,6.23,150,600,TE,https://cdn.glenair.com/wire-and-cable/pdf/b/m22759-16.pdf,M22759_16-18-6/M22759_16-18-6-rev1
M22759_16-18-7,M22759/16-18-7,1,16,18,7,violet,MIL-DTL-22759/16,ETFE,"extruded ETFE, medium wall",medium,tin,copper,tin-coated copper,19x30,0.0475,0.071,0.0117,7.89,6.23,150,600,TE,https://cdn.glenair.com/wire-and-cable/pdf/b/m22759-16.pdf,M22759_16-18-7/M22759_16-18-7-rev1
M22759_16-18-8,M22759/16-18-8,1,16,18,8,gray,MIL-DTL-22759/16,ETFE,"extruded ETFE, medium wall",medium,tin,copper,tin-coated copper,19x30,0.0475,0.071,0.0117,7.89,6.23,150,600,TE,https://cdn.glenair.com/wire-and-cable/pdf/b/m22759-16.pdf,M22759_16-18-8/M22759_16-18-8-rev1
M22759_16-18-9,M22759/16-18-9,1,16,18,9,white,MIL-DTL-22759/16,ETFE,"extruded ETFE, medium wall",medium,tin,copper,tin-coated copper,19x30,0.0475,0.071,0.0117,7.89,6.23,150,600,TE,https://cdn.glenair.com/wire-and-cable/pdf/b/m22759-16.pdf,M22759_16-18-9/M22759_16-18-9-rev1
M22759_16-18-90,M22759/16-18-90,1,16,18,90,white/black,MIL-DTL-22759/16,ETFE,"extruded ETFE, medium wall",medium,tin,copper,tin-coated copper,19x30,0.0475,0.071,0.0117,7.89,6.23,150,600,TE,https://cdn.glenair.com/wire-and-cable/pdf/b/m22759-16.pdf,M22759_16-18-90/M22759_16-18-90-rev1
M22759_16-18-91,M22759/16-18-91,1,16,18,91,white/brown,MIL-DTL-22759/16,ETFE,"extruded ETFE, medium wall",medium,tin,copper,tin-coated copper,19x30,0.0475,0.071,0.0117,7.89,6.23,150,600,TE,https://cdn.glenair.com/wire-and-cable/pdf/b/m22759-16.pdf,M22759_16-18-91/M22759_16-18-91-rev1
M22759_16-18-92,M22759/16-18-92,1,16,18,92,white/red,MIL-DTL-22759/16,ETFE,"extruded ETFE, medium wall",medium,tin,copper,tin-coated copper,19x30,0.0475,0.071,0.0117,7.89,6.23,150,600,TE,https://cdn.glenair.com/wire-and-cable/pdf/b/m22759-16.pdf,M22759_16-18-92/M22759_16-18-92-rev1
M22759_16-18-93,M22759/16-18-93,1,16,18,93,white/orange,MIL-DTL-22759/16,ETFE,"extruded ETFE, medium wall",medium,tin,copper,tin-coated copper,19x30,0.0475,0.071,0.0117,7.89,6.23,150,600,TE,https://cdn.glenair.com/wire-and-cable/pdf/b/m22759-16.pdf,M22759_16-18-93/M22759_16-18-93-rev1
M22759_16-18-94,M22759/16-18-94,1,16,18,94,white/yellow,MIL-DTL-22759/16,ETFE,"extruded ETFE, medium wall",medium,tin,copper,tin-coated copper,19x30,0.0475,0.071,0.0117,7.89,6.23,150,600,TE,https://cdn.glenair.com/wire-and-cable/pdf/b/m22759-16.pdf,M22759_16-18-94/M22759_16-18-94-rev1
M22759_16-18-95,M22759/16-18-95,1,16,18,95,white/green,MIL-DTL-22759/16,ETFE,"extruded ETFE, medium wall",medium,tin,copper,tin-coated copper,19x30,0.0475,0.071,0.0117,7.89,6.23,150,600,TE,https://cdn.glenair.com/wire-and-cable/pdf/b/m22759-16.pdf,M22759_16-18-95/M22759_16-18-95-rev1
M22759_16-18-96,M22759/16-18-96,1,16,18,96,white/blue,MIL-DTL-22759/16,ETFE,"extruded ETFE, medium wall",medium,tin,copper,tin-coated copper,19x30,0.0475,0.071,0.0117,7.89,6.23,150,600,TE,https://cdn.glenair.com/wire-and-cable/pdf/b/m22759-16.pdf,M22759_16-18-96/M22759_16-18-96-rev1
M22759_16-18-97,M22759/16-18-97,1,16,18,97,white/violet,MIL-DTL-22759/16,ETFE,"extruded ETFE, medium wall",medium,tin,copper,tin-coated copper,19x30,0.0475,0.071,0.0117,7.89,6.23,150,600,TE,https://cdn.glenair.com/wire-and-cable/pdf/b/m22759-16.pdf,M22759_16-18-97/M22759_16-18-97-rev1
M22759_16-18-98,M22759/16-18-98,1,16,18,98,white/gray,MIL-DTL-22759/16,ETFE,"extruded ETFE, medium wall",medium,tin,copper,tin-coated copper,19x30,0.0475,0.071,0.0117,7.89,6.23,150,600,TE,https://cdn.glenair.com/wire-and-cable/pdf/b/m22759-16.pdf,M22759_16-18-98/M22759_16-18-98-rev1
M22759_16-20-0,M22759/16-20-0,1,16,20,0,black,MIL-DTL-22759/16,ETFE,"extruded ETFE, medium wall",medium,tin,copper,tin-coated copper,19x32,0.0380,0.060,0.0110,5.36,9.88,150,600,TE,https://cdn.glenair.com/wire-and-cable/pdf/b/m22759-16.pdf,M22759_16-20-0/M22759_16-20-0-rev1
M22759_16-20-1,M22759/16-20-1,1,16,20,1,brown,MIL-DTL-22759/16,ETFE,"extruded ETFE, medium wall",medium,tin,copper,tin-coated copper,19x32,0.0380,0.060,0.0110,5.36,9.88,150,600,TE,https://cdn.glenair.com/wire-and-cable/pdf/b/m22759-16.pdf,M22759_16-20-1/M22759_16-20-1-rev1
M22759_16-20-2,M22759/16-20-2,1,16,20,2,red,MIL-DTL-22759/16,ETFE,"extruded ETFE, medium wall",medium,tin,copper,tin-coated copper,19x32,0.0380,0.060,0.0110,5.36,9.88,150,600,TE,https://cdn.glenair.com/wire-and-cable/pdf/b/m22759-16.pdf,M22759_16-20-2/M22759_16-20-2-rev1
M22759_16-20-3,M22759/16-20-3,1,16,20,3,orange,MIL-DTL-22759/16,ETFE,"extruded ETFE, medium wall",medium,tin,copper,tin-coated copper,19x32,0.0380,0.060,0.0110,5.36,9.88,150,600,TE,https://cdn.glenair.com/wire-and-cable/pdf/b/m22759-16.pdf,M22759_16-20-3/M22759_16-20-3-rev1
M22759_16-20-4,M22759/16-20-4,1,16,20,4,yellow,MIL-DTL-22759/16,ETFE,"extruded ETFE, medium wall",medium,tin,copper,tin-coated copper,19x32,0.0380,0.060,0.0110,5.36,9.88,150,600,TE,https://cdn.glenair.com/wire-and-cable/pdf/b/m22759-16.pdf,M22759_16-20-4/M22759_16-20-4-rev1
M22759_16-20-5,M22759/16-20-5,1,16,20,5,green,MIL-DTL-22759/16,ETFE,"extruded ETFE, medium wall",medium,tin,copper,tin-coated copper,19x32,0.0380,0.060,0.0110,5.36,9.88,150,600,TE,https://cdn.glenair.com/wire-and-cable/pdf/b/m22759-16.pdf,M22759_16-20-5/M22759_16-20-5-rev1
M22759_16-20-6,M22759/16-20-6,1,16,20,6,blue,MIL-DTL-22759/16,ETFE,"extruded ETFE, medium wall",medium,tin,copper,tin-coated copper,19x32,0.0380,0.060,0.0110,5.36,9.88,150,600,TE,https://cdn.glenair.com/wire-and-cable/pdf/b/m22759-16.pdf,M22759_16-20-6/M22759_16-20-6-rev1
M22759_16-20-7,M22759/16-20-7,1,16,20,7,violet,MIL-DTL-22759/16,ETFE,"extruded ETFE, medium wall",medium,tin,copper,tin-coated copper,19x32,0.0380,0.060,0.0110,5.36,9.88,150,600,TE,https://cdn.glenair.com/wire-and-cable/pdf/b/m22759-16.pdf,M22759_16-20-7/M22759_16-20-7-rev1
M22759_16-20-8,M22759/16-20-8,1,16,20,8,gray,MIL-DTL-22759/16,ETFE,"extruded ETFE, medium wall",medium,tin,copper,tin-coated copper,19x32,0.0380,0.060,0.0110,5.36,9.88,150,600,TE,https://cdn.glenair.com/wire-and-cable/pdf/b/m22759-16.pdf,M22759_16-20-8/M22759_16-20-8-rev1
M22759_16-20-9,M22759/16-20-9,1,16,20,9,white,MIL-DTL-22759/16,ETFE,"extruded ETFE, medium wall",medium,tin,copper,tin-coated copper,19x32,0.0380,0.060,0.0110,5.36,9.88,150,600,TE,https://cdn.glenair.com/wire-and-cable/pdf/b/m22759-16.pdf,M22759_16-20-9/M22759_16-20-9-rev1
M22759_16-20-90,M22759/16-20-90,1,16,20,90,white/black,MIL-DTL-22759/16,ETFE,"extruded ETFE, medium wall",medium,tin,copper,tin-coated copper,19x32,0.0380,0.060,0.0110,5.36,9.88,150,600,TE,https://cdn.glenair.com/wire-and-cable/pdf/b/m22759-16.pdf,M22759_16-20-90/M22759_16-20-90-rev1
M22759_16-20-91,M22759/16-20-91,1,16,20,91,white/brown,MIL-DTL-22759/16,ETFE,"extruded ETFE, medium wall",medium,tin,copper,tin-coated copper,19x32,0.0380,0.060,0.0110,5.36,9.88,150,600,TE,https://cdn.glenair.com/wire-and-cable/pdf/b/m22759-16.pdf,M22759_16-20-91/M22759_16-20-91-rev1
M22759_16-20-92,M22759/16-20-92,1,16,20,92,white/red,MIL-DTL-22759/16,ETFE,"extruded ETFE, medium wall",medium,tin,copper,tin-coated copper,19x32,0.0380,0.060,0.0110,5.36,9.88,150,600,TE,https://cdn.glenair.com/wire-and-cable/pdf/b/m22759-16.pdf,M22759_16-20-92/M22759_16-20-92-rev1
M22759_16-20-93,M22759/16-20-93,1,16,20,93,white/orange,MIL-DTL-22759/16,ETFE,"extruded ETFE, medium wall",medium,tin,copper,tin-coated copper,19x32,0.0380,0.060,0.0110,5.36,9.88,150,600,TE,https://cdn.glenair.com/wire-and-cable/pdf/b/m22759-16.pdf,M22759_16-20-93/M22759_16-20-93-rev1
M22759_16-20-94,M22759/16-20-94,1,16,20,94,white/yellow,MIL-DTL-22759/16,ETFE,"extruded ETFE, medium wall",medium,tin,copper,tin-coated copper,19x32,0.0380,0.060,0.0110,5.36,9.88,150,600,TE,https://cdn.glenair.com/wire-and-cable/pdf/b/m22759-16.pdf,M22759_16-20-94/M22759_16-20-94-rev1
M22759_16-20-95,M22759/16-20-95,1,16,20,95,white/green,MIL-DTL-22759/16,ETFE,"extruded ETFE, medium wall",medium,tin,copper,tin-coated copper,19x32,0.0380,0.060,0.0110,5.36,9.88,150,600,TE,https://cdn.glenair.com/wire-and-cable/pdf/b/m22759-16.pdf,M22759_16-20-95/M22759_16-20-95-rev1
M22759_16-20-96,M22759/16-20-96,1,16,20,96,white/blue,MIL-DTL-22759/16,ETFE,"extruded ETFE, medium wall",medium,tin,copper,tin-coated copper,19x32,0.0380,0.060,0.0110,5.36,9.88,150,600,TE,https://cdn.glenair.com/wire-and-cable/pdf/b/m22759-16.pdf,M22759_16-20-96/M22759_16-20-96-rev1
M22759_16-20-97,M22759/16-20-97,1,16,20,97,white/violet,MIL-DTL-22759/16,ETFE,"extruded ETFE, medium wall",medium,tin,copper,tin-coated copper,19x32,0.0380,0.060,0.0110,5.36,9.88,150,600,TE,https://cdn.glenair.com/wire-and-cable/pdf/b/m22759-16.pdf,M22759_16-20-97/M22759_16-20-97-rev1
M22759_16-20-98,M22759/16-20-98,1,16,20,98,white/gray,MIL-DTL-22759/16,ETFE,"extruded ETFE, medium wall",medium,tin,copper,tin-coated copper,19x32,0.0380,0.060,0.0110,5.36,9.88,150,600,TE,https://cdn.glenair.com/wire-and-cable/pdf/b/m22759-16.pdf,M22759_16-20-98/M22759_16-20-98-rev1
M22759_16-22-0,M22759/16-22-0,1,16,22,0,black,MIL-DTL-22759/16,ETFE,"extruded ETFE, medium wall",medium,tin,copper,tin-coated copper,19x34,0.0300,0.052,0.0110,3.68,16.2,150,600,TE,https://cdn.glenair.com/wire-and-cable/pdf/b/m22759-16.pdf,M22759_16-22-0/M22759_16-22-0-rev1
M22759_16-22-1,M22759/16-22-1,1,16,22,1,brown,MIL-DTL-22759/16,ETFE,"extruded ETFE, medium wall",medium,tin,copper,tin-coated copper,19x34,0.0300,0.052,0.0110,3.68,16.2,150,600,TE,https://cdn.glenair.com/wire-and-cable/pdf/b/m22759-16.pdf,M22759_16-22-1/M22759_16-22-1-rev1
M22759_16-22-2,M22759/16-22-2,1,16,22,2,red,MIL-DTL-22759/16,ETFE,"extruded ETFE, medium wall",medium,tin,copper,tin-coated copper,19x34,0.0300,0.052,0.0110,3.68,16.2,150,600,TE,https://cdn.glenair.com/wire-and-cable/pdf/b/m22759-16.pdf,M22759_16-22-2/M22759_16-22-2-rev1
M22759_16-22-3,M22759/16-22-3,1,16,22,3,orange,MIL-DTL-22759/16,ETFE,"extruded ETFE, medium wall",medium,tin,copper,tin-coated copper,19x34,0.0300,0.052,0.0110,3.68,16.2,150,600,TE,https://cdn.glenair.com/wire-and-cable/pdf/b/m22759-16.pdf,M22759_16-22-3/M22759_16-22-3-rev1
M22759_16-22-4,M22759/16-22-4,1,16,22,4,yellow,MIL-DTL-22759/16,ETFE,"extruded ETFE, medium wall",medium,tin,copper,tin-coated copper,19x34,0.0300,0.052,0.0110,3.68,16.2,150,600,TE,https://cdn.glenair.com/wire-and-cable/pdf/b/m22759-16.pdf,M22759_16-22-4/M22759_16-22-4-rev1
M22759_16-22-5,M22759/16-22-5,1,16,22,5,green,MIL-DTL-22759/16,ETFE,"extruded ETFE, medium wall",medium,tin,copper,tin-coated copper,19x34,0.0300,0.052,0.0110,3.68,16.2,150,600,TE,https://cdn.glenair.com/wire-and-cable/pdf/b/m22759-16.pdf,M22759_16-22-5/M22759_16-22-5-rev1
M22759_16-22-6,M22759/16-22-6,1,16,22,6,blue,MIL-DTL-22759/16,ETFE,"extruded ETFE, medium wall",medium,tin,copper,tin-coated copper,19x34,0.0300,0.052,0.0110,3.68,16.2,150,600,TE,https://cdn.glenair.com/wire-and-cable/pdf/b/m22759-16.pdf,M22759_16-22-6/M22759_16-22-6-rev1
M22759_16-22-7,M22759/16-22-7,1,16,22,7,violet,MIL-DTL-22759/16,ETFE,"extruded ETFE, medium wall",medium,tin,copper,tin-coated copper,19x34,0.0300,0.052,0.0110,3.68,16.2,150,600,TE,https://cdn.glenair.com/wire-and-cable/pdf/b/m22759-16.pdf,M22759_16-22-7/M22759_16-22-7-rev1
M22759_16-22-8,M22759/16-22-8,1,16,22,8,gray,MIL-DTL-22759/16,ETFE,"extruded ETFE, medium wall",medium,tin,copper,tin-coated copper,19x34,0.0300,0.052,0.0110,3.68,16.2,150,600,TE,https://cdn.glenair.com/wire-and-cable/pdf/b/m22759-16.pdf,M22759_16-22-8/M22759_16-22-8-rev1
M22759_16-22-9,M22759/16-22-9,1,16,22,9,white,MIL-DTL-22759/16,ETFE,"extruded ETFE, medium wall",medium,tin,copper,tin-coated copper,19x34,0.0300,0.052,0.0110,3.68,16.2,150,600,TE,https://cdn.glenair.com/wire-and-cable/pdf/b/m22759-16.pdf,M22759_16-22-9/M22759_16-22-9-rev1
M22759_16-22-90,M22759/16-22-90,1,16,22,90,white/black,MIL-DTL-22759/16,ETFE,"extruded ETFE, medium wall",medium,tin,copper,tin-coated copper,19x34,0.0300,0.052,0.0110,3.68,16.2,150,600,TE,https://cdn.glenair.com/wire-and-cable/pdf/b/m22759-16.pdf,M22759_16-22-90/M22759_16-22-90-rev1
M22759_16-22-91,M22759/16-22-91,1,16,22,91,white/brown,MIL-DTL-22759/16,ETFE,"extruded ETFE, medium wall",medium,tin,copper,tin-coated copper,19x34,0.0300,0.052,0.0110,3.68,16.2,150,600,TE,https://cdn.glenair.com/wire-and-cable/pdf/b/m22759-16.pdf,M22759_16-22-91/M22759_16-22-91-rev1
M22759_16-22-92,M22759/16-22-92,1,16,22,92,white/red,MIL-DTL-22759/16,ETFE,"extruded ETFE, medium wall",medium,tin,copper,tin-coated copper,19x34,0.0300,0.052,0.0110,3.68,16.2,150,600,TE,https://cdn.glenair.com/wire-and-cable/pdf/b/m22759-16.pdf,M22759_16-22-92/M22759_16-22-92-rev1
M22759_16-22-93,M22759/16-22-93,1,16,22,93,white/orange,MIL-DTL-22759/16,ETFE,"extruded ETFE, medium wall",medium,tin,copper,tin-coated copper,19x34,0.0300,0.052,0.0110,3.68,16.2,150,600,TE,https://cdn.glenair.com/wire-and-cable/pdf/b/m22759-16.pdf,M22759_16-22-93/M22759_16-22-93-rev1
M22759_16-22-94,M22759/16-22-94,1,16,22,94,white/yellow,MIL-DTL-22759/16,ETFE,"extruded ETFE, medium wall",medium,tin,copper,tin-coated copper,19x34,0.0300,0.052,0.0110,3.68,16.2,150,600,TE,https://cdn.glenair.com/wire-and-cable/pdf/b/m22759-16.pdf,M22759_16-22-94/M22759_16-22-94-rev1
M22759_16-22-95,M22759/16-22-95,1,16,22,95,white/green,MIL-DTL-22759/16,ETFE,"extruded ETFE, medium wall",medium,tin,copper,tin-coated copper,19x34,0.0300,0.052,0.0110,3.68,16.2,150,600,TE,https://cdn.glenair.com/wire-and-cable/pdf/b/m22759-16.pdf,M22759_16-22-95/M22759_16-22-95-rev1
M22759_16-22-96,M22759/16-22-96,1,16,22,96,white/blue,MIL-DTL-22759/16,ETFE,"extruded ETFE, medium wall",medium,tin,copper,tin-coated copper,19x34,0.0300,0.052,0.0110,3.68,16.2,150,600,TE,https://cdn.glenair.com/wire-and-cable/pdf/b/m22759-16.pdf,M22759_16-22-96/M22759_16-22-96-rev1
M22759_16-22-97,M22759/16-22-97,1,16,22,97,white/violet,MIL-DTL-22759/16,ETFE,"extruded ETFE, medium wall",medium,tin,copper,tin-coated copper,19x34,0.0300,0.052,0.0110,3.68,16.2,150,600,TE,https://cdn.glenair.com/wire-and-cable/pdf/b/m22759-16.pdf,M22759_16-22-97/M22759_16-22-97-rev1
M22759_16-22-98,M22759/16-22-98,1,16,22,98,white/gray,MIL-DTL-22759/16,ETFE,"extruded ETFE, medium wall",medium,tin,copper,tin-coated copper,19x34,0.0300,0.052,0.0110,3.68,16.2,150,600,TE,https://cdn.glenair.com/wire-and-cable/pdf/b/m22759-16.pdf,M22759_16-22-98/M22759_16-22-98-rev1
M22759_16-24-0,M22759/16-24-0,1,16,24,0,black,MIL-DTL-22759/16,ETFE,"extruded ETFE, medium wall",medium,tin,copper,tin-coated copper,19x36,0.0240,0.045,0.0105,2.57,26.2,150,600,TE,https://cdn.glenair.com/wire-and-cable/pdf/b/m22759-16.pdf,M22759_16-24-0/M22759_16-24-0-rev1
M22759_16-24-1,M22759/16-24-1,1,16,24,1,brown,MIL-DTL-22759/16,ETFE,"extruded ETFE, medium wall",medium,tin,copper,tin-coated copper,19x36,0.0240,0.045,0.0105,2.57,26.2,150,600,TE,https://cdn.glenair.com/wire-and-cable/pdf/b/m22759-16.pdf,M22759_16-24-1/M22759_16-24-1-rev1
M22759_16-24-2,M22759/16-24-2,1,16,24,2,red,MIL-DTL-22759/16,ETFE,"extruded ETFE, medium wall",medium,tin,copper,tin-coated copper,19x36,0.0240,0.045,0.0105,2.57,26.2,150,600,TE,https://cdn.glenair.com/wire-and-cable/pdf/b/m22759-16.pdf,M22759_16-24-2/M22759_16-24-2-rev1
M22759_16-24-3,M22759/16-24-3,1,16,24,3,orange,MIL-DTL-22759/16,ETFE,"extruded ETFE, medium wall",medium,tin,copper,tin-coated copper,19x36,0.0240,0.045,0.0105,2.57,26.2,150,600,TE,https://cdn.glenair.com/wire-and-cable/pdf/b/m22759-16.pdf,M22759_16-24-3/M22759_16-24-3-rev1
M22759_16-24-4,M22759/16-24-4,1,16,24,4,yellow,MIL-DTL-22759/16,ETFE,"extruded ETFE, medium wall",medium,tin,copper,tin-coated copper,19x36,0.0240,0.045,0.0105,2.57,26.2,150,600,TE,https://cdn.glenair.com/wire-and-cable/pdf/b/m22759-16.pdf,M22759_16-24-4/M22759_16-24-4-rev1
M22759_16-24-5,M22759/16-24-5,1,16,24,5,green,MIL-DTL-22759/16,ETFE,"extruded ETFE, medium wall",medium,tin,copper,tin-coated copper,19x36,0.0240,0.045,0.0105,2.57,26.2,150,600,TE,https://cdn.glenair.com/wire-and-cable/pdf/b/m22759-16.pdf,M22759_16-24-5/M22759_16-24-5-rev1
M22759_16-24-6,M22759/16-24-6,1,16,24,6,blue,MIL-DTL-22759/16,ETFE,"extruded ETFE, medium wall",medium,tin,copper,tin-coated copper,19x36,0.0240,0.045,0.0105,2.57,26.2,150,600,TE,https://cdn.glenair.com/wire-and-cable/pdf/b/m22759-16.pdf,M22759_16-24-6/M22759_16-24-6-rev1
M22759_16-24-7,M22759/16-24-7,1,16,24,7,violet,MIL-DTL-22759/16,ETFE,"extruded ETFE, medium wall",medium,tin,copper,tin-coated copper,19x36,0.0240,0.045,0.0105,2.57,26.2,150,600,TE,https://cdn.glenair.com/wire-and-cable/pdf/b/m22759-16.pdf,M22759_16-24-7/M22759_16-24-7-rev1
M22759_16-24-8,M22759/16-24-8,1,16,24,8,gray,MIL-DTL-22759/16,ETFE,"extruded ETFE, medium wall",medium,tin,copper,tin-coated copper,19x36,0.0240,0.045,0.0105,2.57,26.2,150,600,TE,https://cdn.glenair.com/wire-and-cable/pdf/b/m22759-16.pdf,M22759_16-24-8/M22759_16-24-8-rev1
M22759_16-24-9,M22759/16-24-9,1,16,24,9,white,MIL-DTL-22759/16,ETFE,"extruded ETFE, medium wall",medium,tin,copper,tin-coated copper,19x36,0.0240,0.045,0.0105,2.57,26.2,150,600,TE,https://cdn.glenair.com/wire-and-cable/pdf/b/m22759-16.pdf,M22759_16-24-9/M22759_16-24-9-rev1
M22759_16-24-90,M22759/16-24-90,1,16,24,90,white/black,MIL-DTL-22759/16,ETFE,"extruded ETFE, medium wall",medium,tin,copper,tin-coated copper,19x36,0.0240,0.045,0.0105,2.57,26.2,150,600,TE,https://cdn.glenair.com/wire-and-cable/pdf/b/m22759-16.pdf,M22759_16-24-90/M22759_16-24-90-rev1
M22759_16-24-91,M22759/16-24-91,1,16,24,91,white/brown,MIL-DTL-22759/16,ETFE,"extruded ETFE, medium wall",medium,tin,copper,tin-coated copper,19x36,0.0240,0.045,0.0105,2.57,26.2,150,600,TE,https://cdn.glenair.com/wire-and-cable/pdf/b/m22759-16.pdf,M22759_16-24-91/M22759_16-24-91-rev1
M22759_16-24-92,M22759/16-24-92,1,16,24,92,white/red,MIL-DTL-22759/16,ETFE,"extruded ETFE, medium wall",medium,tin,copper,tin-coated copper,19x36,0.0240,0.045,0.0105,2.57,26.2,150,600,TE,https://cdn.glenair.com/wire-and-cable/pdf/b/m22759-16.pdf,M22759_16-24-92/M22759_16-24-92-rev1
M22759_16-24-93,M22759/16-24-93,1,16,24,93,white/orange,MIL-DTL-22759/16,ETFE,"extruded ETFE, medium wall",medium,tin,copper,tin-coated copper,19x36,0.0240,0.045,0.0105,2.57,26.2,150,600,TE,https://cdn.glenair.com/wire-and-cable/pdf/b/m22759-16.pdf,M22759_16-24-93/M22759_16-24-93-rev1
M22759_16-24-94,M22759/16-24-94,1,16,24,94,white/yellow,MIL-DTL-22759/16,ETFE,"extruded ETFE, medium wall",medium,tin,copper,tin-coated copper,19x36,0.0240,0.045,0.0105,2.57,26.2,150,600,TE,https://cdn.glenair.com/wire-and-cable/pdf/b/m22759-16.pdf,M22759_16-24-94/M22759_16-24-94-rev1
M22759_16-24-95,M22759/16-24-95,1,16,24,95,white/green,MIL-DTL-22759/16,ETFE,"extruded ETFE, medium wall",medium,tin,copper,tin-coated copper,19x36,0.0240,0.045,0.0105,2.57,26.2,150,600,TE,https://cdn.glenair.com/wire-and-cable/pdf/b/m22759-16.pdf,M22759_16-24-95/M22759_16-24-95-rev1
M22759_16-24-96,M22759/16-24-96,1,16,24,96,white/blue,MIL-DTL-22759/16,ETFE,"extruded ETFE, medium wall",medium,tin,copper,tin-coated copper,19x36,0.0240,0.045,0.0105,2.57,26.2,150,600,TE,https://cdn.glenair.com/wire-and-cable/pdf/b/m22759-16.pdf,M22759_16-24-96/M22759_16-24-96-rev1
M22759_16-24-97,M22759/16-24-97,1,16,24,97,white/violet,MIL-DTL-22759/16,ETFE,"extruded ETFE, medium wall",medium,tin,copper,tin-coated copper,19x36,0.0240,0.045,0.0105,2.57,26.2,150,600,TE,https://cdn.glenair.com/wire-and-cable/pdf/b/m22759-16.pdf,M22759_16-24-97/M22759_16-24-97-rev1
M22759_16-24-98,M22759/16-24-98,1,16,24,98,white/gray,MIL-DTL-22759/16,ETFE,"extruded ETFE, medium wall",medium,tin,copper,tin-coated copper,19x36,0.0240,0.045,0.0105,2.57,26.2,150,600,TE,https://cdn.glenair.com/wire-and-cable/pdf/b/m22759-16.pdf,M22759_16-24-98/M22759_16-24-98-rev1
M22759_16-8-0,M22759/16-8-0,1,16,8,0,black,MIL-DTL-22759/16,ETFE,"extruded ETFE, medium wall",medium,tin,copper,tin-coated copper,133x29,0.1655,0.199,0.0168,63.5,0.701,150,600,TE,https://cdn.glenair.com/wire-and-cable/pdf/b/m22759-16.pdf,M22759_16-8-0/M22759_16-8-0-rev1
M22759_16-8-1,M22759/16-8-1,1,16,8,1,brown,MIL-DTL-22759/16,ETFE,"extruded ETFE, medium wall",medium,tin,copper,tin-coated copper,133x29,0.1655,0.199,0.0168,63.5,0.701,150,600,TE,https://cdn.glenair.com/wire-and-cable/pdf/b/m22759-16.pdf,M22759_16-8-1/M22759_16-8-1-rev1
M22759_16-8-2,M22759/16-8-2,1,16,8,2,red,MIL-DTL-22759/16,ETFE,"extruded ETFE, medium wall",medium,tin,copper,tin-coated copper,133x29,0.1655,0.199,0.0168,63.5,0.701,150,600,TE,https://cdn.glenair.com/wire-and-cable/pdf/b/m22759-16.pdf,M22759_16-8-2/M22759_16-8-2-rev1
M22759_16-8-3,M22759/16-8-3,1,16,8,3,orange,MIL-DTL-22759/16,ETFE,"extruded ETFE, medium wall",medium,tin,copper,tin-coated copper,133x29,0.1655,0.199,0.0168,63.5,0.701,150,600,TE,https://cdn.glenair.com/wire-and-cable/pdf/b/m22759-16.pdf,M22759_16-8-3/M22759_16-8-3-rev1
M22759_16-8-4,M22759/16-8-4,1,16,8,4,yellow,MIL-DTL-22759/16,ETFE,"extruded ETFE, medium wall",medium,tin,copper,tin-coated copper,133x29,0.1655,0.199,0.0168,63.5,0.701,150,600,TE,https://cdn.glenair.com/wire-and-cable/pdf/b/m22759-16.pdf,M22759_16-8-4/M22759_16-8-4-rev1
M22759_16-8-5,M22759/16-8-5,1,16,8,5,green,MIL-DTL-22759/16,ETFE,"extruded ETFE, medium wall",medium,tin,copper,tin-coated copper,133x29,0.1655,0.199,0.0168,63.5,0.701,150,600,TE,https://cdn.glenair.com/wire-and-cable/pdf/b/m22759-16.pdf,M22759_16-8-5/M22759_16-8-5-rev1
M22759_16-8-6,M22759/16-8-6,1,16,8,6,blue,MIL-DTL-22759/16,ETFE,"extruded ETFE, medium wall",medium,tin,copper,tin-coated copper,133x29,0.1655,0.199,0.0168,63.5,0.701,150,600,TE,https://cdn.glenair.com/wire-and-cable/pdf/b/m22759-16.pdf,M22759_16-8-6/M22759_16-8-6-rev1
M22759_16-8-7,M22759/16-8-7,1,16,8,7,violet,MIL-DTL-22759/16,ETFE,"extruded ETFE, medium wall",medium,tin,copper,tin-coated copper,133x29,0.1655,0.199,0.0168,63.5,0.701,150,600,TE,https://cdn.glenair.com/wire-and-cable/pdf/b/m22759-16.pdf,M22759_16-8-7/M22759_16-8-7-rev1
M22759_16-8-8,M22759/16-8-8,1,16,8,8,gray,MIL-DTL-22759/16,ETFE,"extruded ETFE, medium wall",medium,tin,copper,tin-coated copper,133x29,0.1655,0.199,0.0168,63.5,0.701,150,600,TE,https://cdn.glenair.com/wire-and-cable/pdf/b/m22759-16.pdf,M22759_16-8-8/M22759_16-8-8-rev1
M22759_16-8-9,M22759/16-8-9,1,16,8,9,white,MIL-DTL-22759/16,ETFE,"extruded ETFE, medium wall",medium,tin,copper,tin-coated copper,133x29,0.1655,0.199,0.0168,63.5,0.701,150,600,TE,https://cdn.glenair.com/wire-and-cable/pdf/b/m22759-16.pdf,M22759_16-8-9/M22759_16-8-9-rev1
M22759_16-8-90,M22759/16-8-90,1,16,8,90,white/black,MIL-DTL-22759/16,ETFE,"extruded ETFE, medium wall",medium,tin,copper,tin-coated copper,133x29,0.1655,0.199,0.0168,63.5,0.701,150,600,TE,https://cdn.glenair.com/wire-and-cable/pdf/b/m22759-16.pdf,M22759_16-8-90/M22759_16-8-90-rev1
M22759_16-8-91,M22759/16-8-91,1,16,8,91,white/brown,MIL-DTL-22759/16,ETFE,"extruded ETFE, medium wall",medium,tin,copper,tin-coated copper,133x29,0.1655,0.199,0.0168,63.5,0.701,150,600,TE,https://cdn.glenair.com/wire-and-cable/pdf/b/m22759-16.pdf,M22759_16-8-91/M22759_16-8-91-rev1
M22759_16-8-92,M22759/16-8-92,1,16,8,92,white/red,MIL-DTL-22759/16,ETFE,"extruded ETFE, medium wall",medium,tin,copper,tin-coated copper,133x29,0.1655,0.199,0.0168,63.5,0.701,150,600,TE,https://cdn.glenair.com/wire-and-cable/pdf/b/m22759-16.pdf,M22759_16-8-92/M22759_16-8-92-rev1
M22759_16-8-93,M22759/16-8-93,1,16,8,93,white/orange,MIL-DTL-22759/16,ETFE,"extruded ETFE, medium wall",medium,tin,copper,tin-coated copper,133x29,0.1655,0.199,0.0168,63.5,0.701,150,600,TE,https://cdn.glenair.com/wire-and-cable/pdf/b/m22759-16.pdf,M22759_16-8-93/M22759_16-8-93-rev1
M22759_16-8-94,M22759/16-8-94,1,16,8,94,white/yellow,MIL-DTL-22759/16,ETFE,"extruded ETFE, medium wall",medium,tin,copper,tin-coated copper,133x29,0.1655,0.199,0.0168,63.5,0.701,150,600,TE,https://cdn.glenair.com/wire-and-cable/pdf/b/m22759-16.pdf,M22759_16-8-94/M22759_16-8-94-rev1
M22759_16-8-95,M22759/16-8-95,1,16,8,95,white/green,MIL-DTL-22759/16,ETFE,"extruded ETFE, medium wall",medium,tin,copper,tin-coated copper,133x29,0.1655,0.199,0.0168,63.5,0.701,150,600,TE,https://cdn.glenair.com/wire-and-cable/pdf/b/m22759-16.pdf,M22759_16-8-95/M22759_16-8-95-rev1
M22759_16-8-96,M22759/16-8-96,1,16,8,96,white/blue,MIL-DTL-22759/16,ETFE,"extruded ETFE, medium wall",medium,tin,copper,tin-coated copper,133x29,0.1655,0.199,0.0168,63.5,0.701,150,600,TE,https://cdn.glenair.com/wire-and-cable/pdf/b/m22759-16.pdf,M22759_16-8-96/M22759_16-8-96-rev1
M22759_16-8-97,M22759/16-8-97,1,16,8,97,white/violet,MIL-DTL-22759/16,ETFE,"extruded ETFE, medium wall",medium,tin,copper,tin-coated copper,133x29,0.1655,0.199,0.0168,63.5,0.701,150,600,TE,https://cdn.glenair.com/wire-and-cable/pdf/b/m22759-16.pdf,M22759_16-8-97/M22759_16-8-97-rev1
M22759_16-8-98,M22759/16-8-98,1,16,8,98,white/gray,MIL-DTL-22759/16,ETFE,"extruded ETFE, medium wall",medium,tin,copper,tin-coated copper,133x29,0.1655,0.199,0.0168,63.5,0.701,150,600,TE,https://cdn.glenair.com/wire-and-cable/pdf/b/m22759-16.pdf,M22759_16-8-98/M22759_16-8-98-rev1
M22759_18-10-0,M22759/18-10-0,1,18,10,0,black,MIL-DTL-22759/18,ETFE,"extruded ETFE, thin wall",thin,tin,copper,tin-coated copper,37x26,0.1095,0.134,0.0123,33.1,1.26,150,600,TG,https://www.glenair.com/wire-and-cable/m22759-wires/pdf/m22759-wires.pdf,M22759_18-10-0/M22759_18-10-0-rev1
M22759_18-10-1,M22759/18-10-1,1,18,10,1,brown,MIL-DTL-22759/18,ETFE,"extruded ETFE, thin wall",thin,tin,copper,tin-coated copper,37x26,0.1095,0.134,0.0123,33.1,1.26,150,600,TG,https://www.glenair.com/wire-and-cable/m22759-wires/pdf/m22759-wires.pdf,M22759_18-10-1/M22759_18-10-1-rev1
M22759_18-10-2,M22759/18-10-2,1,18,10,2,red,MIL-DTL-22759/18,ETFE,"extruded ETFE, thin wall",thin,tin,copper,tin-coated copper,37x26,0.1095,0.134,0.0123,33.1,1.26,150,600,TG,https://www.glenair.com/wire-and-cable/m22759-wires/pdf/m22759-wires.pdf,M22759_18-10-2/M22759_18-10-2-rev1
M22759_18-10-3,M22759/18-10-3,1,18,10,3,orange,MIL-DTL-22759/18,ETFE,"extruded ETFE, thin wall",thin,tin,copper,tin-coated copper,37x26,0.1095,0.134,0.0123,33.1,1.26,150,600,TG,https://www.glenair.com/wire-and-cable/m22759-wires/pdf/m22759-wires.pdf,M22759_18-10-3/M22759_18-10-3-rev1
M22759_18-10-4,M22759/18-10-4,1,18,10,4,yellow,MIL-DTL-22759/18,ETFE,"extruded ETFE, thin wall",thin,tin,copper,tin-coated copper,37x26,0.1095,0.134,0.0123,33.1,1.26,150,600,TG,https://www.glenair.com/wire-and-cable/m22759-wires/pdf/m22759-wires.pdf,M22759_18-10-4/M22759_18-10-4-rev1
M22759_18-10-5,M22759/18-10-5,1,18,10,5,green,MIL-DTL-22759/18,ETFE,"extruded ETFE, thin wall",thin,tin,copper,tin-coated copper,37x26,0.1095,0.134,0.0123,33.1,1.26,150,600,TG,https://www.glenair.com/wire-and-cable/m22759-wires/pdf/m22759-wires.pdf,M22759_18-10-5/M22759_18-10-5-rev1
M22759_18-10-6,M22759/18-10-6,1,18,10,6,blue,MIL-DTL-22759/18,ETFE,"extruded ETFE, thin wall",thin,tin,copper,tin-coated copper,37x26,0.1095,0.134,0.0123,33.1,1.26,150,600,TG,https://www.glenair.com/wire-and-cable/m22759-wires/pdf/m22759-wires.pdf,M22759_18-10-6/M22759_18-10-6-rev1
M22759_18-10-7,M22759/18-10-7,1,18,10,7,violet,MIL-DTL-22759/18,ETFE,"extruded ETFE, thin wall",thin,tin,copper,tin-coated copper,37x26,0.1095,0.134,0.0123,33.1,1.26,150,600,TG,https://www.glenair.com/wire-and-cable/m22759-wires/pdf/m22759-wires.pdf,M22759_18-10-7/M22759_18-10-7-rev1
M22759_18-10-8,M22759/18-10-8,1,18,10,8,gray,MIL-DTL-22759/18,ETFE,"extruded ETFE, thin wall",thin,tin,copper,tin-coated copper,37x26,0.1095,0.134,0.0123,33.1,1.26,150,600,TG,https://www.glenair.com/wire-and-cable/m22759-wires/pdf/m22759-wires.pdf,M22759_18-10-8/M22759_18-10-8-rev1
M22759_18-10-9,M22759/18-10-9,1,18,10,9,white,MIL-DTL-22759/18,ETFE,"extruded ETFE, thin wall",thin,tin,copper,tin-coated copper,37x26,0.1095,0.134,0.0123,33.1,1.26,150,600,TG,https://www.glenair.com/wire-and-cable/m22759-wires/pdf/m22759-wires.pdf,M22759_18-10-9/M22759_18-10-9-rev1
M22759_18-10-90,M22759/18-10-90,1,18,10,90,white/black,MIL-DTL-22759/18,ETFE,"extruded ETFE, thin wall",thin,tin,copper,tin-coated copper,37x26,0.1095,0.134,0.0123,33.1,1.26,150,600,TG,https://www.glenair.com/wire-and-cable/m22759-wires/pdf/m22759-wires.pdf,M22759_18-10-90/M22759_18-10-90-rev1
M22759_18-10-91,M22759/18-10-91,1,18,10,91,white/brown,MIL-DTL-22759/18,ETFE,"extruded ETFE, thin wall",thin,tin,copper,tin-coated copper,37x26,0.1095,0.134,0.0123,33.1,1.26,150,600,TG,https://www.glenair.com/wire-and-cable/m22759-wires/pdf/m22759-wires.pdf,M22759_18-10-91/M22759_18-10-91-rev1
M22759_18-10-92,M22759/18-10-92,1,18,10,92,white/red,MIL-DTL-22759/18,ETFE,"extruded ETFE, thin wall",thin,tin,copper,tin-coated copper,37x26,0.1095,0.134,0.0123,33.1,1.26,150,600,TG,https://www.glenair.com/wire-and-cable/m22759-wires/pdf/m22759-wires.pdf,M22759_18-10-92/M22759_18-10-92-rev1
M22759_18-10-93,M22759/18-10-93,1,18,10,93,white/orange,MIL-DTL-22759/18,ETFE,"extruded ETFE, thin wall",thin,tin,copper,tin-coated copper,37x26,0.1095,0.134,0.0123,33.1,1.26,150,600,TG,https://www.glenair.com/wire-and-cable/m22759-wires/pdf/m22759-wires.pdf,M22759_18-10-93/M22759_18-10-93-rev1
M22759_18-10-94,M22759/18-10-94,1,18,10,94,white/yellow,MIL-DTL-22759/18,ETFE,"extruded ETFE, thin wall",thin,tin,copper,tin-coated copper,37x26,0.1095,0.134,0.0123,33.1,1.26,150,600,TG,https://www.glenair.com/wire-and-cable/m22759-wires/pdf/m22759-wires.pdf,M22759_18-10-94/M22759_18-10-94-rev1
M22759_18-10-95,M22759/18-10-95,1,18,10,95,white/green,MIL-DTL-22759/18,ETFE,"extruded ETFE, thin wall",thin,tin,copper,tin-coated copper,37x26,0.1095,0.134,0.0123,33.1,1.26,150,600,TG,https://www.glenair.com/wire-and-cable/m22759-wires/pdf/m22759-wires.pdf,M22759_18-10-95/M22759_18-10-95-rev1
M22759_18-10-96,M22759/18-10-96,1,18,10,96,white/blue,MIL-DTL-22759/18,ETFE,"extruded ETFE, thin wall",thin,tin,copper,tin-coated copper,37x26,0.1095,0.134,0.0123,33.1,1.26,150,600,TG,https://www.glenair.com/wire-and-cable/m22759-wires/pdf/m22759-wires.pdf,M22759_18-10-96/M22759_18-10-96-rev1
M22759_18-10-97,M22759/18-10-97,1,18,10,97,white/violet,MIL-DTL-22759/18,ETFE,"extruded ETFE, thin wall",thin,tin,copper,tin-coated copper,37x26,0.1095,0.134,0.0123,33.1,1.26,150,600,TG,https://www.glenair.com/wire-and-cable/m22759-wires/pdf/m22759-wires.pdf,M22759_18-10-97/M22759_18-10-97-rev1
M22759_18-10-98,M22759/18-10-98,1,18,10,98,white/gray,MIL-DTL-22759/18,ETFE,"extruded ETFE, thin wall",thin,tin,copper,tin-coated copper,37x26,0.1095,0.134,0.0123,33.1,1.26,150,600,TG,https://www.glenair.com/wire-and-cable/m22759-wires/pdf/m22759-wires.pdf,M22759_18-10-98/M22759_18-10-98-rev1
M22759_18-12-0,M22759/18-12-0,1,18,12,0,black,MIL-DTL-22759/18,ETFE,"extruded ETFE, thin wall",thin,tin,copper,tin-coated copper,37x28,0.0865,0.107,0.0103,21.0,2.02,150,600,TG,https://www.glenair.com/wire-and-cable/m22759-wires/pdf/m22759-wires.pdf,M22759_18-12-0/M22759_18-12-0-rev1
M22759_18-12-1,M22759/18-12-1,1,18,12,1,brown,MIL-DTL-22759/18,ETFE,"extruded ETFE, thin wall",thin,tin,copper,tin-coated copper,37x28,0.0865,0.107,0.0103,21.0,2.02,150,600,TG,https://www.glenair.com/wire-and-cable/m22759-wires/pdf/m22759-wires.pdf,M22759_18-12-1/M22759_18-12-1-rev1
M22759_18-12-2,M22759/18-12-2,1,18,12,2,red,MIL-DTL-22759/18,ETFE,"extruded ETFE, thin wall",thin,tin,copper,tin-coated copper,37x28,0.0865,0.107,0.0103,21.0,2.02,150,600,TG,https://www.glenair.com/wire-and-cable/m22759-wires/pdf/m22759-wires.pdf,M22759_18-12-2/M22759_18-12-2-rev1
M22759_18-12-3,M22759/18-12-3,1,18,12,3,orange,MIL-DTL-22759/18,ETFE,"extruded ETFE, thin wall",thin,tin,copper,tin-coated copper,37x28,0.0865,0.107,0.0103,21.0,2.02,150,600,TG,https://www.glenair.com/wire-and-cable/m22759-wires/pdf/m22759-wires.pdf,M22759_18-12-3/M22759_18-12-3-rev1
M22759_18-12-4,M22759/18-12-4,1,18,12,4,yellow,MIL-DTL-22759/18,ETFE,"extruded ETFE, thin wall",thin,tin,copper,tin-coated copper,37x28,0.0865,0.107,0.0103,21.0,2.02,150,600,TG,https://www.glenair.com/wire-and-cable/m22759-wires/pdf/m22759-wires.pdf,M22759_18-12-4/M22759_18-12-4-rev1
M22759_18-12-5,M22759/18-12-5,1,18,12,5,green,MIL-DTL-22759/18,ETFE,"extruded ETFE, thin wall",thin,tin,copper,tin-coated copper,37x28,0.0865,0.107,0.0103,21.0,2.02,150,600,TG,https://www.glenair.com/wire-and-cable/m22759-wires/pdf/m22759-wires.pdf,M22759_18-12-5/M22759_18-12-5-rev1
M22759_18-12-6,M22759/18-12-6,1,18,12,6,blue,MIL-DTL-22759/18,ETFE,"extruded ETFE, thin wall",thin,tin,copper,tin-coated copper,37x28,0.0865,0.107,0.0103,21.0,2.02,150,600,TG,https://www.glenair.com/wire-and-cable/m22759-wires/pdf/m22759-wires.pdf,M22759_18-12-6/M22759_18-12-6-rev1
M22759_18-12-7,M22759/18-12-7,1,18,12,7,violet,MIL-DTL-22759/18,ETFE,"extruded ETFE, thin wall",thin,tin,copper,tin-coated copper,37x28,0.0865,0.107,0.0103,21.0,2.02,150,600,TG,https://www.glenair.com/wire-and-cable/m22759-wires/pdf/m22759-wires.pdf,M22759_18-12-7/M22759_18-12-7-rev1
M22759_18-12-8,M22759/18-12-8,1,18,12,8,gray,MIL-DTL-22759/18,ETFE,"extruded ETFE, thin wall",thin,tin,copper,tin-coated copper,37x28,0.0865,0.107,0.0103,21.0,2.02,150,600,TG,https://www.glenair.com/wire-and-cable/m22759-wires/pdf/m22759-wires.pdf,M22759_18-12-8/M22759_18-12-8-rev1
M22759_18-12-9,M22759/18-12-9,1,18,12,9,white,MIL-DTL-22759/18,ETFE,"extruded ETFE, thin wall",thin,tin,copper,tin-coated copper,37x28,0.0865,0.107,0.0103,21.0,2.02,150,600,TG,https://www.glenair.com/wire-and-cable/m22759-wires/pdf/m22759-wires.pdf,M22759_18-12-9/M22759_18-12-9-rev1
M22759_18-12-90,M22759/18-12-90,1,18,12,90,white/black,MIL-DTL-22759/18,ETFE,"extruded ETFE, thin wall",thin,tin,copper,tin-coated copper,37x28,0.0865,0.107,0.0103,21.0,2.02,150,600,TG,https://www.glenair.com/wire-and-cable/m22759-wires/pdf/m22759-wires.pdf,M22759_18-12-90/M22759_18-12-90-rev1
M22759_18-12-91,M22759/18-12-91,1,18,12,91,white/brown,MIL-DTL-22759/18,ETFE,"extruded ETFE, thin wall",thin,tin,copper,tin-coated copper,37x28,0.0865,0.107,0.0103,21.0,2.02,150,600,TG,https://www.glenair.com/wire-and-cable/m22759-wires/pdf/m22759-wires.pdf,M22759_18-12-91/M22759_18-12-91-rev1
M22759_18-12-92,M22759/18-12-92,1,18,12,92,white/red,MIL-DTL-22759/18,ETFE,"extruded ETFE, thin wall",thin,tin,copper,tin-coated copper,37x28,0.0865,0.107,0.0103,21.0,2.02,150,600,TG,https://www.glenair.com/wire-and-cable/m22759-wires/pdf/m22759-wires.pdf,M22759_18-12-92/M22759_18-12-92-rev1
M22759_18-12-93,M22759/18-12-93,1,18,12,93,white/orange,MIL-DTL-22759/18,ETFE,"extruded ETFE, thin wall",thin,tin,copper,tin-coated copper,37x28,0.0865,0.107,0.0103,21.0,2.02,150,600,TG,https://www.glenair.com/wire-and-cable/m22759-wires/pdf/m22759-wires.pdf,M22759_18-12-93/M22759_18-12-93-rev1
M22759_18-12-94,M22759/18-12-94,1,18,12,94,white/yellow,MIL-DTL-22759/18,ETFE,"extruded ETFE, thin wall",thin,tin,copper,tin-coated copper,37x28,0.0865,0.107,0.0103,21.0,2.02,150,600,TG,https://www.glenair.com/wire-and-cable/m22759-wires/pdf/m22759-wires.pdf,M22759_18-12-94/M22759_18-12-94-rev1
M22759_18-12-95,M22759/18-12-95,1,18,12,95,white/green,MIL-DTL-22759/18,ETFE,"extruded ETFE, thin wall",thin,tin,copper,tin-coated copper,37x28,0.0865,0.107,0.0103,21.0,2.02,150,600,TG,https://www.glenair.com/wire-and-cable/m22759-wires/pdf/m22759-wires.pdf,M22759_18-12-95/M22759_18-12-95-rev1
M22759_18-12-96,M22759/18-12-96,1,18,12,96,white/blue,MIL-DTL-22759/18,ETFE,"extruded ETFE, thin wall",thin,tin,copper,tin-coated copper,37x28,0.0865,0.107,0.0103,21.0,2.02,150,600,TG,https://www.glenair.com/wire-and-cable/m22759-wires/pdf/m22759-wires.pdf,M22759_18-12-96/M22759_18-12-96-rev1
M22759_18-12-97,M22759/18-12-97,1,18,12,97,white/violet,MIL-DTL-22759/18,ETFE,"extruded ETFE, thin wall",thin,tin,copper,tin-coated copper,37x28,0.0865,0.107,0.0103,21.0,2.02,150,600,TG,https://www.glenair.com/wire-and-cable/m22759-wires/pdf/m22759-wires.pdf,M22759_18-12-97/M22759_18-12-97-rev1
M22759_18-12-98,M22759/18-12-98,1,18,12,98,white/gray,MIL-DTL-22759/18,ETFE,"extruded ETFE, thin wall",thin,tin,copper,tin-coated copper,37x28,0.0865,0.107,0.0103,21.0,2.02,150,600,TG,https://www.glenair.com/wire-and-cable/m22759-wires/pdf/m22759-wires.pdf,M22759_18-12-98/M22759_18-12-98-rev1
M22759_18-14-0,M22759/18-14-0,1,18,14,0,black,MIL-DTL-22759/18,ETFE,"extruded ETFE, thin wall",thin,tin,copper,tin-coated copper,19x27,0.0670,0.085,0.0090,13.7,3.06,150,600,TG,https://www.glenair.com/wire-and-cable/m22759-wires/pdf/m22759-wires.pdf,M22759_18-14-0/M22759_18-14-0-rev1
M22759_18-14-1,M22759/18-14-1,1,18,14,1,brown,MIL-DTL-22759/18,ETFE,"extruded ETFE, thin wall",thin,tin,copper,tin-coated copper,19x27,0.0670,0.085,0.0090,13.7,3.06,150,600,TG,https://www.glenair.com/wire-and-cable/m22759-wires/pdf/m22759-wires.pdf,M22759_18-14-1/M22759_18-14-1-rev1
M22759_18-14-2,M22759/18-14-2,1,18,14,2,red,MIL-DTL-22759/18,ETFE,"extruded ETFE, thin wall",thin,tin,copper,tin-coated copper,19x27,0.0670,0.085,0.0090,13.7,3.06,150,600,TG,https://www.glenair.com/wire-and-cable/m22759-wires/pdf/m22759-wires.pdf,M22759_18-14-2/M22759_18-14-2-rev1
M22759_18-14-3,M22759/18-14-3,1,18,14,3,orange,MIL-DTL-22759/18,ETFE,"extruded ETFE, thin wall",thin,tin,copper,tin-coated copper,19x27,0.0670,0.085,0.0090,13.7,3.06,150,600,TG,https://www.glenair.com/wire-and-cable/m22759-wires/pdf/m22759-wires.pdf,M22759_18-14-3/M22759_18-14-3-rev1
M22759_18-14-4,M22759/18-14-4,1,18,14,4,yellow,MIL-DTL-22759/18,ETFE,"extruded ETFE, thin wall",thin,tin,copper,tin-coated copper,19x27,0.0670,0.085,0.0090,13.7,3.06,150,600,TG,https://www.glenair.com/wire-and-cable/m22759-wires/pdf/m22759-wires.pdf,M22759_18-14-4/M22759_18-14-4-rev1
M22759_18-14-5,M22759/18-14-5,1,18,14,5,green,MIL-DTL-22759/18,ETFE,"extruded ETFE, thin wall",thin,tin,copper,tin-coated copper,19x27,0.0670,0.085,0.0090,13.7,3.06,150,600,TG,https://www.glenair.com/wire-and-cable/m22759-wires/pdf/m22759-wires.pdf,M22759_18-14-5/M22759_18-14-5-rev1
M22759_18-14-6,M22759/18-14-6,1,18,14,6,blue,MIL-DTL-22759/18,ETFE,"extruded ETFE, thin wall",thin,tin,copper,tin-coated copper,19x27,0.0670,0.085,0.0090,13.7,3.06,150,600,TG,https://www.glenair.com/wire-and-cable/m22759-wires/pdf/m22759-wires.pdf,M22759_18-14-6/M22759_18-14-6-rev1
M22759_18-14-7,M22759/18-14-7,1,18,14,7,violet,MIL-DTL-22759/18,ETFE,"extruded ETFE, thin wall",thin,tin,copper,tin-coated copper,19x27,0.0670,0.085,0.0090,13.7,3.06,150,600,TG,https://www.glenair.com/wire-and-cable/m22759-wires/pdf/m22759-wires.pdf,M22759_18-14-7/M22759_18-14-7-rev1
M22759_18-14-8,M22759/18-14-8,1,18,14,8,gray,MIL-DTL-22759/18,ETFE,"extruded ETFE, thin wall",thin,tin,copper,tin-coated copper,19x27,0.0670,0.085,0.0090,13.7,3.06,150,600,TG,https://www.glenair.com/wire-and-cable/m22759-wires/pdf/m22759-wires.pdf,M22759_18-14-8/M22759_18-14-8-rev1
M22759_18-14-9,M22759/18-14-9,1,18,14,9,white,MIL-DTL-22759/18,ETFE,"extruded ETFE, thin wall",thin,tin,copper,tin-coated copper,19x27,0.0670,0.085,0.0090,13.7,3.06,150,600,TG,https://www.glenair.com/wire-and-cable/m22759-wires/pdf/m22759-wires.pdf,M22759_18-14-9/M22759_18-14-9-rev1
M22759_18-14-90,M22759/18-14-90,1,18,14,90,white/black,MIL-DTL-22759/18,ETFE,"extruded ETFE, thin wall",thin,tin,copper,tin-coated copper,19x27,0.0670,0.085,0.0090,13.7,3.06,150,600,TG,https://www.glenair.com/wire-and-cable/m22759-wires/pdf/m22759-wires.pdf,M22759_18-14-90/M22759_18-14-90-rev1
M22759_18-14-91,M22759/18-14-91,1,18,14,91,white/brown,MIL-DTL-22759/18,ETFE,"extruded ETFE, thin wall",thin,tin,copper,tin-coated copper,19x27,0.0670,0.085,0.0090,13.7,3.06,150,600,TG,https://www.glenair.com/wire-and-cable/m22759-wires/pdf/m22759-wires.pdf,M22759_18-14-91/M22759_18-14-91-rev1
M22759_18-14-92,M22759/18-14-92,1,18,14,92,white/red,MIL-DTL-22759/18,ETFE,"extruded ETFE, thin wall",thin,tin,copper,tin-coated copper,19x27,0.0670,0.085,0.0090,13.7,3.06,150,600,TG,https://www.glenair.com/wire-and-cable/m22759-wires/pdf/m22759-wires.pdf,M22759_18-14-92/M22759_18-14-92-rev1
M22759_18-14-93,M22759/18-14-93,1,18,14,93,white/orange,MIL-DTL-22759/18,ETFE,"extruded ETFE, thin wall",thin,tin,copper,tin-coated copper,19x27,0.0670,0.085,0.0090,13.7,3.06,150,600,TG,https://www.glenair.com/wire-and-cable/m22759-wires/pdf/m22759-wires.pdf,M22759_18-14-93/M22759_18-14-93-rev1
M22759_18-14-94,M22759/18-14-94,1,18,14,94,white/yellow,MIL-DTL-22759/18,ETFE,"extruded ETFE, thin wall",thin,tin,copper,tin-coated copper,19x27,0.0670,0.085,0.0090,13.7,3.06,150,600,TG,https://www.glenair.com/wire-and-cable/m22759-wires/pdf/m22759-wires.pdf,M22759_18-14-94/M22759_18-14-94-rev1
M22759_18-14-95,M22759/18-14-95,1,18,14,95,white/green,MIL-DTL-22759/18,ETFE,"extruded ETFE, thin wall",thin,tin,copper,tin-coated copper,19x27,0.0670,0.085,0.0090,13.7,3.06,150,600,TG,https://www.glenair.com/wire-and-cable/m22759-wires/pdf/m22759-wires.pdf,M22759_18-14-95/M22759_18-14-95-rev1
M22759_18-14-96,M22759/18-14-96,1,18,14,96,white/blue,MIL-DTL-22759/18,ETFE,"extruded ETFE, thin wall",thin,tin,copper,tin-coated copper,19x27,0.0670,0.085,0.0090,13.7,3.06,150,600,TG,https://www.glenair.com/wire-and-cable/m22759-wires/pdf/m22759-wires.pdf,M22759_18-14-96/M22759_18-14-96-rev1
M22759_18-14-97,M22759/18-14-97,1,18,14,97,white/violet,MIL-DTL-22759/18,ETFE,"extruded ETFE, thin wall",thin,tin,copper,tin-coated copper,19x27,0.0670,0.085,0.0090,13.7,3.06,150,600,TG,https://www.glenair.com/wire-and-cable/m22759-wires/pdf/m22759-wires.pdf,M22759_18-14-97/M22759_18-14-97-rev1
M22759_18-14-98,M22759/18-14-98,1,18,14,98,white/gray,MIL-DTL-22759/18,ETFE,"extruded ETFE, thin wall",thin,tin,copper,tin-coated copper,19x27,0.0670,0.085,0.0090,13.7,3.06,150,600,TG,https://www.glenair.com/wire-and-cable/m22759-wires/pdf/m22759-wires.pdf,M22759_18-14-98/M22759_18-14-98-rev1
M22759_18-16-0,M22759/18-16-0,1,18,16,0,black,MIL-DTL-22759/18,ETFE,"extruded ETFE, thin wall",thin,tin,copper,tin-coated copper,19x29,0.0535,0.070,0.0083,8.75,4.81,150,600,TG,https://www.glenair.com/wire-and-cable/m22759-wires/pdf/m22759-wires.pdf,M22759_18-16-0/M22759_18-16-0-rev1
M22759_18-16-1,M22759/18-16-1,1,18,16,1,brown,MIL-DTL-22759/18,ETFE,"extruded ETFE, thin wall",thin,tin,copper,tin-coated copper,19x29,0.0535,0.070,0.0083,8.75,4.81,150,600,TG,https://www.glenair.com/wire-and-cable/m22759-wires/pdf/m22759-wires.pdf,M22759_18-16-1/M22759_18-16-1-rev1
M22759_18-16-2,M22759/18-16-2,1,18,16,2,red,MIL-DTL-22759/18,ETFE,"extruded ETFE, thin wall",thin,tin,copper,tin-coated copper,19x29,0.0535,0.070,0.0083,8.75,4.81,150,600,TG,https://www.glenair.com/wire-and-cable/m22759-wires/pdf/m22759-wires.pdf,M22759_18-16-2/M22759_18-16-2-rev1
M22759_18-16-3,M22759/18-16-3,1,18,16,3,orange,MIL-DTL-22759/18,ETFE,"extruded ETFE, thin wall",thin,tin,copper,tin-coated copper,19x29,0.0535,0.070,0.0083,8.75,4.81,150,600,TG,https://www.glenair.com/wire-and-cable/m22759-wires/pdf/m22759-wires.pdf,M22759_18-16-3/M22759_18-16-3-rev1
M22759_18-16-4,M22759/18-16-4,1,18,16,4,yellow,MIL-DTL-22759/18,ETFE,"extruded ETFE, thin wall",thin,tin,copper,tin-coated copper,19x29,0.0535,0.070,0.0083,8.75,4.81,150,600,TG,https://www.glenair.com/wire-and-cable/m22759-wires/pdf/m22759-wires.pdf,M22759_18-16-4/M22759_18-16-4-rev1
M22759_18-16-5,M22759/18-16-5,1,18,16,5,green,MIL-DTL-22759/18,ETFE,"extruded ETFE, thin wall",thin,tin,copper,tin-coated copper,19x29,0.0535,0.070,0.0083,8.75,4.81,150,600,TG,https://www.glenair.com/wire-and-cable/m22759-wires/pdf/m22759-wires.pdf,M22759_18-16-5/M22759_18-16-5-rev1
M22759_18-16-6,M22759/18-16-6,1,18,16,6,blue,MIL-DTL-22759/18,ETFE,"extruded ETFE, thin wall",thin,tin,copper,tin-coated copper,19x29,0.0535,0.070,0.0083,8.75,4.81,150,600,TG,https://www.glenair.com/wire-and-cable/m22759-wires/pdf/m22759-wires.pdf,M22759_18-16-6/M22759_18-16-6-rev1
M22759_18-16-7,M22759/18-16-7,1,18,16,7,violet,MIL-DTL-22759/18,ETFE,"extruded ETFE, thin wall",thin,tin,copper,tin-coated copper,19x29,0.0535,0.070,0.0083,8.75,4.81,150,600,TG,https://www.glenair.com/wire-and-cable/m22759-wires/pdf/m22759-wires.pdf,M22759_18-16-7/M22759_18-16-7-rev1
M22759_18-16-8,M22759/18-16-8,1,18,16,8,gray,MIL-DTL-22759/18,ETFE,"extruded ETFE, thin wall",thin,tin,copper,tin-coated copper,19x29,0.0535,0.070,0.0083,8.75,4.81,150,600,TG,https://www.glenair.com/wire-and-cable/m22759-wires/pdf/m22759-wires.pdf,M22759_18-16-8/M22759_18-16-8-rev1
M22759_18-16-9,M22759/18-16-9,1,18,16,9,white,MIL-DTL-22759/18,ETFE,"extruded ETFE, thin wall",thin,tin,copper,tin-coated copper,19x29,0.0535,0.070,0.0083,8.75,4.81,150,600,TG,https://www.glenair.com/wire-and-cable/m22759-wires/pdf/m22759-wires.pdf,M22759_18-16-9/M22759_18-16-9-rev1
M22759_18-16-90,M22759/18-16-90,1,18,16,90,white/black,MIL-DTL-22759/18,ETFE,"extruded ETFE, thin wall",thin,tin,copper,tin-coated copper,19x29,0.0535,0.070,0.0083,8.75,4.81,150,600,TG,https://www.glenair.com/wire-and-cable/m22759-wires/pdf/m22759-wires.pdf,M22759_18-16-90/M22759_18-16-90-rev1
M22759_18-16-91,M22759/18-16-91,1,18,16,91,white/brown,MIL-DTL-22759/18,ETFE,"extruded ETFE, thin wall",thin,tin,copper,tin-coated copper,19x29,0.0535,0.070,0.0083,8.75,4.81,150,600,TG,https://www.glenair.com/wire-and-cable/m22759-wires/pdf/m22759-wires.pdf,M22759_18-16-91/M22759_18-16-91-rev1
M22759_18-16-92,M22759/18-16-92,1,18,16,92,white/red,MIL-DTL-22759/18,ETFE,"extruded ETFE, thin wall",thin,tin,copper,tin-coated copper,19x29,0.0535,0.070,0.0083,8.75,4.81,150,600,TG,https://www.glenair.com/wire-and-cable/m22759-wires/pdf/m22759-wires.pdf,M22759_18-16-92/M22759_18-16-92-rev1
M22759_18-16-93,M22759/18-16-93,1,18,16,93,white/orange,MIL-DTL-22759/18,ETFE,"extruded ETFE, thin wall",thin,tin,copper,tin-coated copper,19x29,0.0535,0.070,0.0083,8.75,4.81,150,600,TG,https://www.glenair.com/wire-and-cable/m22759-wires/pdf/m22759-wires.pdf,M22759_18-16-93/M22759_18-16-93-rev1
M22759_18-16-94,M22759/18-16-94,1,18,16,94,white/yellow,MIL-DTL-22759/18,ETFE,"extruded ETFE, thin wall",thin,tin,copper,tin-coated copper,19x29,0.0535,0.070,0.0083,8.75,4.81,150,600,TG,https://www.glenair.com/wire-and-cable/m22759-wires/pdf/m22759-wires.pdf,M22759_18-16-94/M22759_18-16-94-rev1
M22759_18-16-95,M22759/18-16-95,1,18,16,95,white/green,MIL-DTL-22759/18,ETFE,"extruded ETFE, thin wall",thin,tin,copper,tin-coated copper,19x29,0.0535,0.070,0.0083,8.75,4.81,150,600,TG,https://www.glenair.com/wire-and-cable/m22759-wires/pdf/m22759-wires.pdf,M22759_18-16-95/M22759_18-16-95-rev1
M22759_18-16-96,M22759/18-16-96,1,18,16,96,white/blue,MIL-DTL-22759/18,ETFE,"extruded ETFE, thin wall",thin,tin,copper,tin-coated copper,19x29,0.0535,0.070,0.0083,8.75,4.81,150,600,TG,https://www.glenair.com/wire-and-cable/m22759-wires/pdf/m22759-wires.pdf,M22759_18-16-96/M22759_18-16-96-rev1
M22759_18-16-97,M22759/18-16-97,1,18,16,97,white/violet,MIL-DTL-22759/18,ETFE,"extruded ETFE, thin wall",thin,tin,copper,tin-coated copper,19x29,0.0535,0.070,0.0083,8.75,4.81,150,600,TG,https://www.glenair.com/wire-and-cable/m22759-wires/pdf/m22759-wires.pdf,M22759_18-16-97/M22759_18-16-97-rev1
M22759_18-16-98,M22759/18-16-98,1,18,16,98,white/gray,MIL-DTL-22759/18,ETFE,"extruded ETFE, thin wall",thin,tin,copper,tin-coated copper,19x29,0.0535,0.070,0.0083,8.75,4.81,150,600,TG,https://www.glenair.com/wire-and-cable/m22759-wires/pdf/m22759-wires.pdf,M22759_18-16-98/M22759_18-16-98-rev1
M22759_18-18-0,M22759/18-18-0,1,18,18,0,black,MIL-DTL-22759/18,ETFE,"extruded ETFE, thin wall",thin,tin,copper,tin-coated copper,19x30,0.0475,0.061,0.0067,6.92,6.23,150,600,TG,https://www.glenair.com/wire-and-cable/m22759-wires/pdf/m22759-wires.pdf,M22759_18-18-0/M22759_18-18-0-rev1
M22759_18-18-1,M22759/18-18-1,1,18,18,1,brown,MIL-DTL-22759/18,ETFE,"extruded ETFE, thin wall",thin,tin,copper,tin-coated copper,19x30,0.0475,0.061,0.0067,6.92,6.23,150,600,TG,https://www.glenair.com/wire-and-cable/m22759-wires/pdf/m22759-wires.pdf,M22759_18-18-1/M22759_18-18-1-rev1
M22759_18-18-2,M22759/18-18-2,1,18,18,2,red,MIL-DTL-22759/18,ETFE,"extruded ETFE, thin wall",thin,tin,copper,tin-coated copper,19x30,0.0475,0.061,0.0067,6.92,6.23,150,600,TG,https://www.glenair.com/wire-and-cable/m22759-wires/pdf/m22759-wires.pdf,M22759_18-18-2/M22759_18-18-2-rev1
M22759_18-18-3,M22759/18-18-3,1,18,18,3,orange,MIL-DTL-22759/18,ETFE,"extruded ETFE, thin wall",thin,tin,copper,tin-coated copper,19x30,0.0475,0.061,0.0067,6.92,6.23,150,600,TG,https://www.glenair.com/wire-and-cable/m22759-wires/pdf/m22759-wires.pdf,M22759_18-18-3/M22759_18-18-3-rev1
M22759_18-18-4,M22759/18-18-4,1,18,18,4,yellow,MIL-DTL-22759/18,ETFE,"extruded ETFE, thin wall",thin,tin,copper,tin-coated copper,19x30,0.0475,0.061,0.0067,6.92,6.23,150,600,TG,https://www.glenair.com/wire-and-cable/m22759-wires/pdf/m22759-wires.pdf,M22759_18-18-4/M22759_18-18-4-rev1
M22759_18-18-5,M22759/18-18-5,1,18,18,5,green,MIL-DTL-22759/18,ETFE,"extruded ETFE, thin wall",thin,tin,copper,tin-coated copper,19x30,0.0475,0.061,0.0067,6.92,6.23,150,600,TG,https://www.glenair.com/wire-and-cable/m22759-wires/pdf/m22759-wires.pdf,M22759_18-18-5/M22759_18-18-5-rev1
M22759_18-18-6,M22759/18-18-6,1,18,18,6,blue,MIL-DTL-22759/18,ETFE,"extruded ETFE, thin wall",thin,tin,copper,tin-coated copper,19x30,0.0475,0.061,0.0067,6.92,6.23,150,600,TG,https://www.glenair.com/wire-and-cable/m22759-wires/pdf/m22759-wires.pdf,M22759_18-18-6/M22759_18-18-6-rev1
M22759_18-18-7,M22759/18-18-7,1,18,18,7,violet,MIL-DTL-22759/18,ETFE,"extruded ETFE, thin wall",thin,tin,copper,tin-coated copper,19x30,0.0475,0.061,0.0067,6.92,6.23,150,600,TG,https://www.glenair.com/wire-and-cable/m22759-wires/pdf/m22759-wires.pdf,M22759_18-18-7/M22759_18-18-7-rev1
M22759_18-18-8,M22759/18-18-8,1,18,18,8,gray,MIL-DTL-22759/18,ETFE,"extruded ETFE, thin wall",thin,tin,copper,tin-coated copper,19x30,0.0475,0.061,0.0067,6.92,6.23,150,600,TG,https://www.glenair.com/wire-and-cable/m22759-wires/pdf/m22759-wires.pdf,M22759_18-18-8/M22759_18-18-8-rev1
M22759_18-18-9,M22759/18-18-9,1,18,18,9,white,MIL-DTL-22759/18,ETFE,"extruded ETFE, thin wall",thin,tin,copper,tin-coated copper,19x30,0.0475,0.061,0.0067,6.92,6.23,150,600,TG,https://www.glenair.com/wire-and-cable/m22759-wires/pdf/m22759-wires.pdf,M22759_18-18-9/M22759_18-18-9-rev1
M22759_18-18-90,M22759/18-18-90,1,18,18,90,white/black,MIL-DTL-22759/18,ETFE,"extruded ETFE, thin wall",thin,tin,copper,tin-coated copper,19x30,0.0475,0.061,0.0067,6.92,6.23,150,600,TG,https://www.glenair.com/wire-and-cable/m22759-wires/pdf/m22759-wires.pdf,M22759_18-18-90/M22759_18-18-90-rev1
M22759_18-18-91,M22759/18-18-91,1,18,18,91,white/brown,MIL-DTL-22759/18,ETFE,"extruded ETFE, thin wall",thin,tin,copper,tin-coated copper,19x30,0.0475,0.061,0.0067,6.92,6.23,150,600,TG,https://www.glenair.com/wire-and-cable/m22759-wires/pdf/m22759-wires.pdf,M22759_18-18-91/M22759_18-18-91-rev1
M22759_18-18-92,M22759/18-18-92,1,18,18,92,white/red,MIL-DTL-22759/18,ETFE,"extruded ETFE, thin wall",thin,tin,copper,tin-coated copper,19x30,0.0475,0.061,0.0067,6.92,6.23,150,600,TG,https://www.glenair.com/wire-and-cable/m22759-wires/pdf/m22759-wires.pdf,M22759_18-18-92/M22759_18-18-92-rev1
M22759_18-18-93,M22759/18-18-93,1,18,18,93,white/orange,MIL-DTL-22759/18,ETFE,"extruded ETFE, thin wall",thin,tin,copper,tin-coated copper,19x30,0.0475,0.061,0.0067,6.92,6.23,150,600,TG,https://www.glenair.com/wire-and-cable/m22759-wires/pdf/m22759-wires.pdf,M22759_18-18-93/M22759_18-18-93-rev1
M22759_18-18-94,M22759/18-18-94,1,18,18,94,white/yellow,MIL-DTL-22759/18,ETFE,"extruded ETFE, thin wall",thin,tin,copper,tin-coated copper,19x30,0.0475,0.061,0.0067,6.92,6.23,150,600,TG,https://www.glenair.com/wire-and-cable/m22759-wires/pdf/m22759-wires.pdf,M22759_18-18-94/M22759_18-18-94-rev1
M22759_18-18-95,M22759/18-18-95,1,18,18,95,white/green,MIL-DTL-22759/18,ETFE,"extruded ETFE, thin wall",thin,tin,copper,tin-coated copper,19x30,0.0475,0.061,0.0067,6.92,6.23,150,600,TG,https://www.glenair.com/wire-and-cable/m22759-wires/pdf/m22759-wires.pdf,M22759_18-18-95/M22759_18-18-95-rev1
M22759_18-18-96,M22759/18-18-96,1,18,18,96,white/blue,MIL-DTL-22759/18,ETFE,"extruded ETFE, thin wall",thin,tin,copper,tin-coated copper,19x30,0.0475,0.061,0.0067,6.92,6.23,150,600,TG,https://www.glenair.com/wire-and-cable/m22759-wires/pdf/m22759-wires.pdf,M22759_18-18-96/M22759_18-18-96-rev1
M22759_18-18-97,M22759/18-18-97,1,18,18,97,white/violet,MIL-DTL-22759/18,ETFE,"extruded ETFE, thin wall",thin,tin,copper,tin-coated copper,19x30,0.0475,0.061,0.0067,6.92,6.23,150,600,TG,https://www.glenair.com/wire-and-cable/m22759-wires/pdf/m22759-wires.pdf,M22759_18-18-97/M22759_18-18-97-rev1
M22759_18-18-98,M22759/18-18-98,1,18,18,98,white/gray,MIL-DTL-22759/18,ETFE,"extruded ETFE, thin wall",thin,tin,copper,tin-coated copper,19x30,0.0475,0.061,0.0067,6.92,6.23,150,600,TG,https://www.glenair.com/wire-and-cable/m22759-wires/pdf/m22759-wires.pdf,M22759_18-18-98/M22759_18-18-98-rev1
M22759_18-20-0,M22759/18-20-0,1,18,20,0,black,MIL-DTL-22759/18,ETFE,"extruded ETFE, thin wall",thin,tin,copper,tin-coated copper,19x32,0.0380,0.051,0.0065,4.58,9.88,150,600,TG,https://www.glenair.com/wire-and-cable/m22759-wires/pdf/m22759-wires.pdf,M22759_18-20-0/M22759_18-20-0-rev1
M22759_18-20-1,M22759/18-20-1,1,18,20,1,brown,MIL-DTL-22759/18,ETFE,"extruded ETFE, thin wall",thin,tin,copper,tin-coated copper,19x32,0.0380,0.051,0.0065,4.58,9.88,150,600,TG,https://www.glenair.com/wire-and-cable/m22759-wires/pdf/m22759-wires.pdf,M22759_18-20-1/M22759_18-20-1-rev1
M22759_18-20-2,M22759/18-20-2,1,18,20,2,red,MIL-DTL-22759/18,ETFE,"extruded ETFE, thin wall",thin,tin,copper,tin-coated copper,19x32,0.0380,0.051,0.0065,4.58,9.88,150,600,TG,https://www.glenair.com/wire-and-cable/m22759-wires/pdf/m22759-wires.pdf,M22759_18-20-2/M22759_18-20-2-rev1
M22759_18-20-3,M22759/18-20-3,1,18,20,3,orange,MIL-DTL-22759/18,ETFE,"extruded ETFE, thin wall",thin,tin,copper,tin-coated copper,19x32,0.0380,0.051,0.0065,4.58,9.88,150,600,TG,https://www.glenair.com/wire-and-cable/m22759-wires/pdf/m22759-wires.pdf,M22759_18-20-3/M22759_18-20-3-rev1
M22759_18-20-4,M22759/18-20-4,1,18,20,4,yellow,MIL-DTL-22759/18,ETFE,"extruded ETFE, thin wall",thin,tin,copper,tin-coated copper,19x32,0.0380,0.051,0.0065,4.58,9.88,150,600,TG,https://www.glenair.com/wire-and-cable/m22759-wires/pdf/m22759-wires.pdf,M22759_18-20-4/M22759_18-20-4-rev1
M22759_18-20-5,M22759/18-20-5,1,18,20,5,green,MIL-DTL-22759/18,ETFE,"extruded ETFE, thin wall",thin,tin,copper,tin-coated copper,19x32,0.0380,0.051,0.0065,4.58,9.88,150,600,TG,https://www.glenair.com/wire-and-cable/m22759-wires/pdf/m22759-wires.pdf,M22759_18-20-5/M22759_18-20-5-rev1
M22759_18-20-6,M22759/18-20-6,1,18,20,6,blue,MIL-DTL-22759/18,ETFE,"extruded ETFE, thin wall",thin,tin,copper,tin-coated copper,19x32,0.0380,0.051,0.0065,4.58,9.88,150,600,TG,https://www.glenair.com/wire-and-cable/m22759-wires/pdf/m22759-wires.pdf,M22759_18-20-6/M22759_18-20-6-rev1
M22759_18-20-7,M22759/18-20-7,1,18,20,7,violet,MIL-DTL-22759/18,ETFE,"extruded ETFE, thin wall",thin,tin,copper,tin-coated copper,19x32,0.0380,0.051,0.0065,4.58,9.88,150,600,TG,https://www.glenair.com/wire-and-cable/m22759-wires/pdf/m22759-wires.pdf,M22759_18-20-7/M22759_18-20-7-rev1
M22759_18-20-8,M22759/18-20-8,1,18,20,8,gray,MIL-DTL-22759/18,ETFE,"extruded ETFE, thin wall",thin,tin,copper,tin-coated copper,19x32,0.0380,0.051,0.0065,4.58,9.88,150,600,TG,https://www.glenair.com/wire-and-cable/m22759-wires/pdf/m22759-wires.pdf,M22759_18-20-8/M22759_18-20-8-rev1
M22759_18-20-9,M22759/18-20-9,1,18,20,9,white,MIL-DTL-22759/18,ETFE,"extruded ETFE, thin wall",thin,tin,copper,tin-coated copper,19x32,0.0380,0.051,0.0065,4.58,9.88,150,600,TG,https://www.glenair.com/wire-and-cable/m22759-wires/pdf/m22759-wires.pdf,M22759_18-20-9/M22759_18-20-9-rev1
M22759_18-20-90,M22759/18-20-90,1,18,20,90,white/black,MIL-DTL-22759/18,ETFE,"extruded ETFE, thin wall",thin,tin,copper,tin-coated copper,19x32,0.0380,0.051,0.0065,4.58,9.88,150,600,TG,https://www.glenair.com/wire-and-cable/m22759-wires/pdf/m22759-wires.pdf,M22759_18-20-90/M22759_18-20-90-rev1
M22759_18-20-91,M22759/18-20-91,1,18,20,91,white/brown,MIL-DTL-22759/18,ETFE,"extruded ETFE, thin wall",thin,tin,copper,tin-coated copper,19x32,0.0380,0.051,0.0065,4.58,9.88,150,600,TG,https://www.glenair.com/wire-and-cable/m22759-wires/pdf/m22759-wires.pdf,M22759_18-20-91/M22759_18-20-91-rev1
M22759_18-20-92,M22759/18-20-92,1,18,20,92,white/red,MIL-DTL-22759/18,ETFE,"extruded ETFE, thin wall",thin,tin,copper,tin-coated copper,19x32,0.0380,0.051,0.0065,4.58,9.88,150,600,TG,https://www.glenair.com/wire-and-cable/m22759-wires/pdf/m22759-wires.pdf,M22759_18-20-92/M22759_18-20-92-rev1
M22759_18-20-93,M22759/18-20-93,1,18,20,93,white/orange,MIL-DTL-22759/18,ETFE,"extruded ETFE, thin wall",thin,tin,copper,tin-coated copper,19x32,0.0380,0.051,0.0065,4.58,9.88,150,600,TG,https://www.glenair.com/wire-and-cable/m22759-wires/pdf/m22759-wires.pdf,M22759_18-20-93/M22759_18-20-93-rev1
M22759_18-20-94,M22759/18-20-94,1,18,20,94,white/yellow,MIL-DTL-22759/18,ETFE,"extruded ETFE, thin wall",thin,tin,copper,tin-coated copper,19x32,0.0380,0.051,0.0065,4.58,9.88,150,600,TG,https://www.glenair.com/wire-and-cable/m22759-wires/pdf/m22759-wires.pdf,M22759_18-20-94/M22759_18-20-94-rev1
M22759_18-20-95,M22759/18-20-95,1,18,20,95,white/green,MIL-DTL-22759/18,ETFE,"extruded ETFE, thin wall",thin,tin,copper,tin-coated copper,19x32,0.0380,0.051,0.0065,4.58,9.88,150,600,TG,https://www.glenair.com/wire-and-cable/m22759-wires/pdf/m22759-wires.pdf,M22759_18-20-95/M22759_18-20-95-rev1
M22759_18-20-96,M22759/18-20-96,1,18,20,96,white/blue,MIL-DTL-22759/18,ETFE,"extruded ETFE, thin wall",thin,tin,copper,tin-coated copper,19x32,0.0380,0.051,0.0065,4.58,9.88,150,600,TG,https://www.glenair.com/wire-and-cable/m22759-wires/pdf/m22759-wires.pdf,M22759_18-20-96/M22759_18-20-96-rev1
M22759_18-20-97,M22759/18-20-97,1,18,20,97,white/violet,MIL-DTL-22759/18,ETFE,"extruded ETFE, thin wall",thin,tin,copper,tin-coated copper,19x32,0.0380,0.051,0.0065,4.58,9.88,150,600,TG,https://www.glenair.com/wire-and-cable/m22759-wires/pdf/m22759-wires.pdf,M22759_18-20-97/M22759_18-20-97-rev1
M22759_18-20-98,M22759/18-20-98,1,18,20,98,white/gray,MIL-DTL-22759/18,ETFE,"extruded ETFE, thin wall",thin,tin,copper,tin-coated copper,19x32,0.0380,0.051,0.0065,4.58,9.88,150,600,TG,https://www.glenair.com/wire-and-cable/m22759-wires/pdf/m22759-wires.pdf,M22759_18-20-98/M22759_18-20-98-rev1
M22759_18-22-0,M22759/18-22-0,1,18,22,0,black,MIL-DTL-22759/18,ETFE,"extruded ETFE, thin wall",thin,tin,copper,tin-coated copper,19x34,0.0300,0.043,0.0065,3.05,16.2,150,600,TG,https://www.glenair.com/wire-and-cable/m22759-wires/pdf/m22759-wires.pdf,M22759_18-22-0/M22759_18-22-0-rev1
M22759_18-22-1,M22759/18-22-1,1,18,22,1,brown,MIL-DTL-22759/18,ETFE,"extruded ETFE, thin wall",thin,tin,copper,tin-coated copper,19x34,0.0300,0.043,0.0065,3.05,16.2,150,600,TG,https://www.glenair.com/wire-and-cable/m22759-wires/pdf/m22759-wires.pdf,M22759_18-22-1/M22759_18-22-1-rev1
M22759_18-22-2,M22759/18-22-2,1,18,22,2,red,MIL-DTL-22759/18,ETFE,"extruded ETFE, thin wall",thin,tin,copper,tin-coated copper,19x34,0.0300,0.043,0.0065,3.05,16.2,150,600,TG,https://www.glenair.com/wire-and-cable/m22759-wires/pdf/m22759-wires.pdf,M22759_18-22-2/M22759_18-22-2-rev1
M22759_18-22-3,M22759/18-22-3,1,18,22,3,orange,MIL-DTL-22759/18,ETFE,"extruded ETFE, thin wall",thin,tin,copper,tin-coated copper,19x34,0.0300,0.043,0.0065,3.05,16.2,150,600,TG,https://www.glenair.com/wire-and-cable/m22759-wires/pdf/m22759-wires.pdf,M22759_18-22-3/M22759_18-22-3-rev1
M22759_18-22-4,M22759/18-22-4,1,18,22,4,yellow,MIL-DTL-22759/18,ETFE,"extruded ETFE, thin wall",thin,tin,copper,tin-coated copper,19x34,0.0300,0.043,0.0065,3.05,16.2,150,600,TG,https://www.glenair.com/wire-and-cable/m22759-wires/pdf/m22759-wires.pdf,M22759_18-22-4/M22759_18-22-4-rev1
M22759_18-22-5,M22759/18-22-5,1,18,22,5,green,MIL-DTL-22759/18,ETFE,"extruded ETFE, thin wall",thin,tin,copper,tin-coated copper,19x34,0.0300,0.043,0.0065,3.05,16.2,150,600,TG,https://www.glenair.com/wire-and-cable/m22759-wires/pdf/m22759-wires.pdf,M22759_18-22-5/M22759_18-22-5-rev1
M22759_18-22-6,M22759/18-22-6,1,18,22,6,blue,MIL-DTL-22759/18,ETFE,"extruded ETFE, thin wall",thin,tin,copper,tin-coated copper,19x34,0.0300,0.043,0.0065,3.05,16.2,150,600,TG,https://www.glenair.com/wire-and-cable/m22759-wires/pdf/m22759-wires.pdf,M22759_18-22-6/M22759_18-22-6-rev1
M22759_18-22-7,M22759/18-22-7,1,18,22,7,violet,MIL-DTL-22759/18,ETFE,"extruded ETFE, thin wall",thin,tin,copper,tin-coated copper,19x34,0.0300,0.043,0.0065,3.05,16.2,150,600,TG,https://www.glenair.com/wire-and-cable/m22759-wires/pdf/m22759-wires.pdf,M22759_18-22-7/M22759_18-22-7-rev1
M22759_18-22-8,M22759/18-22-8,1,18,22,8,gray,MIL-DTL-22759/18,ETFE,"extruded ETFE, thin wall",thin,tin,copper,tin-coated copper,19x34,0.0300,0.043,0.0065,3.05,16.2,150,600,TG,https://www.glenair.com/wire-and-cable/m22759-wires/pdf/m22759-wires.pdf,M22759_18-22-8/M22759_18-22-8-rev1
M22759_18-22-9,M22759/18-22-9,1,18,22,9,white,MIL-DTL-22759/18,ETFE,"extruded ETFE, thin wall",thin,tin,copper,tin-coated copper,19x34,0.0300,0.043,0.0065,3.05,16.2,150,600,TG,https://www.glenair.com/wire-and-cable/m22759-wires/pdf/m22759-wires.pdf,M22759_18-22-9/M22759_18-22-9-rev1
M22759_18-22-90,M22759/18-22-90,1,18,22,90,white/black,MIL-DTL-22759/18,ETFE,"extruded ETFE, thin wall",thin,tin,copper,tin-coated copper,19x34,0.0300,0.043,0.0065,3.05,16.2,150,600,TG,https://www.glenair.com/wire-and-cable/m22759-wires/pdf/m22759-wires.pdf,M22759_18-22-90/M22759_18-22-90-rev1
M22759_18-22-91,M22759/18-22-91,1,18,22,91,white/brown,MIL-DTL-22759/18,ETFE,"extruded ETFE, thin wall",thin,tin,copper,tin-coated copper,19x34,0.0300,0.043,0.0065,3.05,16.2,150,600,TG,https://www.glenair.com/wire-and-cable/m22759-wires/pdf/m22759-wires.pdf,M22759_18-22-91/M22759_18-22-91-rev1
M22759_18-22-92,M22759/18-22-92,1,18,22,92,white/red,MIL-DTL-22759/18,ETFE,"extruded ETFE, thin wall",thin,tin,copper,tin-coated copper,19x34,0.0300,0.043,0.0065,3.05,16.2,150,600,TG,https://www.glenair.com/wire-and-cable/m22759-wires/pdf/m22759-wires.pdf,M22759_18-22-92/M22759_18-22-92-rev1
M22759_18-22-93,M22759/18-22-93,1,18,22,93,white/orange,MIL-DTL-22759/18,ETFE,"extruded ETFE, thin wall",thin,tin,copper,tin-coated copper,19x34,0.0300,0.043,0.0065,3.05,16.2,150,600,TG,https://www.glenair.com/wire-and-cable/m22759-wires/pdf/m22759-wires.pdf,M22759_18-22-93/M22759_18-22-93-rev1
M22759_18-22-94,M22759/18-22-94,1,18,22,94,white/yellow,MIL-DTL-22759/18,ETFE,"extruded ETFE, thin wall",thin,tin,copper,tin-coated copper,19x34,0.0300,0.043,0.0065,3.05,16.2,150,600,TG,https://www.glenair.com/wire-and-cable/m22759-wires/pdf/m22759-wires.pdf,M22759_18-22-94/M22759_18-22-94-rev1
M22759_18-22-95,M22759/18-22-95,1,18,22,95,white/green,MIL-DTL-22759/18,ETFE,"extruded ETFE, thin wall",thin,tin,copper,tin-coated copper,19x34,0.0300,0.043,0.0065,3.05,16.2,150,600,TG,https://www.glenair.com/wire-and-cable/m22759-wires/pdf/m22759-wires.pdf,M22759_18-22-95/M22759_18-22-95-rev1
M22759_18-22-96,M22759/18-22-96,1,18,22,96,white/blue,MIL-DTL-22759/18,ETFE,"extruded ETFE, thin wall",thin,tin,copper,tin-coated copper,19x34,0.0300,0.043,0.0065,3.05,16.2,150,600,TG,https://www.glenair.com/wire-and-cable/m22759-wires/pdf/m22759-wires.pdf,M22759_18-22-96/M22759_18-22-96-rev1
M22759_18-22-97,M22759/18-22-97,1,18,22,97,white/violet,MIL-DTL-22759/18,ETFE,"extruded ETFE, thin wall",thin,tin,copper,tin-coated copper,19x34,0.0300,0.043,0.0065,3.05,16.2,150,600,TG,https://www.glenair.com/wire-and-cable/m22759-wires/pdf/m22759-wires.pdf,M22759_18-22-97/M22759_18-22-97-rev1
M22759_18-22-98,M22759/18-22-98,1,18,22,98,white/gray,MIL-DTL-22759/18,ETFE,"extruded ETFE, thin wall",thin,tin,copper,tin-coated copper,19x34,0.0300,0.043,0.0065,3.05,16.2,150,600,TG,https://www.glenair.com/wire-and-cable/m22759-wires/pdf/m22759-wires.pdf,M22759_18-22-98/M22759_18-22-98-rev1
M22759_18-24-0,M22759/18-24-0,1,18,24,0,black,MIL-DTL-22759/18,ETFE,"extruded ETFE, thin wall",thin,tin,copper,tin-coated copper,19x36,0.0240,0.036,0.0060,2.09,26.2,150,600,TG,https://www.glenair.com/wire-and-cable/m22759-wires/pdf/m22759-wires.pdf,M22759_18-24-0/M22759_18-24-0-rev1
M22759_18-24-1,M22759/18-24-1,1,18,24,1,brown,MIL-DTL-22759/18,ETFE,"extruded ETFE, thin wall",thin,tin,copper,tin-coated copper,19x36,0.0240,0.036,0.0060,2.09,26.2,150,600,TG,https://www.glenair.com/wire-and-cable/m22759-wires/pdf/m22759-wires.pdf,M22759_18-24-1/M22759_18-24-1-rev1
M22759_18-24-2,M22759/18-24-2,1,18,24,2,red,MIL-DTL-22759/18,ETFE,"extruded ETFE, thin wall",thin,tin,copper,tin-coated copper,19x36,0.0240,0.036,0.0060,2.09,26.2,150,600,TG,https://www.glenair.com/wire-and-cable/m22759-wires/pdf/m22759-wires.pdf,M22759_18-24-2/M22759_18-24-2-rev1
M22759_18-24-3,M22759/18-24-3,1,18,24,3,orange,MIL-DTL-22759/18,ETFE,"extruded ETFE, thin wall",thin,tin,copper,tin-coated copper,19x36,0.0240,0.036,0.0060,2.09,26.2,150,600,TG,https://www.glenair.com/wire-and-cable/m22759-wires/pdf/m22759-wires.pdf,M22759_18-24-3/M22759_18-24-3-rev1
M22759_18-24-4,M22759/18-24-4,1,18,24,4,yellow,MIL-DTL-22759/18,ETFE,"extruded ETFE, thin wall",thin,tin,copper,tin-coated copper,19x36,0.0240,0.036,0.0060,2.09,26.2,150,600,TG,https://www.glenair.com/wire-and-cable/m22759-wires/pdf/m22759-wires.pdf,M22759_18-24-4/M22759_18-24-4-rev1
M22759_18-24-5,M22759/18-24-5,1,18,24,5,green,MIL-DTL-22759/18,ETFE,"extruded ETFE, thin wall",thin,tin,copper,tin-coated copper,19x36,0.0240,0.036,0.0060,2.09,26.2,150,600,TG,https://www.glenair.com/wire-and-cable/m22759-wires/pdf/m22759-wires.pdf,M22759_18-24-5/M22759_18-24-5-rev1
M22759_18-24-6,M22759/18-24-6,1,18,24,6,blue,MIL-DTL-22759/18,ETFE,"extruded ETFE, thin wall",thin,tin,copper,tin-coated copper,19x36,0.0240,0.036,0.0060,2.09,26.2,150,600,TG,https://www.glenair.com/wire-and-cable/m22759-wires/pdf/m22759-wires.pdf,M22759_18-24-6/M22759_18-24-6-rev1
M22759_18-24-7,M22759/18-24-7,1,18,24,7,violet,MIL-DTL-22759/18,ETFE,"extruded ETFE, thin wall",thin,tin,copper,tin-coated copper,19x36,0.0240,0.036,0.0060,2.09,26.2,150,600,TG,https://www.glenair.com/wire-and-cable/m22759-wires/pdf/m22759-wires.pdf,M22759_18-24-7/M22759_18-24-7-rev1
M22759_18-24-8,M22759/18-24-8,1,18,24,8,gray,MIL-DTL-22759/18,ETFE,"extruded ETFE, thin wall",thin,tin,copper,tin-coated copper,19x36,0.0240,0.036,0.0060,2.09,26.2,150,600,TG,https://www.glenair.com/wire-and-cable/m22759-wires/pdf/m22759-wires.pdf,M22759_18-24-8/M22759_18-24-8-rev1
M22759_18-24-9,M22759/18-24-9,1,18,24,9,white,MIL-DTL-22759/18,ETFE,"extruded ETFE, thin wall",thin,tin,copper,tin-coated copper,19x36,0.0240,0.036,0.0060,2.09,26.2,150,600,TG,https://www.glenair.com/wire-and-cable/m22759-wires/pdf/m22759-wires.pdf,M22759_18-24-9/M22759_18-24-9-rev1
M22759_18-24-90,M22759/18-24-90,1,18,24,90,white/black,MIL-DTL-22759/18,ETFE,"extruded ETFE, thin wall",thin,tin,copper,tin-coated copper,19x36,0.0240,0.036,0.0060,2.09,26.2,150,600,TG,https://www.glenair.com/wire-and-cable/m22759-wires/pdf/m22759-wires.pdf,M22759_18-24-90/M22759_18-24-90-rev1
M22759_18-24-91,M22759/18-24-91,1,18,24,91,white/brown,MIL-DTL-22759/18,ETFE,"extruded ETFE, thin wall",thin,tin,copper,tin-coated copper,19x36,0.0240,0.036,0.0060,2.09,26.2,150,600,TG,https://www.glenair.com/wire-and-cable/m22759-wires/pdf/m22759-wires.pdf,M22759_18-24-91/M22759_18-24-91-rev1
M22759_18-24-92,M22759/18-24-92,1,18,24,92,white/red,MIL-DTL-22759/18,ETFE,"extruded ETFE, thin wall",thin,tin,copper,tin-coated copper,19x36,0.0240,0.036,0.0060,2.09,26.2,150,600,TG,https://www.glenair.com/wire-and-cable/m22759-wires/pdf/m22759-wires.pdf,M22759_18-24-92/M22759_18-24-92-rev1
M22759_18-24-93,M22759/18-24-93,1,18,24,93,white/orange,MIL-DTL-22759/18,ETFE,"extruded ETFE, thin wall",thin,tin,copper,tin-coated copper,19x36,0.0240,0.036,0.0060,2.09,26.2,150,600,TG,https://www.glenair.com/wire-and-cable/m22759-wires/pdf/m22759-wires.pdf,M22759_18-24-93/M22759_18-24-93-rev1
M22759_18-24-94,M22759/18-24-94,1,18,24,94,white/yellow,MIL-DTL-22759/18,ETFE,"extruded ETFE, thin wall",thin,tin,copper,tin-coated copper,19x36,0.0240,0.036,0.0060,2.09,26.2,150,600,TG,https://www.glenair.com/wire-and-cable/m22759-wires/pdf/m22759-wires.pdf,M22759_18-24-94/M22759_18-24-94-rev1
M22759_18-24-95,M22759/18-24-95,1,18,24,95,white/green,MIL-DTL-22759/18,ETFE,"extruded ETFE, thin wall",thin,tin,copper,tin-coated copper,19x36,0.0240,0.036,0.0060,2.09,26.2,150,600,TG,https://www.glenair.com/wire-and-cable/m22759-wires/pdf/m22759-wires.pdf,M22759_18-24-95/M22759_18-24-95-rev1
M22759_18-24-96,M22759/18-24-96,1,18,24,96,white/blue,MIL-DTL-22759/18,ETFE,"extruded ETFE, thin wall",thin,tin,copper,tin-coated copper,19x36,0.0240,0.036,0.0060,2.09,26.2,150,600,TG,https://www.glenair.com/wire-and-cable/m22759-wires/pdf/m22759-wires.pdf,M22759_18-24-96/M22759_18-24-96-rev1
M22759_18-24-97,M22759/18-24-97,1,18,24,97,white/violet,MIL-DTL-22759/18,ETFE,"extruded ETFE, thin wall",thin,tin,copper,tin-coated copper,19x36,0.0240,0.036,0.0060,2.09,26.2,150,600,TG,https://www.glenair.com/wire-and-cable/m22759-wires/pdf/m22759-wires.pdf,M22759_18-24-97/M22759_18-24-97-rev1
M22759_18-24-98,M22759/18-24-98,1,18,24,98,white/gray,MIL-DTL-22759/18,ETFE,"extruded ETFE, thin wall",thin,tin,copper,tin-coated copper,19x36,0.0240,0.036,0.0060,2.09,26.2,150,600,TG,https://www.glenair.com/wire-and-cable/m22759-wires/pdf/m22759-wires.pdf,M22759_18-24-98/M22759_18-24-98-rev1
M22759_18-26-0,M22759/18-26-0,1,18,26,0,black,MIL-DTL-22759/18,ETFE,"extruded ETFE, thin wall",thin,tin,copper,tin-coated copper,19x38,0.0190,0.032,0.0065,1.45,41.3,150,600,TG,https://www.glenair.com/wire-and-cable/m22759-wires/pdf/m22759-wires.pdf,M22759_18-26-0/M22759_18-26-0-rev1
M22759_18-26-1,M22759/18-26-1,1,18,26,1,brown,MIL-DTL-22759/18,ETFE,"extruded ETFE, thin wall",thin,tin,copper,tin-coated copper,19x38,0.0190,0.032,0.0065,1.45,41.3,150,600,TG,https://www.glenair.com/wire-and-cable/m22759-wires/pdf/m22759-wires.pdf,M22759_18-26-1/M22759_18-26-1-rev1
M22759_18-26-2,M22759/18-26-2,1,18,26,2,red,MIL-DTL-22759/18,ETFE,"extruded ETFE, thin wall",thin,tin,copper,tin-coated copper,19x38,0.0190,0.032,0.0065,1.45,41.3,150,600,TG,https://www.glenair.com/wire-and-cable/m22759-wires/pdf/m22759-wires.pdf,M22759_18-26-2/M22759_18-26-2-rev1
M22759_18-26-3,M22759/18-26-3,1,18,26,3,orange,MIL-DTL-22759/18,ETFE,"extruded ETFE, thin wall",thin,tin,copper,tin-coated copper,19x38,0.0190,0.032,0.0065,1.45,41.3,150,600,TG,https://www.glenair.com/wire-and-cable/m22759-wires/pdf/m22759-wires.pdf,M22759_18-26-3/M22759_18-26-3-rev1
M22759_18-26-4,M22759/18-26-4,1,18,26,4,yellow,MIL-DTL-22759/18,ETFE,"extruded ETFE, thin wall",thin,tin,copper,tin-coated copper,19x38,0.0190,0.032,0.0065,1.45,41.3,150,600,TG,https://www.glenair.com/wire-and-cable/m22759-wires/pdf/m22759-wires.pdf,M22759_18-26-4/M22759_18-26-4-rev1
M22759_18-26-5,M22759/18-26-5,1,18,26,5,green,MIL-DTL-22759/18,ETFE,"extruded ETFE, thin wall",thin,tin,copper,tin-coated copper,19x38,0.0190,0.032,0.0065,1.45,41.3,150,600,TG,https://www.glenair.com/wire-and-cable/m22759-wires/pdf/m22759-wires.pdf,M22759_18-26-5/M22759_18-26-5-rev1
M22759_18-26-6,M22759/18-26-6,1,18,26,6,blue,MIL-DTL-22759/18,ETFE,"extruded ETFE, thin wall",thin,tin,copper,tin-coated copper,19x38,0.0190,0.032,0.0065,1.45,41.3,150,600,TG,https://www.glenair.com/wire-and-cable/m22759-wires/pdf/m22759-wires.pdf,M22759_18-26-6/M22759_18-26-6-rev1
M22759_18-26-7,M22759/18-26-7,1,18,26,7,violet,MIL-DTL-22759/18,ETFE,"extruded ETFE, thin wall",thin,tin,copper,tin-coated copper,19x38,0.0190,0.032,0.0065,1.45,41.3,150,600,TG,https://www.glenair.com/wire-and-cable/m22759-wires/pdf/m22759-wires.pdf,M22759_18-26-7/M22759_18-26-7-rev1
M22759_18-26-8,M22759/18-26-8,1,18,26,8,gray,MIL-DTL-22759/18,ETFE,"extruded ETFE, thin wall",thin,tin,copper,tin-coated copper,19x38,0.0190,0.032,0.0065,1.45,41.3,150,600,TG,https://www.glenair.com/wire-and-cable/m22759-wires/pdf/m22759-wires.pdf,M22759_18-26-8/M22759_18-26-8-rev1
M22759_18-26-9,M22759/18-26-9,1,18,26,9,white,MIL-DTL-22759/18,ETFE,"extruded ETFE, thin wall",thin,tin,copper,tin-coated copper,19x38,0.0190,0.032,0.0065,1.45,41.3,150,600,TG,https://www.glenair.com/wire-and-cable/m22759-wires/pdf/m22759-wires.pdf,M22759_18-26-9/M22759_18-26-9-rev1
M22759_18-26-90,M22759/18-26-90,1,18,26,90,white/black,MIL-DTL-22759/18,ETFE,"extruded ETFE, thin wall",thin,tin,copper,tin-coated copper,19x38,0.0190,0.032,0.0065,1.45,41.3,150,600,TG,https://www.glenair.com/wire-and-cable/m22759-wires/pdf/m22759-wires.pdf,M22759_18-26-90/M22759_18-26-90-rev1
M22759_18-26-91,M22759/18-26-91,1,18,26,91,white/brown,MIL-DTL-22759/18,ETFE,"extruded ETFE, thin wall",thin,tin,copper,tin-coated copper,19x38,0.0190,0.032,0.0065,1.45,41.3,150,600,TG,https://www.glenair.com/wire-and-cable/m22759-wires/pdf/m22759-wires.pdf,M22759_18-26-91/M22759_18-26-91-rev1
M22759_18-26-92,M22759/18-26-92,1,18,26,92,white/red,MIL-DTL-22759/18,ETFE,"extruded ETFE, thin wall",thin,tin,copper,tin-coated copper,19x38,0.0190,0.032,0.0065,1.45,41.3,150,600,TG,https://www.glenair.com/wire-and-cable/m22759-wires/pdf/m22759-wires.pdf,M22759_18-26-92/M22759_18-26-92-rev1
M22759_18-26-93,M22759/18-26-93,1,18,26,93,white/orange,MIL-DTL-22759/18,ETFE,"extruded ETFE, thin wall",thin,tin,copper,tin-coated copper,19x38,0.0190,0.032,0.0065,1.45,41.3,150,600,TG,https://www.glenair.com/wire-and-cable/m22759-wires/pdf/m22759-wires.pdf,M22759_18-26-93/M22759_18-26-93-rev1
M22759_18-26-94,M22759/18-26-94,1,18,26,94,white/yellow,MIL-DTL-22759/18,ETFE,"extruded ETFE, thin wall",thin,tin,copper,tin-coated copper,19x38,0.0190,0.032,0.0065,1.45,41.3,150,600,TG,https://www.glenair.com/wire-and-cable/m22759-wires/pdf/m22759-wires.pdf,M22759_18-26-94/M22759_18-26-94-rev1
M22759_18-26-95,M22759/18-26-95,1,18,26,95,white/green,MIL-DTL-22759/18,ETFE,"extruded ETFE, thin wall",thin,tin,copper,tin-coated copper,19x38,0.0190,0.032,0.0065,1.45,41.3,150,600,TG,https://www.glenair.com/wire-and-cable/m22759-wires/pdf/m22759-wires.pdf,M22759_18-26-95/M22759_18-26-95-rev1
M22759_18-26-96,M22759/18-26-96,1,18,26,96,white/blue,MIL-DTL-22759/18,ETFE,"extruded ETFE, thin wall",thin,tin,copper,tin-coated copper,19x38,0.0190,0.032,0.0065,1.45,41.3,150,600,TG,https://www.glenair.com/wire-and-cable/m22759-wires/pdf/m22759-wires.pdf,M22759_18-26-96/M22759_18-26-96-rev1
M22759_18-26-97,M22759/18-26-97,1,18,26,97,white/violet,MIL-DTL-22759/18,ETFE,"extruded ETFE, thin wall",thin,tin,copper,tin-coated copper,19x38,0.0190,0.032,0.0065,1.45,41.3,150,600,TG,https://www.glenair.com/wire-and-cable/m22759-wires/pdf/m22759-wires.pdf,M22759_18-26-97/M22759_18-26-97-rev1
M22759_18-26-98,M22759/18-26-98,1,18,26,98,white/gray,MIL-DTL-22759/18,ETFE,"extruded ETFE, thin wall",thin,tin,copper,tin-coated copper,19x38,0.0190,0.032,0.0065,1.45,41.3,150,600,TG,https://www.glenair.com/wire-and-cable/m22759-wires/pdf/m22759-wires.pdf,M22759_18-26-98/M22759_18-26-98-rev1
M22759_32-12-0,M22759/32-12-0,1,32,12,0,black,MIL-DTL-22759/32,XL-ETFE,"crosslinked modified ETFE, light wall",light,tin,copper,tin-coated copper,37x28,0.0865,0.103,0.0083,19.7,2.02,150,600,SB,https://www.glenair.com/wire-and-cable/pdf/mil-star/gs22759-32.pdf,M22759_32-12-0/M22759_32-12-0-rev1
M22759_32-12-1,M22759/32-12-1,1,32,12,1,brown,MIL-DTL-22759/32,XL-ETFE,"crosslinked modified ETFE, light wall",light,tin,copper,tin-coated copper,37x28,0.0865,0.103,0.0083,19.7,2.02,150,600,SB,https://www.glenair.com/wire-and-cable/pdf/mil-star/gs22759-32.pdf,M22759_32-12-1/M22759_32-12-1-rev1
M22759_32-12-2,M22759/32-12-2,1,32,12,2,red,MIL-DTL-22759/32,XL-ETFE,"crosslinked modified ETFE, light wall",light,tin,copper,tin-coated copper,37x28,0.0865,0.103,0.0083,19.7,2.02,150,600,SB,https://www.glenair.com/wire-and-cable/pdf/mil-star/gs22759-32.pdf,M22759_32-12-2/M22759_32-12-2-rev1
M22759_32-12-3,M22759/32-12-3,1,32,12,3,orange,MIL-DTL-22759/32,XL-ETFE,"crosslinked modified ETFE, light wall",light,tin,copper,tin-coated copper,37x28,0.0865,0.103,0.0083,19.7,2.02,150,600,SB,https://www.glenair.com/wire-and-cable/pdf/mil-star/gs22759-32.pdf,M22759_32-12-3/M22759_32-12-3-rev1
M22759_32-12-4,M22759/32-12-4,1,32,12,4,yellow,MIL-DTL-22759/32,XL-ETFE,"crosslinked modified ETFE, light wall",light,tin,copper,tin-coated copper,37x28,0.0865,0.103,0.0083,19.7,2.02,150,600,SB,https://www.glenair.com/wire-and-cable/pdf/mil-star/gs22759-32.pdf,M22759_32-12-4/M22759_32-12-4-rev1
M22759_32-12-5,M22759/32-12-5,1,32,12,5,green,MIL-DTL-22759/32,XL-ETFE,"crosslinked modified ETFE, light wall",light,tin,copper,tin-coated copper,37x28,0.0865,0.103,0.0083,19.7,2.02,150,600,SB,https://www.glenair.com/wire-and-cable/pdf/mil-star/gs22759-32.pdf,M22759_32-12-5/M22759_32-12-5-rev1
M22759_32-12-6,M22759/32-12-6,1,32,12,6,blue,MIL-DTL-22759/32,XL-ETFE,"crosslinked modified ETFE, light wall",light,tin,copper,tin-coated copper,37x28,0.0865,0.103,0.0083,19.7,2.02,150,600,SB,https://www.glenair.com/wire-and-cable/pdf/mil-star/gs22759-32.pdf,M22759_32-12-6/M22759_32-12-6-rev1
M22759_32-12-7,M22759/32-12-7,1,32,12,7,violet,MIL-DTL-22759/32,XL-ETFE,"crosslinked modified ETFE, light wall",light,tin,copper,tin-coated copper,37x28,0.0865,0.103,0.0083,19.7,2.02,150,600,SB,https://www.glenair.com/wire-and-cable/pdf/mil-star/gs22759-32.pdf,M22759_32-12-7/M22759_32-12-7-rev1
M22759_32-12-8,M22759/32-12-8,1,32,12,8,gray,MIL-DTL-22759/32,XL-ETFE,"crosslinked modified ETFE, light wall",light,tin,copper,tin-coated copper,37x28,0.0865,0.103,0.0083,19.7,2.02,150,600,SB,https://www.glenair.com/wire-and-cable/pdf/mil-star/gs22759-32.pdf,M22759_32-12-8/M22759_32-12-8-rev1
M22759_32-12-9,M22759/32-12-9,1,32,12,9,white,MIL-DTL-22759/32,XL-ETFE,"crosslinked modified ETFE, light wall",light,tin,copper,tin-coated copper,37x28,0.0865,0.103,0.0083,19.7,2.02,150,600,SB,https://www.glenair.com/wire-and-cable/pdf/mil-star/gs22759-32.pdf,M22759_32-12-9/M22759_32-12-9-rev1
M22759_32-12-90,M22759/32-12-90,1,32,12,90,white/black,MIL-DTL-22759/32,XL-ETFE,"crosslinked modified ETFE, light wall",light,tin,copper,tin-coated copper,37x28,0.0865,0.103,0.0083,19.7,2.02,150,600,SB,https://www.glenair.com/wire-and-cable/pdf/mil-star/gs22759-32.pdf,M22759_32-12-90/M22759_32-12-90-rev1
M22759_32-12-91,M22759/32-12-91,1,32,12,91,white/brown,MIL-DTL-22759/32,XL-ETFE,"crosslinked modified ETFE, light wall",light,tin,copper,tin-coated copper,37x28,0.0865,0.103,0.0083,19.7,2.02,150,600,SB,https://www.glenair.com/wire-and-cable/pdf/mil-star/gs22759-32.pdf,M22759_32-12-91/M22759_32-12-91-rev1
M22759_32-12-92,M22759/32-12-92,1,32,12,92,white/red,MIL-DTL-22759/32,XL-ETFE,"crosslinked modified ETFE, light wall",light,tin,copper,tin-coated copper,37x28,0.0865,0.103,0.0083,19.7,2.02,150,600,SB,https://www.glenair.com/wire-and-cable/pdf/mil-star/gs22759-32.pdf,M22759_32-12-92/M22759_32-12-92-rev1
M22759_32-12-93,M22759/32-12-93,1,32,12,93,white/orange,MIL-DTL-22759/32,XL-ETFE,"crosslinked modified ETFE, light wall",light,tin,copper,tin-coated copper,37x28,0.0865,0.103,0.0083,19.7,2.02,150,600,SB,https://www.glenair.com/wire-and-cable/pdf/mil-star/gs22759-32.pdf,M22759_32-12-93/M22759_32-12-93-rev1
M22759_32-12-94,M22759/32-12-94,1,32,12,94,white/yellow,MIL-DTL-22759/32,XL-ETFE,"crosslinked modified ETFE, light wall",light,tin,copper,tin-coated copper,37x28,0.0865,0.103,0.0083,19.7,2.02,150,600,SB,https://www.glenair.com/wire-and-cable/pdf/mil-star/gs22759-32.pdf,M22759_32-12-94/M22759_32-12-94-rev1
M22759_32-12-95,M22759/32-12-95,1,32,12,95,white/green,MIL-DTL-22759/32,XL-ETFE,"crosslinked modified ETFE, light wall",light,tin,copper,tin-coated copper,37x28,0.0865,0.103,0.0083,19.7,2.02,150,600,SB,https://www.glenair.com/wire-and-cable/pdf/mil-star/gs22759-32.pdf,M22759_32-12-95/M22759_32-12-95-rev1
M22759_32-12-96,M22759/32-12-96,1,32,12,96,white/blue,MIL-DTL-22759/32,XL-ETFE,"crosslinked modified ETFE, light wall",light,tin,copper,tin-coated copper,37x28,0.0865,0.103,0.0083,19.7,2.02,150,600,SB,https://www.glenair.com/wire-and-cable/pdf/mil-star/gs22759-32.pdf,M22759_32-12-96/M22759_32-12-96-rev1
M22759_32-12-97,M22759/32-12-97,1,32,12,97,white/violet,MIL-DTL-22759/32,XL-ETFE,"crosslinked modified ETFE, light wall",light,tin,copper,tin-coated copper,37x28,0.0865,0.103,0.0083,19.7,2.02,150,600,SB,https://www.glenair.com/wire-and-cable/pdf/mil-star/gs22759-32.pdf,M22759_32-12-97/M22759_32-12-97-rev1
M22759_32-12-98,M22759/32-12-98,1,32,12,98,white/gray,MIL-DTL-22759/32,XL-ETFE,"crosslinked modified ETFE, light wall",light,tin,copper,tin-coated copper,37x28,0.0865,0.103,0.0083,19.7,2.02,150,600,SB,https://www.glenair.com/wire-and-cable/pdf/mil-star/gs22759-32.pdf,M22759_32-12-98/M22759_32-12-98-rev1
M22759_32-14-0,M22759/32-14-0,1,32,14,0,black,MIL-DTL-22759/32,XL-ETFE,"crosslinked modified ETFE, light wall",light,tin,copper,tin-coated copper,19x27,0.0670,0.085,0.0090,13.0,3.06,150,600,SB,https://www.glenair.com/wire-and-cable/pdf/mil-star/gs22759-32.pdf,M22759_32-14-0/M22759_32-14-0-rev1
M22759_32-14-1,M22759/32-14-1,1,32,14,1,brown,MIL-DTL-22759/32,XL-ETFE,"crosslinked modified ETFE, light wall",light,tin,copper,tin-coated copper,19x27,0.0670,0.085,0.0090,13.0,3.06,150,600,SB,https://www.glenair.com/wire-and-cable/pdf/mil-star/gs22759-32.pdf,M22759_32-14-1/M22759_32-14-1-rev1
M22759_32-14-2,M22759/32-14-2,1,32,14,2,red,MIL-DTL-22759/32,XL-ETFE,"crosslinked modified ETFE, light wall",light,tin,copper,tin-coated copper,19x27,0.0670,0.085,0.0090,13.0,3.06,150,600,SB,https://www.glenair.com/wire-and-cable/pdf/mil-star/gs22759-32.pdf,M22759_32-14-2/M22759_32-14-2-rev1
M22759_32-14-3,M22759/32-14-3,1,32,14,3,orange,MIL-DTL-22759/32,XL-ETFE,"crosslinked modified ETFE, light wall",light,tin,copper,tin-coated copper,19x27,0.0670,0.085,0.0090,13.0,3.06,150,600,SB,https://www.glenair.com/wire-and-cable/pdf/mil-star/gs22759-32.pdf,M22759_32-14-3/M22759_32-14-3-rev1
M22759_32-14-4,M22759/32-14-4,1,32,14,4,yellow,MIL-DTL-22759/32,XL-ETFE,"crosslinked modified ETFE, light wall",light,tin,copper,tin-coated copper,19x27,0.0670,0.085,0.0090,13.0,3.06,150,600,SB,https://www.glenair.com/wire-and-cable/pdf/mil-star/gs22759-32.pdf,M22759_32-14-4/M22759_32-14-4-rev1
M22759_32-14-5,M22759/32-14-5,1,32,14,5,green,MIL-DTL-22759/32,XL-ETFE,"crosslinked modified ETFE, light wall",light,tin,copper,tin-coated copper,19x27,0.0670,0.085,0.0090,13.0,3.06,150,600,SB,https://www.glenair.com/wire-and-cable/pdf/mil-star/gs22759-32.pdf,M22759_32-14-5/M22759_32-14-5-rev1
M22759_32-14-6,M22759/32-14-6,1,32,14,6,blue,MIL-DTL-22759/32,XL-ETFE,"crosslinked modified ETFE, light wall",light,tin,copper,tin-coated copper,19x27,0.0670,0.085,0.0090,13.0,3.06,150,600,SB,https://www.glenair.com/wire-and-cable/pdf/mil-star/gs22759-32.pdf,M22759_32-14-6/M22759_32-14-6-rev1
M22759_32-14-7,M22759/32-14-7,1,32,14,7,violet,MIL-DTL-22759/32,XL-ETFE,"crosslinked modified ETFE, light wall",light,tin,copper,tin-coated copper,19x27,0.0670,0.085,0.0090,13.0,3.06,150,600,SB,https://www.glenair.com/wire-and-cable/pdf/mil-star/gs22759-32.pdf,M22759_32-14-7/M22759_32-14-7-rev1
M22759_32-14-8,M22759/32-14-8,1,32,14,8,gray,MIL-DTL-22759/32,XL-ETFE,"crosslinked modified ETFE, light wall",light,tin,copper,tin-coated copper,19x27,0.0670,0.085,0.0090,13.0,3.06,150,600,SB,https://www.glenair.com/wire-and-cable/pdf/mil-star/gs22759-32.pdf,M22759_32-14-8/M22759_32-14-8-rev1
M22759_32-14-9,M22759/32-14-9,1,32,14,9,white,MIL-DTL-22759/32,XL-ETFE,"crosslinked modified ETFE, light wall",light,tin,copper,tin-coated copper,19x27,0.0670,0.085,0.0090,13.0,3.06,150,600,SB,https://www.glenair.com/wire-and-cable/pdf/mil-star/gs22759-32.pdf,M22759_32-14-9/M22759_32-14-9-rev1
M22759_32-14-90,M22759/32-14-90,1,32,14,90,white/black,MIL-DTL-22759/32,XL-ETFE,"crosslinked modified ETFE, light wall",light,tin,copper,tin-coated copper,19x27,0.0670,0.085,0.0090,13.0,3.06,150,600,SB,https://www.glenair.com/wire-and-cable/pdf/mil-star/gs22759-32.pdf,M22759_32-14-90/M22759_32-14-90-rev1
M22759_32-14-91,M22759/32-14-91,1,32,14,91,white/brown,MIL-DTL-22759/32,XL-ETFE,"crosslinked modified ETFE, light wall",light,tin,copper,tin-coated copper,19x27,0.0670,0.085,0.0090,13.0,3.06,150,600,SB,https://www.glenair.com/wire-and-cable/pdf/mil-star/gs22759-32.pdf,M22759_32-14-91/M22759_32-14-91-rev1
M22759_32-14-92,M22759/32-14-92,1,32,14,92,white/red,MIL-DTL-22759/32,XL-ETFE,"crosslinked modified ETFE, light wall",light,tin,copper,tin-coated copper,19x27,0.0670,0.085,0.0090,13.0,3.06,150,600,SB,https://www.glenair.com/wire-and-cable/pdf/mil-star/gs22759-32.pdf,M22759_32-14-92/M22759_32-14-92-rev1
M22759_32-14-93,M22759/32-14-93,1,32,14,93,white/orange,MIL-DTL-22759/32,XL-ETFE,"crosslinked modified ETFE, light wall",light,tin,copper,tin-coated copper,19x27,0.0670,0.085,0.0090,13.0,3.06,150,600,SB,https://www.glenair.com/wire-and-cable/pdf/mil-star/gs22759-32.pdf,M22759_32-14-93/M22759_32-14-93-rev1
M22759_32-14-94,M22759/32-14-94,1,32,14,94,white/yellow,MIL-DTL-22759/32,XL-ETFE,"crosslinked modified ETFE, light wall",light,tin,copper,tin-coated copper,19x27,0.0670,0.085,0.0090,13.0,3.06,150,600,SB,https://www.glenair.com/wire-and-cable/pdf/mil-star/gs22759-32.pdf,M22759_32-14-94/M22759_32-14-94-rev1
M22759_32-14-95,M22759/32-14-95,1,32,14,95,white/green,MIL-DTL-22759/32,XL-ETFE,"crosslinked modified ETFE, light wall",light,tin,copper,tin-coated copper,19x27,0.0670,0.085,0.0090,13.0,3.06,150,600,SB,https://www.glenair.com/wire-and-cable/pdf/mil-star/gs22759-32.pdf,M22759_32-14-95/M22759_32-14-95-rev1
M22759_32-14-96,M22759/32-14-96,1,32,14,96,white/blue,MIL-DTL-22759/32,XL-ETFE,"crosslinked modified ETFE, light wall",light,tin,copper,tin-coated copper,19x27,0.0670,0.085,0.0090,13.0,3.06,150,600,SB,https://www.glenair.com/wire-and-cable/pdf/mil-star/gs22759-32.pdf,M22759_32-14-96/M22759_32-14-96-rev1
M22759_32-14-97,M22759/32-14-97,1,32,14,97,white/violet,MIL-DTL-22759/32,XL-ETFE,"crosslinked modified ETFE, light wall",light,tin,copper,tin-coated copper,19x27,0.0670,0.085,0.0090,13.0,3.06,150,600,SB,https://www.glenair.com/wire-and-cable/pdf/mil-star/gs22759-32.pdf,M22759_32-14-97/M22759_32-14-97-rev1
M22759_32-14-98,M22759/32-14-98,1,32,14,98,white/gray,MIL-DTL-22759/32,XL-ETFE,"crosslinked modified ETFE, light wall",light,tin,copper,tin-coated copper,19x27,0.0670,0.085,0.0090,13.0,3.06,150,600,SB,https://www.glenair.com/wire-and-cable/pdf/mil-star/gs22759-32.pdf,M22759_32-14-98/M22759_32-14-98-rev1
M22759_32-16-0,M22759/32-16-0,1,32,16,0,black,MIL-DTL-22759/32,XL-ETFE,"crosslinked modified ETFE, light wall",light,tin,copper,tin-coated copper,19x29,0.0535,0.068,0.0073,8.3,4.81,150,600,SB,https://www.glenair.com/wire-and-cable/pdf/mil-star/gs22759-32.pdf,M22759_32-16-0/M22759_32-16-0-rev1
M22759_32-16-1,M22759/32-16-1,1,32,16,1,brown,MIL-DTL-22759/32,XL-ETFE,"crosslinked modified ETFE, light wall",light,tin,copper,tin-coated copper,19x29,0.0535,0.068,0.0073,8.3,4.81,150,600,SB,https://www.glenair.com/wire-and-cable/pdf/mil-star/gs22759-32.pdf,M22759_32-16-1/M22759_32-16-1-rev1
M22759_32-16-2,M22759/32-16-2,1,32,16,2,red,MIL-DTL-22759/32,XL-ETFE,"crosslinked modified ETFE, light wall",light,tin,copper,tin-coated copper,19x29,0.0535,0.068,0.0073,8.3,4.81,150,600,SB,https://www.glenair.com/wire-and-cable/pdf/mil-star/gs22759-32.pdf,M22759_32-16-2/M22759_32-16-2-rev1
M22759_32-16-3,M22759/32-16-3,1,32,16,3,orange,MIL-DTL-22759/32,XL-ETFE,"crosslinked modified ETFE, light wall",light,tin,copper,tin-coated copper,19x29,0.0535,0.068,0.0073,8.3,4.81,150,600,SB,https://www.glenair.com/wire-and-cable/pdf/mil-star/gs22759-32.pdf,M22759_32-16-3/M22759_32-16-3-rev1
M22759_32-16-4,M22759/32-16-4,1,32,16,4,yellow,MIL-DTL-22759/32,XL-ETFE,"crosslinked modified ETFE, light wall",light,tin,copper,tin-coated copper,19x29,0.0535,0.068,0.0073,8.3,4.81,150,600,SB,https://www.glenair.com/wire-and-cable/pdf/mil-star/gs22759-32.pdf,M22759_32-16-4/M22759_32-16-4-rev1
M22759_32-16-5,M22759/32-16-5,1,32,16,5,green,MIL-DTL-22759/32,XL-ETFE,"crosslinked modified ETFE, light wall",light,tin,copper,tin-coated copper,19x29,0.0535,0.068,0.0073,8.3,4.81,150,600,SB,https://www.glenair.com/wire-and-cable/pdf/mil-star/gs22759-32.pdf,M22759_32-16-5/M22759_32-16-5-rev1
M22759_32-16-6,M22759/32-16-6,1,32,16,6,blue,MIL-DTL-22759/32,XL-ETFE,"crosslinked modified ETFE, light wall",light,tin,copper,tin-coated copper,19x29,0.0535,0.068,0.0073,8.3,4.81,150,600,SB,https://www.glenair.com/wire-and-cable/pdf/mil-star/gs22759-32.pdf,M22759_32-16-6/M22759_32-16-6-rev1
M22759_32-16-7,M22759/32-16-7,1,32,16,7,violet,MIL-DTL-22759/32,XL-ETFE,"crosslinked modified ETFE, light wall",light,tin,copper,tin-coated copper,19x29,0.0535,0.068,0.0073,8.3,4.81,150,600,SB,https://www.glenair.com/wire-and-cable/pdf/mil-star/gs22759-32.pdf,M22759_32-16-7/M22759_32-16-7-rev1
M22759_32-16-8,M22759/32-16-8,1,32,16,8,gray,MIL-DTL-22759/32,XL-ETFE,"crosslinked modified ETFE, light wall",light,tin,copper,tin-coated copper,19x29,0.0535,0.068,0.0073,8.3,4.81,150,600,SB,https://www.glenair.com/wire-and-cable/pdf/mil-star/gs22759-32.pdf,M22759_32-16-8/M22759_32-16-8-rev1
M22759_32-16-9,M22759/32-16-9,1,32,16,9,white,MIL-DTL-22759/32,XL-ETFE,"crosslinked modified ETFE, light wall",light,tin,copper,tin-coated copper,19x29,0.0535,0.068,0.0073,8.3,4.81,150,600,SB,https://www.glenair.com/wire-and-cable/pdf/mil-star/gs22759-32.pdf,M22759_32-16-9/M22759_32-16-9-rev1
M22759_32-16-90,M22759/32-16-90,1,32,16,90,white/black,MIL-DTL-22759/32,XL-ETFE,"crosslinked modified ETFE, light wall",light,tin,copper,tin-coated copper,19x29,0.0535,0.068,0.0073,8.3,4.81,150,600,SB,https://www.glenair.com/wire-and-cable/pdf/mil-star/gs22759-32.pdf,M22759_32-16-90/M22759_32-16-90-rev1
M22759_32-16-91,M22759/32-16-91,1,32,16,91,white/brown,MIL-DTL-22759/32,XL-ETFE,"crosslinked modified ETFE, light wall",light,tin,copper,tin-coated copper,19x29,0.0535,0.068,0.0073,8.3,4.81,150,600,SB,https://www.glenair.com/wire-and-cable/pdf/mil-star/gs22759-32.pdf,M22759_32-16-91/M22759_32-16-91-rev1
M22759_32-16-92,M22759/32-16-92,1,32,16,92,white/red,MIL-DTL-22759/32,XL-ETFE,"crosslinked modified ETFE, light wall",light,tin,copper,tin-coated copper,19x29,0.0535,0.068,0.0073,8.3,4.81,150,600,SB,https://www.glenair.com/wire-and-cable/pdf/mil-star/gs22759-32.pdf,M22759_32-16-92/M22759_32-16-92-rev1
M22759_32-16-93,M22759/32-16-93,1,32,16,93,white/orange,MIL-DTL-22759/32,XL-ETFE,"crosslinked modified ETFE, light wall",light,tin,copper,tin-coated copper,19x29,0.0535,0.068,0.0073,8.3,4.81,150,600,SB,https://www.glenair.com/wire-and-cable/pdf/mil-star/gs22759-32.pdf,M22759_32-16-93/M22759_32-16-93-rev1
M22759_32-16-94,M22759/32-16-94,1,32,16,94,white/yellow,MIL-DTL-22759/32,XL-ETFE,"crosslinked modified ETFE, light wall",light,tin,copper,tin-coated copper,19x29,0.0535,0.068,0.0073,8.3,4.81,150,600,SB,https://www.glenair.com/wire-and-cable/pdf/mil-star/gs22759-32.pdf,M22759_32-16-94/M22759_32-16-94-rev1
M22759_32-16-95,M22759/32-16-95,1,32,16,95,white/green,MIL-DTL-22759/32,XL-ETFE,"crosslinked modified ETFE, light wall",light,tin,copper,tin-coated copper,19x29,0.0535,0.068,0.0073,8.3,4.81,150,600,SB,https://www.glenair.com/wire-and-cable/pdf/mil-star/gs22759-32.pdf,M22759_32-16-95/M22759_32-16-95-rev1
M22759_32-16-96,M22759/32-16-96,1,32,16,96,white/blue,MIL-DTL-22759/32,XL-ETFE,"crosslinked modified ETFE, light wall",light,tin,copper,tin-coated copper,19x29,0.0535,0.068,0.0073,8.3,4.81,150,600,SB,https://www.glenair.com/wire-and-cable/pdf/mil-star/gs22759-32.pdf,M22759_32-16-96/M22759_32-16-96-rev1
M22759_32-16-97,M22759/32-16-97,1,32,16,97,white/violet,MIL-DTL-22759/32,XL-ETFE,"crosslinked modified ETFE, light wall",light,tin,copper,tin-coated copper,19x29,0.0535,0.068,0.0073,8.3,4.81,150,600,SB,https://www.glenair.com/wire-and-cable/pdf/mil-star/gs22759-32.pdf,M22759_32-16-97/M22759_32-16-97-rev1
M22759_32-16-98,M22759/32-16-98,1,32,16,98,white/gray,MIL-DTL-22759/32,XL-ETFE,"crosslinked modified ETFE, light wall",light,tin,copper,tin-coated copper,19x29,0.0535,0.068,0.0073,8.3,4.81,150,600,SB,https://www.glenair.com/wire-and-cable/pdf/mil-star/gs22759-32.pdf,M22759_32-16-98/M22759_32-16-98-rev1
M22759_32-18-0,M22759/32-18-0,1,32,18,0,black,MIL-DTL-22759/32,XL-ETFE,"crosslinked modified ETFE, light wall",light,tin,copper,tin-coated copper,19x30,0.0475,0.060,0.0062,6.5,6.23,150,600,SB,https://www.glenair.com/wire-and-cable/pdf/mil-star/gs22759-32.pdf,M22759_32-18-0/M22759_32-18-0-rev1
M22759_32-18-1,M22759/32-18-1,1,32,18,1,brown,MIL-DTL-22759/32,XL-ETFE,"crosslinked modified ETFE, light wall",light,tin,copper,tin-coated copper,19x30,0.0475,0.060,0.0062,6.5,6.23,150,600,SB,https://www.glenair.com/wire-and-cable/pdf/mil-star/gs22759-32.pdf,M22759_32-18-1/M22759_32-18-1-rev1
M22759_32-18-2,M22759/32-18-2,1,32,18,2,red,MIL-DTL-22759/32,XL-ETFE,"crosslinked modified ETFE, light wall",light,tin,copper,tin-coated copper,19x30,0.0475,0.060,0.0062,6.5,6.23,150,600,SB,https://www.glenair.com/wire-and-cable/pdf/mil-star/gs22759-32.pdf,M22759_32-18-2/M22759_32-18-2-rev1
M22759_32-18-3,M22759/32-18-3,1,32,18,3,orange,MIL-DTL-22759/32,XL-ETFE,"crosslinked modified ETFE, light wall",light,tin,copper,tin-coated copper,19x30,0.0475,0.060,0.0062,6.5,6.23,150,600,SB,https://www.glenair.com/wire-and-cable/pdf/mil-star/gs22759-32.pdf,M22759_32-18-3/M22759_32-18-3-rev1
M22759_32-18-4,M22759/32-18-4,1,32,18,4,yellow,MIL-DTL-22759/32,XL-ETFE,"crosslinked modified ETFE, light wall",light,tin,copper,tin-coated copper,19x30,0.0475,0.060,0.0062,6.5,6.23,150,600,SB,https://www.glenair.com/wire-and-cable/pdf/mil-star/gs22759-32.pdf,M22759_32-18-4/M22759_32-18-4-rev1
M22759_32-18-5,M22759/32-18-5,1,32,18,5,green,MIL-DTL-22759/32,XL-ETFE,"crosslinked modified ETFE, light wall",light,tin,copper,tin-coated copper,19x30,0.0475,0.060,0.0062,6.5,6.23,150,600,SB,https://www.glenair.com/wire-and-cable/pdf/mil-star/gs22759-32.pdf,M22759_32-18-5/M22759_32-18-5-rev1
M22759_32-18-6,M22759/32-18-6,1,32,18,6,blue,MIL-DTL-22759/32,XL-ETFE,"crosslinked modified ETFE, light wall",light,tin,copper,tin-coated copper,19x30,0.0475,0.060,0.0062,6.5,6.23,150,600,SB,https://www.glenair.com/wire-and-cable/pdf/mil-star/gs22759-32.pdf,M22759_32-18-6/M22759_32-18-6-rev1
M22759_32-18-7,M22759/32-18-7,1,32,18,7,violet,MIL-DTL-22759/32,XL-ETFE,"crosslinked modified ETFE, light wall",light,tin,copper,tin-coated copper,19x30,0.0475,0.060,0.0062,6.5,6.23,150,600,SB,https://www.glenair.com/wire-and-cable/pdf/mil-star/gs22759-32.pdf,M22759_32-18-7/M22759_32-18-7-rev1
M22759_32-18-8,M22759/32-18-8,1,32,18,8,gray,MIL-DTL-22759/32,XL-ETFE,"crosslinked modified ETFE, light wall",light,tin,copper,tin-coated copper,19x30,0.0475,0.060,0.0062,6.5,6.23,150,600,SB,https://www.glenair.com/wire-and-cable/pdf/mil-star/gs22759-32.pdf,M22759_32-18-8/M22759_32-18-8-rev1
M22759_32-18-9,M22759/32-18-9,1,32,18,9,white,MIL-DTL-22759/32,XL-ETFE,"crosslinked modified ETFE, light wall",light,tin,copper,tin-coated copper,19x30,0.0475,0.060,0.0062,6.5,6.23,150,600,SB,https://www.glenair.com/wire-and-cable/pdf/mil-star/gs22759-32.pdf,M22759_32-18-9/M22759_32-18-9-rev1
M22759_32-18-90,M22759/32-18-90,1,32,18,90,white/black,MIL-DTL-22759/32,XL-ETFE,"crosslinked modified ETFE, light wall",light,tin,copper,tin-coated copper,19x30,0.0475,0.060,0.0062,6.5,6.23,150,600,SB,https://www.glenair.com/wire-and-cable/pdf/mil-star/gs22759-32.pdf,M22759_32-18-90/M22759_32-18-90-rev1
M22759_32-18-91,M22759/32-18-91,1,32,18,91,white/brown,MIL-DTL-22759/32,XL-ETFE,"crosslinked modified ETFE, light wall",light,tin,copper,tin-coated copper,19x30,0.0475,0.060,0.0062,6.5,6.23,150,600,SB,https://www.glenair.com/wire-and-cable/pdf/mil-star/gs22759-32.pdf,M22759_32-18-91/M22759_32-18-91-rev1
M22759_32-18-92,M22759/32-18-92,1,32,18,92,white/red,MIL-DTL-22759/32,XL-ETFE,"crosslinked modified ETFE, light wall",light,tin,copper,tin-coated copper,19x30,0.0475,0.060,0.0062,6.5,6.23,150,600,SB,https://www.glenair.com/wire-and-cable/pdf/mil-star/gs22759-32.pdf,M22759_32-18-92/M22759_32-18-92-rev1
M22759_32-18-93,M22759/32-18-93,1,32,18,93,white/orange,MIL-DTL-22759/32,XL-ETFE,"crosslinked modified ETFE, light wall",light,tin,copper,tin-coated copper,19x30,0.0475,0.060,0.0062,6.5,6.23,150,600,SB,https://www.glenair.com/wire-and-cable/pdf/mil-star/gs22759-32.pdf,M22759_32-18-93/M22759_32-18-93-rev1
M22759_32-18-94,M22759/32-18-94,1,32,18,94,white/yellow,MIL-DTL-22759/32,XL-ETFE,"crosslinked modified ETFE, light wall",light,tin,copper,tin-coated copper,19x30,0.0475,0.060,0.0062,6.5,6.23,150,600,SB,https://www.glenair.com/wire-and-cable/pdf/mil-star/gs22759-32.pdf,M22759_32-18-94/M22759_32-18-94-rev1
M22759_32-18-95,M22759/32-18-95,1,32,18,95,white/green,MIL-DTL-22759/32,XL-ETFE,"crosslinked modified ETFE, light wall",light,tin,copper,tin-coated copper,19x30,0.0475,0.060,0.0062,6.5,6.23,150,600,SB,https://www.glenair.com/wire-and-cable/pdf/mil-star/gs22759-32.pdf,M22759_32-18-95/M22759_32-18-95-rev1
M22759_32-18-96,M22759/32-18-96,1,32,18,96,white/blue,MIL-DTL-22759/32,XL-ETFE,"crosslinked modified ETFE, light wall",light,tin,copper,tin-coated copper,19x30,0.0475,0.060,0.0062,6.5,6.23,150,600,SB,https://www.glenair.com/wire-and-cable/pdf/mil-star/gs22759-32.pdf,M22759_32-18-96/M22759_32-18-96-rev1
M22759_32-18-97,M22759/32-18-97,1,32,18,97,white/violet,MIL-DTL-22759/32,XL-ETFE,"crosslinked modified ETFE, light wall",light,tin,copper,tin-coated copper,19x30,0.0475,0.060,0.0062,6.5,6.23,150,600,SB,https://www.glenair.com/wire-and-cable/pdf/mil-star/gs22759-32.pdf,M22759_32-18-97/M22759_32-18-97-rev1
M22759_32-18-98,M22759/32-18-98,1,32,18,98,white/gray,MIL-DTL-22759/32,XL-ETFE,"crosslinked modified ETFE, light wall",light,tin,copper,tin-coated copper,19x30,0.0475,0.060,0.0062,6.5,6.23,150,600,SB,https://www.glenair.com/wire-and-cable/pdf/mil-star/gs22759-32.pdf,M22759_32-18-98/M22759_32-18-98-rev1
M22759_32-20-0,M22759/32-20-0,1,32,20,0,black,MIL-DTL-22759/32,XL-ETFE,"crosslinked modified ETFE, light wall",light,tin,copper,tin-coated copper,19x32,0.0380,0.050,0.0060,4.3,9.88,150,600,SB,https://www.glenair.com/wire-and-cable/pdf/mil-star/gs22759-32.pdf,M22759_32-20-0/M22759_32-20-0-rev1
M22759_32-20-1,M22759/32-20-1,1,32,20,1,brown,MIL-DTL-22759/32,XL-ETFE,"crosslinked modified ETFE, light wall",light,tin,copper,tin-coated copper,19x32,0.0380,0.050,0.0060,4.3,9.88,150,600,SB,https://www.glenair.com/wire-and-cable/pdf/mil-star/gs22759-32.pdf,M22759_32-20-1/M22759_32-20-1-rev1
M22759_32-20-2,M22759/32-20-2,1,32,20,2,red,MIL-DTL-22759/32,XL-ETFE,"crosslinked modified ETFE, light wall",light,tin,copper,tin-coated copper,19x32,0.0380,0.050,0.0060,4.3,9.88,150,600,SB,https://www.glenair.com/wire-and-cable/pdf/mil-star/gs22759-32.pdf,M22759_32-20-2/M22759_32-20-2-rev1
M22759_32-20-3,M22759/32-20-3,1,32,20,3,orange,MIL-DTL-22759/32,XL-ETFE,"crosslinked modified ETFE, light wall",light,tin,copper,tin-coated copper,19x32,0.0380,0.050,0.0060,4.3,9.88,150,600,SB,https://www.glenair.com/wire-and-cable/pdf/mil-star/gs22759-32.pdf,M22759_32-20-3/M22759_32-20-3-rev1
M22759_32-20-4,M22759/32-20-4,1,32,20,4,yellow,MIL-DTL-22759/32,XL-ETFE,"crosslinked modified ETFE, light wall",light,tin,copper,tin-coated copper,19x32,0.0380,0.050,0.0060,4.3,9.88,150,600,SB,https://www.glenair.com/wire-and-cable/pdf/mil-star/gs22759-32.pdf,M22759_32-20-4/M22759_32-20-4-rev1
M22759_32-20-5,M22759/32-20-5,1,32,20,5,green,MIL-DTL-22759/32,XL-ETFE,"crosslinked modified ETFE, light wall",light,tin,copper,tin-coated copper,19x32,0.0380,0.050,0.0060,4.3,9.88,150,600,SB,https://www.glenair.com/wire-and-cable/pdf/mil-star/gs22759-32.pdf,M22759_32-20-5/M22759_32-20-5-rev1
M22759_32-20-6,M22759/32-20-6,1,32,20,6,blue,MIL-DTL-22759/32,XL-ETFE,"crosslinked modified ETFE, light wall",light,tin,copper,tin-coated copper,19x32,0.0380,0.050,0.0060,4.3,9.88,150,600,SB,https://www.glenair.com/wire-and-cable/pdf/mil-star/gs22759-32.pdf,M22759_32-20-6/M22759_32-20-6-rev1
M22759_32-20-7,M22759/32-20-7,1,32,20,7,violet,MIL-DTL-22759/32,XL-ETFE,"crosslinked modified ETFE, light wall",light,tin,copper,tin-coated copper,19x32,0.0380,0.050,0.0060,4.3,9.88,150,600,SB,https://www.glenair.com/wire-and-cable/pdf/mil-star/gs22759-32.pdf,M22759_32-20-7/M22759_32-20-7-rev1
M22759_32-20-8,M22759/32-20-8,1,32,20,8,gray,MIL-DTL-22759/32,XL-ETFE,"crosslinked modified ETFE, light wall",light,tin,copper,tin-coated copper,19x32,0.0380,0.050,0.0060,4.3,9.88,150,600,SB,https://www.glenair.com/wire-and-cable/pdf/mil-star/gs22759-32.pdf,M22759_32-20-8/M22759_32-20-8-rev1
M22759_32-20-9,M22759/32-20-9,1,32,20,9,white,MIL-DTL-22759/32,XL-ETFE,"crosslinked modified ETFE, light wall",light,tin,copper,tin-coated copper,19x32,0.0380,0.050,0.0060,4.3,9.88,150,600,SB,https://www.glenair.com/wire-and-cable/pdf/mil-star/gs22759-32.pdf,M22759_32-20-9/M22759_32-20-9-rev1
M22759_32-20-90,M22759/32-20-90,1,32,20,90,white/black,MIL-DTL-22759/32,XL-ETFE,"crosslinked modified ETFE, light wall",light,tin,copper,tin-coated copper,19x32,0.0380,0.050,0.0060,4.3,9.88,150,600,SB,https://www.glenair.com/wire-and-cable/pdf/mil-star/gs22759-32.pdf,M22759_32-20-90/M22759_32-20-90-rev1
M22759_32-20-91,M22759/32-20-91,1,32,20,91,white/brown,MIL-DTL-22759/32,XL-ETFE,"crosslinked modified ETFE, light wall",light,tin,copper,tin-coated copper,19x32,0.0380,0.050,0.0060,4.3,9.88,150,600,SB,https://www.glenair.com/wire-and-cable/pdf/mil-star/gs22759-32.pdf,M22759_32-20-91/M22759_32-20-91-rev1
M22759_32-20-92,M22759/32-20-92,1,32,20,92,white/red,MIL-DTL-22759/32,XL-ETFE,"crosslinked modified ETFE, light wall",light,tin,copper,tin-coated copper,19x32,0.0380,0.050,0.0060,4.3,9.88,150,600,SB,https://www.glenair.com/wire-and-cable/pdf/mil-star/gs22759-32.pdf,M22759_32-20-92/M22759_32-20-92-rev1
M22759_32-20-93,M22759/32-20-93,1,32,20,93,white/orange,MIL-DTL-22759/32,XL-ETFE,"crosslinked modified ETFE, light wall",light,tin,copper,tin-coated copper,19x32,0.0380,0.050,0.0060,4.3,9.88,150,600,SB,https://www.glenair.com/wire-and-cable/pdf/mil-star/gs22759-32.pdf,M22759_32-20-93/M22759_32-20-93-rev1
M22759_32-20-94,M22759/32-20-94,1,32,20,94,white/yellow,MIL-DTL-22759/32,XL-ETFE,"crosslinked modified ETFE, light wall",light,tin,copper,tin-coated copper,19x32,0.0380,0.050,0.0060,4.3,9.88,150,600,SB,https://www.glenair.com/wire-and-cable/pdf/mil-star/gs22759-32.pdf,M22759_32-20-94/M22759_32-20-94-rev1
M22759_32-20-95,M22759/32-20-95,1,32,20,95,white/green,MIL-DTL-22759/32,XL-ETFE,"crosslinked modified ETFE, light wall",light,tin,copper,tin-coated copper,19x32,0.0380,0.050,0.0060,4.3,9.88,150,600,SB,https://www.glenair.com/wire-and-cable/pdf/mil-star/gs22759-32.pdf,M22759_32-20-95/M22759_32-20-95-rev1
M22759_32-20-96,M22759/32-20-96,1,32,20,96,white/blue,MIL-DTL-22759/32,XL-ETFE,"crosslinked modified ETFE, light wall",light,tin,copper,tin-coated copper,19x32,0.0380,0.050,0.0060,4.3,9.88,150,600,SB,https://www.glenair.com/wire-and-cable/pdf/mil-star/gs22759-32.pdf,M22759_32-20-96/M22759_32-20-96-rev1
M22759_32-20-97,M22759/32-20-97,1,32,20,97,white/violet,MIL-DTL-22759/32,XL-ETFE,"crosslinked modified ETFE, light wall",light,tin,copper,tin-coated copper,19x32,0.0380,0.050,0.0060,4.3,9.88,150,600,SB,https://www.glenair.com/wire-and-cable/pdf/mil-star/gs22759-32.pdf,M22759_32-20-97/M22759_32-20-97-rev1
M22759_32-20-98,M22759/32-20-98,1,32,20,98,white/gray,MIL-DTL-22759/32,XL-ETFE,"crosslinked modified ETFE, light wall",light,tin,copper,tin-coated copper,19x32,0.0380,0.050,0.0060,4.3,9.88,150,600,SB,https://www.glenair.com/wire-and-cable/pdf/mil-star/gs22759-32.pdf,M22759_32-20-98/M22759_32-20-98-rev1
M22759_32-22-0,M22759/32-22-0,1,32,22,0,black,MIL-DTL-22759/32,XL-ETFE,"crosslinked modified ETFE, light wall",light,tin,copper,tin-coated copper,19x34,0.0300,0.043,0.0065,2.8,16.2,150,600,SB,https://www.glenair.com/wire-and-cable/pdf/mil-star/gs22759-32.pdf,M22759_32-22-0/M22759_32-22-0-rev1
M22759_32-22-1,M22759/32-22-1,1,32,22,1,brown,MIL-DTL-22759/32,XL-ETFE,"crosslinked modified ETFE, light wall",light,tin,copper,tin-coated copper,19x34,0.0300,0.043,0.0065,2.8,16.2,150,600,SB,https://www.glenair.com/wire-and-cable/pdf/mil-star/gs22759-32.pdf,M22759_32-22-1/M22759_32-22-1-rev1
M22759_32-22-2,M22759/32-22-2,1,32,22,2,red,MIL-DTL-22759/32,XL-ETFE,"crosslinked modified ETFE, light wall",light,tin,copper,tin-coated copper,19x34,0.0300,0.043,0.0065,2.8,16.2,150,600,SB,https://www.glenair.com/wire-and-cable/pdf/mil-star/gs22759-32.pdf,M22759_32-22-2/M22759_32-22-2-rev1
M22759_32-22-3,M22759/32-22-3,1,32,22,3,orange,MIL-DTL-22759/32,XL-ETFE,"crosslinked modified ETFE, light wall",light,tin,copper,tin-coated copper,19x34,0.0300,0.043,0.0065,2.8,16.2,150,600,SB,https://www.glenair.com/wire-and-cable/pdf/mil-star/gs22759-32.pdf,M22759_32-22-3/M22759_32-22-3-rev1
M22759_32-22-4,M22759/32-22-4,1,32,22,4,yellow,MIL-DTL-22759/32,XL-ETFE,"crosslinked modified ETFE, light wall",light,tin,copper,tin-coated copper,19x34,0.0300,0.043,0.0065,2.8,16.2,150,600,SB,https://www.glenair.com/wire-and-cable/pdf/mil-star/gs22759-32.pdf,M22759_32-22-4/M22759_32-22-4-rev1
M22759_32-22-5,M22759/32-22-5,1,32,22,5,green,MIL-DTL-22759/32,XL-ETFE,"crosslinked modified ETFE, light wall",light,tin,copper,tin-coated copper,19x34,0.0300,0.043,0.0065,2.8,16.2,150,600,SB,https://www.glenair.com/wire-and-cable/pdf/mil-star/gs22759-32.pdf,M22759_32-22-5/M22759_32-22-5-rev1
M22759_32-22-6,M22759/32-22-6,1,32,22,6,blue,MIL-DTL-22759/32,XL-ETFE,"crosslinked modified ETFE, light wall",light,tin,copper,tin-coated copper,19x34,0.0300,0.043,0.0065,2.8,16.2,150,600,SB,https://www.glenair.com/wire-and-cable/pdf/mil-star/gs22759-32.pdf,M22759_32-22-6/M22759_32-22-6-rev1
M22759_32-22-7,M22759/32-22-7,1,32,22,7,violet,MIL-DTL-22759/32,XL-ETFE,"crosslinked modified ETFE, light wall",light,tin,copper,tin-coated copper,19x34,0.0300,0.043,0.0065,2.8,16.2,150,600,SB,https://www.glenair.com/wire-and-cable/pdf/mil-star/gs22759-32.pdf,M22759_32-22-7/M22759_32-22-7-rev1
M22759_32-22-8,M22759/32-22-8,1,32,22,8,gray,MIL-DTL-22759/32,XL-ETFE,"crosslinked modified ETFE, light wall",light,tin,copper,tin-coated copper,19x34,0.0300,0.043,0.0065,2.8,16.2,150,600,SB,https://www.glenair.com/wire-and-cable/pdf/mil-star/gs22759-32.pdf,M22759_32-22-8/M22759_32-22-8-rev1
M22759_32-22-9,M22759/32-22-9,1,32,22,9,white,MIL-DTL-22759/32,XL-ETFE,"crosslinked modified ETFE, light wall",light,tin,copper,tin-coated copper,19x34,0.0300,0.043,0.0065,2.8,16.2,150,600,SB,https://www.glenair.com/wire-and-cable/pdf/mil-star/gs22759-32.pdf,M22759_32-22-9/M22759_32-22-9-rev1
M22759_32-22-90,M22759/32-22-90,1,32,22,90,white/black,MIL-DTL-22759/32,XL-ETFE,"crosslinked modified ETFE, light wall",light,tin,copper,tin-coated copper,19x34,0.0300,0.043,0.0065,2.8,16.2,150,600,SB,https://www.glenair.com/wire-and-cable/pdf/mil-star/gs22759-32.pdf,M22759_32-22-90/M22759_32-22-90-rev1
M22759_32-22-91,M22759/32-22-91,1,32,22,91,white/brown,MIL-DTL-22759/32,XL-ETFE,"crosslinked modified ETFE, light wall",light,tin,copper,tin-coated copper,19x34,0.0300,0.043,0.0065,2.8,16.2,150,600,SB,https://www.glenair.com/wire-and-cable/pdf/mil-star/gs22759-32.pdf,M22759_32-22-91/M22759_32-22-91-rev1
M22759_32-22-92,M22759/32-22-92,1,32,22,92,white/red,MIL-DTL-22759/32,XL-ETFE,"crosslinked modified ETFE, light wall",light,tin,copper,tin-coated copper,19x34,0.0300,0.043,0.0065,2.8,16.2,150,600,SB,https://www.glenair.com/wire-and-cable/pdf/mil-star/gs22759-32.pdf,M22759_32-22-92/M22759_32-22-92-rev1
M22759_32-22-93,M22759/32-22-93,1,32,22,93,white/orange,MIL-DTL-22759/32,XL-ETFE,"crosslinked modified ETFE, light wall",light,tin,copper,tin-coated copper,19x34,0.0300,0.043,0.0065,2.8,16.2,150,600,SB,https://www.glenair.com/wire-and-cable/pdf/mil-star/gs22759-32.pdf,M22759_32-22-93/M22759_32-22-93-rev1
M22759_32-22-94,M22759/32-22-94,1,32,22,94,white/yellow,MIL-DTL-22759/32,XL-ETFE,"crosslinked modified ETFE, light wall",light,tin,copper,tin-coated copper,19x34,0.0300,0.043,0.0065,2.8,16.2,150,600,SB,https://www.glenair.com/wire-and-cable/pdf/mil-star/gs22759-32.pdf,M22759_32-22-94/M22759_32-22-94-rev1
M22759_32-22-95,M22759/32-22-95,1,32,22,95,white/green,MIL-DTL-22759/32,XL-ETFE,"crosslinked modified ETFE, light wall",light,tin,copper,tin-coated copper,19x34,0.0300,0.043,0.0065,2.8,16.2,150,600,SB,https://www.glenair.com/wire-and-cable/pdf/mil-star/gs22759-32.pdf,M22759_32-22-95/M22759_32-22-95-rev1
M22759_32-22-96,M22759/32-22-96,1,32,22,96,white/blue,MIL-DTL-22759/32,XL-ETFE,"crosslinked modified ETFE, light wall",light,tin,copper,tin-coated copper,19x34,0.0300,0.043,0.0065,2.8,16.2,150,600,SB,https://www.glenair.com/wire-and-cable/pdf/mil-star/gs22759-32.pdf,M22759_32-22-96/M22759_32-22-96-rev1
M22759_32-22-97,M22759/32-22-97,1,32,22,97,white/violet,MIL-DTL-22759/32,XL-ETFE,"crosslinked modified ETFE, light wall",light,tin,copper,tin-coated copper,19x34,0.0300,0.043,0.0065,2.8,16.2,150,600,SB,https://www.glenair.com/wire-and-cable/pdf/mil-star/gs22759-32.pdf,M22759_32-22-97/M22759_32-22-97-rev1
M22759_32-22-98,M22759/32-22-98,1,32,22,98,white/gray,MIL-DTL-22759/32,XL-ETFE,"crosslinked modified ETFE, light wall",light,tin,copper,tin-coated copper,19x34,0.0300,0.043,0.0065,2.8,16.2,150,600,SB,https://www.glenair.com/wire-and-cable/pdf/mil-star/gs22759-32.pdf,M22759_32-22-98/M22759_32-22-98-rev1
M22759_32-24-0,M22759/32-24-0,1,32,24,0,black,MIL-DTL-22759/32,XL-ETFE,"crosslinked modified ETFE, light wall",light,tin,copper,tin-coated copper,19x36,0.0240,0.037,0.0065,2.0,26.2,150,600,SB,https://www.glenair.com/wire-and-cable/pdf/mil-star/gs22759-32.pdf,M22759_32-24-0/M22759_32-24-0-rev1
M22759_32-24-1,M22759/32-24-1,1,32,24,1,brown,MIL-DTL-22759/32,XL-ETFE,"crosslinked modified ETFE, light wall",light,tin,copper,tin-coated copper,19x36,0.0240,0.037,0.0065,2.0,26.2,150,600,SB,https://www.glenair.com/wire-and-cable/pdf/mil-star/gs22759-32.pdf,M22759_32-24-1/M22759_32-24-1-rev1
M22759_32-24-2,M22759/32-24-2,1,32,24,2,red,MIL-DTL-22759/32,XL-ETFE,"crosslinked modified ETFE, light wall",light,tin,copper,tin-coated copper,19x36,0.0240,0.037,0.0065,2.0,26.2,150,600,SB,https://www.glenair.com/wire-and-cable/pdf/mil-star/gs22759-32.pdf,M22759_32-24-2/M22759_32-24-2-rev1
M22759_32-24-3,M22759/32-24-3,1,32,24,3,orange,MIL-DTL-22759/32,XL-ETFE,"crosslinked modified ETFE, light wall",light,tin,copper,tin-coated copper,19x36,0.0240,0.037,0.0065,2.0,26.2,150,600,SB,https://www.glenair.com/wire-and-cable/pdf/mil-star/gs22759-32.pdf,M22759_32-24-3/M22759_32-24-3-rev1
M22759_32-24-4,M22759/32-24-4,1,32,24,4,yellow,MIL-DTL-22759/32,XL-ETFE,"crosslinked modified ETFE, light wall",light,tin,copper,tin-coated copper,19x36,0.0240,0.037,0.0065,2.0,26.2,150,600,SB,https://www.glenair.com/wire-and-cable/pdf/mil-star/gs22759-32.pdf,M22759_32-24-4/M22759_32-24-4-rev1
M22759_32-24-5,M22759/32-24-5,1,32,24,5,green,MIL-DTL-22759/32,XL-ETFE,"crosslinked modified ETFE, light wall",light,tin,copper,tin-coated copper,19x36,0.0240,0.037,0.0065,2.0,26.2,150,600,SB,https://www.glenair.com/wire-and-cable/pdf/mil-star/gs22759-32.pdf,M22759_32-24-5/M22759_32-24-5-rev1
M22759_32-24-6,M22759/32-24-6,1,32,24,6,blue,MIL-DTL-22759/32,XL-ETFE,"crosslinked modified ETFE, light wall",light,tin,copper,tin-coated copper,19x36,0.0240,0.037,0.0065,2.0,26.2,150,600,SB,https://www.glenair.com/wire-and-cable/pdf/mil-star/gs22759-32.pdf,M22759_32-24-6/M22759_32-24-6-rev1
M22759_32-24-7,M22759/32-24-7,1,32,24,7,violet,MIL-DTL-22759/32,XL-ETFE,"crosslinked modified ETFE, light wall",light,tin,copper,tin-coated copper,19x36,0.0240,0.037,0.0065,2.0,26.2,150,600,SB,https://www.glenair.com/wire-and-cable/pdf/mil-star/gs22759-32.pdf,M22759_32-24-7/M22759_32-24-7-rev1
M22759_32-24-8,M22759/32-24-8,1,32,24,8,gray,MIL-DTL-22759/32,XL-ETFE,"crosslinked modified ETFE, light wall",light,tin,copper,tin-coated copper,19x36,0.0240,0.037,0.0065,2.0,26.2,150,600,SB,https://www.glenair.com/wire-and-cable/pdf/mil-star/gs22759-32.pdf,M22759_32-24-8/M22759_32-24-8-rev1
M22759_32-24-9,M22759/32-24-9,1,32,24,9,white,MIL-DTL-22759/32,XL-ETFE,"crosslinked modified ETFE, light wall",light,tin,copper,tin-coated copper,19x36,0.0240,0.037,0.0065,2.0,26.2,150,600,SB,https://www.glenair.com/wire-and-cable/pdf/mil-star/gs22759-32.pdf,M22759_32-24-9/M22759_32-24-9-rev1
M22759_32-24-90,M22759/32-24-90,1,32,24,90,white/black,MIL-DTL-22759/32,XL-ETFE,"crosslinked modified ETFE, light wall",light,tin,copper,tin-coated copper,19x36,0.0240,0.037,0.0065,2.0,26.2,150,600,SB,https://www.glenair.com/wire-and-cable/pdf/mil-star/gs22759-32.pdf,M22759_32-24-90/M22759_32-24-90-rev1
M22759_32-24-91,M22759/32-24-91,1,32,24,91,white/brown,MIL-DTL-22759/32,XL-ETFE,"crosslinked modified ETFE, light wall",light,tin,copper,tin-coated copper,19x36,0.0240,0.037,0.0065,2.0,26.2,150,600,SB,https://www.glenair.com/wire-and-cable/pdf/mil-star/gs22759-32.pdf,M22759_32-24-91/M22759_32-24-91-rev1
M22759_32-24-92,M22759/32-24-92,1,32,24,92,white/red,MIL-DTL-22759/32,XL-ETFE,"crosslinked modified ETFE, light wall",light,tin,copper,tin-coated copper,19x36,0.0240,0.037,0.0065,2.0,26.2,150,600,SB,https://www.glenair.com/wire-and-cable/pdf/mil-star/gs22759-32.pdf,M22759_32-24-92/M22759_32-24-92-rev1
M22759_32-24-93,M22759/32-24-93,1,32,24,93,white/orange,MIL-DTL-22759/32,XL-ETFE,"crosslinked modified ETFE, light wall",light,tin,copper,tin-coated copper,19x36,0.0240,0.037,0.0065,2.0,26.2,150,600,SB,https://www.glenair.com/wire-and-cable/pdf/mil-star/gs22759-32.pdf,M22759_32-24-93/M22759_32-24-93-rev1
M22759_32-24-94,M22759/32-24-94,1,32,24,94,white/yellow,MIL-DTL-22759/32,XL-ETFE,"crosslinked modified ETFE, light wall",light,tin,copper,tin-coated copper,19x36,0.0240,0.037,0.0065,2.0,26.2,150,600,SB,https://www.glenair.com/wire-and-cable/pdf/mil-star/gs22759-32.pdf,M22759_32-24-94/M22759_32-24-94-rev1
M22759_32-24-95,M22759/32-24-95,1,32,24,95,white/green,MIL-DTL-22759/32,XL-ETFE,"crosslinked modified ETFE, light wall",light,tin,copper,tin-coated copper,19x36,0.0240,0.037,0.0065,2.0,26.2,150,600,SB,https://www.glenair.com/wire-and-cable/pdf/mil-star/gs22759-32.pdf,M22759_32-24-95/M22759_32-24-95-rev1
M22759_32-24-96,M22759/32-24-96,1,32,24,96,white/blue,MIL-DTL-22759/32,XL-ETFE,"crosslinked modified ETFE, light wall",light,tin,copper,tin-coated copper,19x36,0.0240,0.037,0.0065,2.0,26.2,150,600,SB,https://www.glenair.com/wire-and-cable/pdf/mil-star/gs22759-32.pdf,M22759_32-24-96/M22759_32-24-96-rev1
M22759_32-24-97,M22759/32-24-97,1,32,24,97,white/violet,MIL-DTL-22759/32,XL-ETFE,"crosslinked modified ETFE, light wall",light,tin,copper,tin-coated copper,19x36,0.0240,0.037,0.0065,2.0,26.2,150,600,SB,https://www.glenair.com/wire-and-cable/pdf/mil-star/gs22759-32.pdf,M22759_32-24-97/M22759_32-24-97-rev1
M22759_32-24-98,M22759/32-24-98,1,32,24,98,white/gray,MIL-DTL-22759/32,XL-ETFE,"crosslinked modified ETFE, light wall",light,tin,copper,tin-coated copper,19x36,0.0240,0.037,0.0065,2.0,26.2,150,600,SB,https://www.glenair.com/wire-and-cable/pdf/mil-star/gs22759-32.pdf,M22759_32-24-98/M22759_32-24-98-rev1
M22759_32-26-0,M22759/32-26-0,1,32,26,0,black,MIL-DTL-22759/32,XL-ETFE,"crosslinked modified ETFE, light wall",light,tin,copper,tin-coated copper,19x38,0.0190,0.032,0.0065,1.4,41.3,150,600,SB,https://www.glenair.com/wire-and-cable/pdf/mil-star/gs22759-32.pdf,M22759_32-26-0/M22759_32-26-0-rev1
M22759_32-26-1,M22759/32-26-1,1,32,26,1,brown,MIL-DTL-22759/32,XL-ETFE,"crosslinked modified ETFE, light wall",light,tin,copper,tin-coated copper,19x38,0.0190,0.032,0.0065,1.4,41.3,150,600,SB,https://www.glenair.com/wire-and-cable/pdf/mil-star/gs22759-32.pdf,M22759_32-26-1/M22759_32-26-1-rev1
M22759_32-26-2,M22759/32-26-2,1,32,26,2,red,MIL-DTL-22759/32,XL-ETFE,"crosslinked modified ETFE, light wall",light,tin,copper,tin-coated copper,19x38,0.0190,0.032,0.0065,1.4,41.3,150,600,SB,https://www.glenair.com/wire-and-cable/pdf/mil-star/gs22759-32.pdf,M22759_32-26-2/M22759_32-26-2-rev1
M22759_32-26-3,M22759/32-26-3,1,32,26,3,orange,MIL-DTL-22759/32,XL-ETFE,"crosslinked modified ETFE, light wall",light,tin,copper,tin-coated copper,19x38,0.0190,0.032,0.0065,1.4,41.3,150,600,SB,https://www.glenair.com/wire-and-cable/pdf/mil-star/gs22759-32.pdf,M22759_32-26-3/M22759_32-26-3-rev1
M22759_32-26-4,M22759/32-26-4,1,32,26,4,yellow,MIL-DTL-22759/32,XL-ETFE,"crosslinked modified ETFE, light wall",light,tin,copper,tin-coated copper,19x38,0.0190,0.032,0.0065,1.4,41.3,150,600,SB,https://www.glenair.com/wire-and-cable/pdf/mil-star/gs22759-32.pdf,M22759_32-26-4/M22759_32-26-4-rev1
M22759_32-26-5,M22759/32-26-5,1,32,26,5,green,MIL-DTL-22759/32,XL-ETFE,"crosslinked modified ETFE, light wall",light,tin,copper,tin-coated copper,19x38,0.0190,0.032,0.0065,1.4,41.3,150,600,SB,https://www.glenair.com/wire-and-cable/pdf/mil-star/gs22759-32.pdf,M22759_32-26-5/M22759_32-26-5-rev1
M22759_32-26-6,M22759/32-26-6,1,32,26,6,blue,MIL-DTL-22759/32,XL-ETFE,"crosslinked modified ETFE, light wall",light,tin,copper,tin-coated copper,19x38,0.0190,0.032,0.0065,1.4,41.3,150,600,SB,https://www.glenair.com/wire-and-cable/pdf/mil-star/gs22759-32.pdf,M22759_32-26-6/M22759_32-26-6-rev1
M22759_32-26-7,M22759/32-26-7,1,32,26,7,violet,MIL-DTL-22759/32,XL-ETFE,"crosslinked modified ETFE, light wall",light,tin,copper,tin-coated copper,19x38,0.0190,0.032,0.0065,1.4,41.3,150,600,SB,https://www.glenair.com/wire-and-cable/pdf/mil-star/gs22759-32.pdf,M22759_32-26-7/M22759_32-26-7-rev1
M22759_32-26-8,M22759/32-26-8,1,32,26,8,gray,MIL-DTL-22759/32,XL-ETFE,"crosslinked modified ETFE, light wall",light,tin,copper,tin-coated copper,19x38,0.0190,0.032,0.0065,1.4,41.3,150,600,SB,https://www.glenair.com/wire-and-cable/pdf/mil-star/gs22759-32.pdf,M22759_32-26-8/M22759_32-26-8-rev1
M22759_32-26-9,M22759/32-26-9,1,32,26,9,white,MIL-DTL-22759/32,XL-ETFE,"crosslinked modified ETFE, light wall",light,tin,copper,tin-coated copper,19x38,0.0190,0.032,0.0065,1.4,41.3,150,600,SB,https://www.glenair.com/wire-and-cable/pdf/mil-star/gs22759-32.pdf,M22759_32-26-9/M22759_32-26-9-rev1
M22759_32-26-90,M22759/32-26-90,1,32,26,90,white/black,MIL-DTL-22759/32,XL-ETFE,"crosslinked modified ETFE, light wall",light,tin,copper,tin-coated copper,19x38,0.0190,0.032,0.0065,1.4,41.3,150,600,SB,https://www.glenair.com/wire-and-cable/pdf/mil-star/gs22759-32.pdf,M22759_32-26-90/M22759_32-26-90-rev1
M22759_32-26-91,M22759/32-26-91,1,32,26,91,white/brown,MIL-DTL-22759/32,XL-ETFE,"crosslinked modified ETFE, light wall",light,tin,copper,tin-coated copper,19x38,0.0190,0.032,0.0065,1.4,41.3,150,600,SB,https://www.glenair.com/wire-and-cable/pdf/mil-star/gs22759-32.pdf,M22759_32-26-91/M22759_32-26-91-rev1
M22759_32-26-92,M22759/32-26-92,1,32,26,92,white/red,MIL-DTL-22759/32,XL-ETFE,"crosslinked modified ETFE, light wall",light,tin,copper,tin-coated copper,19x38,0.0190,0.032,0.0065,1.4,41.3,150,600,SB,https://www.glenair.com/wire-and-cable/pdf/mil-star/gs22759-32.pdf,M22759_32-26-92/M22759_32-26-92-rev1
M22759_32-26-93,M22759/32-26-93,1,32,26,93,white/orange,MIL-DTL-22759/32,XL-ETFE,"crosslinked modified ETFE, light wall",light,tin,copper,tin-coated copper,19x38,0.0190,0.032,0.0065,1.4,41.3,150,600,SB,https://www.glenair.com/wire-and-cable/pdf/mil-star/gs22759-32.pdf,M22759_32-26-93/M22759_32-26-93-rev1
M22759_32-26-94,M22759/32-26-94,1,32,26,94,white/yellow,MIL-DTL-22759/32,XL-ETFE,"crosslinked modified ETFE, light wall",light,tin,copper,tin-coated copper,19x38,0.0190,0.032,0.0065,1.4,41.3,150,600,SB,https://www.glenair.com/wire-and-cable/pdf/mil-star/gs22759-32.pdf,M22759_32-26-94/M22759_32-26-94-rev1
M22759_32-26-95,M22759/32-26-95,1,32,26,95,white/green,MIL-DTL-22759/32,XL-ETFE,"crosslinked modified ETFE, light wall",light,tin,copper,tin-coated copper,19x38,0.0190,0.032,0.0065,1.4,41.3,150,600,SB,https://www.glenair.com/wire-and-cable/pdf/mil-star/gs22759-32.pdf,M22759_32-26-95/M22759_32-26-95-rev1
M22759_32-26-96,M22759/32-26-96,1,32,26,96,white/blue,MIL-DTL-22759/32,XL-ETFE,"crosslinked modified ETFE, light wall",light,tin,copper,tin-coated copper,19x38,0.0190,0.032,0.0065,1.4,41.3,150,600,SB,https://www.glenair.com/wire-and-cable/pdf/mil-star/gs22759-32.pdf,M22759_32-26-96/M22759_32-26-96-rev1
M22759_32-26-97,M22759/32-26-97,1,32,26,97,white/violet,MIL-DTL-22759/32,XL-ETFE,"crosslinked modified ETFE, light wall",light,tin,copper,tin-coated copper,19x38,0.0190,0.032,0.0065,1.4,41.3,150,600,SB,https://www.glenair.com/wire-and-cable/pdf/mil-star/gs22759-32.pdf,M22759_32-26-97/M22759_32-26-97-rev1
M22759_32-26-98,M22759/32-26-98,1,32,26,98,white/gray,MIL-DTL-22759/32,XL-ETFE,"crosslinked modified ETFE, light wall",light,tin,copper,tin-coated copper,19x38,0.0190,0.032,0.0065,1.4,41.3,150,600,SB,https://www.glenair.com/wire-and-cable/pdf/mil-star/gs22759-32.pdf,M22759_32-26-98/M22759_32-26-98-rev1
M22759_32-28-0,M22759/32-28-0,1,32,28,0,black,MIL-DTL-22759/32,XL-ETFE,"crosslinked modified ETFE, light wall",light,tin,copper,tin-coated copper,7x36,0.0150,0.027,0.0060,0.91,68.6,150,600,SB,https://www.glenair.com/wire-and-cable/pdf/mil-star/gs22759-32.pdf,M22759_32-28-0/M22759_32-28-0-rev1
M22759_32-28-1,M22759/32-28-1,1,32,28,1,brown,MIL-DTL-22759/32,XL-ETFE,"crosslinked modified ETFE, light wall",light,tin,copper,tin-coated copper,7x36,0.0150,0.027,0.0060,0.91,68.6,150,600,SB,https://www.glenair.com/wire-and-cable/pdf/mil-star/gs22759-32.pdf,M22759_32-28-1/M22759_32-28-1-rev1
M22759_32-28-2,M22759/32-28-2,1,32,28,2,red,MIL-DTL-22759/32,XL-ETFE,"crosslinked modified ETFE, light wall",light,tin,copper,tin-coated copper,7x36,0.0150,0.027,0.0060,0.91,68.6,150,600,SB,https://www.glenair.com/wire-and-cable/pdf/mil-star/gs22759-32.pdf,M22759_32-28-2/M22759_32-28-2-rev1
M22759_32-28-3,M22759/32-28-3,1,32,28,3,orange,MIL-DTL-22759/32,XL-ETFE,"crosslinked modified ETFE, light wall",light,tin,copper,tin-coated copper,7x36,0.0150,0.027,0.0060,0.91,68.6,150,600,SB,https://www.glenair.com/wire-and-cable/pdf/mil-star/gs22759-32.pdf,M22759_32-28-3/M22759_32-28-3-rev1
M22759_32-28-4,M22759/32-28-4,1,32,28,4,yellow,MIL-DTL-22759/32,XL-ETFE,"crosslinked modified ETFE, light wall",light,tin,copper,tin-coated copper,7x36,0.0150,0.027,0.0060,0.91,68.6,150,600,SB,https://www.glenair.com/wire-and-cable/pdf/mil-star/gs22759-32.pdf,M22759_32-28-4/M22759_32-28-4-rev1
M22759_32-28-5,M22759/32-28-5,1,32,28,5,green,MIL-DTL-22759/32,XL-ETFE,"crosslinked modified ETFE, light wall",light,tin,copper,tin-coated copper,7x36,0.0150,0.027,0.0060,0.91,68.6,150,600,SB,https://www.glenair.com/wire-and-cable/pdf/mil-star/gs22759-32.pdf,M22759_32-28-5/M22759_32-28-5-rev1
M22759_32-28-6,M22759/32-28-6,1,32,28,6,blue,MIL-DTL-22759/32,XL-ETFE,"crosslinked modified ETFE, light wall",light,tin,copper,tin-coated copper,7x36,0.0150,0.027,0.0060,0.91,68.6,150,600,SB,https://www.glenair.com/wire-and-cable/pdf/mil-star/gs22759-32.pdf,M22759_32-28-6/M22759_32-28-6-rev1
M22759_32-28-7,M22759/32-28-7,1,32,28,7,violet,MIL-DTL-22759/32,XL-ETFE,"crosslinked modified ETFE, light wall",light,tin,copper,tin-coated copper,7x36,0.0150,0.027,0.0060,0.91,68.6,150,600,SB,https://www.glenair.com/wire-and-cable/pdf/mil-star/gs22759-32.pdf,M22759_32-28-7/M22759_32-28-7-rev1
M22759_32-28-8,M22759/32-28-8,1,32,28,8,gray,MIL-DTL-22759/32,XL-ETFE,"crosslinked modified ETFE, light wall",light,tin,copper,tin-coated copper,7x36,0.0150,0.027,0.0060,0.91,68.6,150,600,SB,https://www.glenair.com/wire-and-cable/pdf/mil-star/gs22759-32.pdf,M22759_32-28-8/M22759_32-28-8-rev1
M22759_32-28-9,M22759/32-28-9,1,32,28,9,white,MIL-DTL-22759/32,XL-ETFE,"crosslinked modified ETFE, light wall",light,tin,copper,tin-coated copper,7x36,0.0150,0.027,0.0060,0.91,68.6,150,600,SB,https://www.glenair.com/wire-and-cable/pdf/mil-star/gs22759-32.pdf,M22759_32-28-9/M22759_32-28-9-rev1
M22759_32-28-90,M22759/32-28-90,1,32,28,90,white/black,MIL-DTL-22759/32,XL-ETFE,"crosslinked modified ETFE, light wall",light,tin,copper,tin-coated copper,7x36,0.0150,0.027,0.0060,0.91,68.6,150,600,SB,https://www.glenair.com/wire-and-cable/pdf/mil-star/gs22759-32.pdf,M22759_32-28-90/M22759_32-28-90-rev1
M22759_32-28-91,M22759/32-28-91,1,32,28,91,white/brown,MIL-DTL-22759/32,XL-ETFE,"crosslinked modified ETFE, light wall",light,tin,copper,tin-coated copper,7x36,0.0150,0.027,0.0060,0.91,68.6,150,600,SB,https://www.glenair.com/wire-and-cable/pdf/mil-star/gs22759-32.pdf,M22759_32-28-91/M22759_32-28-91-rev1
M22759_32-28-92,M22759/32-28-92,1,32,28,92,white/red,MIL-DTL-22759/32,XL-ETFE,"crosslinked modified ETFE, light wall",light,tin,copper,tin-coated copper,7x36,0.0150,0.027,0.0060,0.91,68.6,150,600,SB,https://www.glenair.com/wire-and-cable/pdf/mil-star/gs22759-32.pdf,M22759_32-28-92/M22759_32-28-92-rev1
M22759_32-28-93,M22759/32-28-93,1,32,28,93,white/orange,MIL-DTL-22759/32,XL-ETFE,"crosslinked modified ETFE, light wall",light,tin,copper,tin-coated copper,7x36,0.0150,0.027,0.0060,0.91,68.6,150,600,SB,https://www.glenair.com/wire-and-cable/pdf/mil-star/gs22759-32.pdf,M22759_32-28-93/M22759_32-28-93-rev1
M22759_32-28-94,M22759/32-28-94,1,32,28,94,white/yellow,MIL-DTL-22759/32,XL-ETFE,"crosslinked modified ETFE, light wall",light,tin,copper,tin-coated copper,7x36,0.0150,0.027,0.0060,0.91,68.6,150,600,SB,https://www.glenair.com/wire-and-cable/pdf/mil-star/gs22759-32.pdf,M22759_32-28-94/M22759_32-28-94-rev1
M22759_32-28-95,M22759/32-28-95,1,32,28,95,white/green,MIL-DTL-22759/32,XL-ETFE,"crosslinked modified ETFE, light wall",light,tin,copper,tin-coated copper,7x36,0.0150,0.027,0.0060,0.91,68.6,150,600,SB,https://www.glenair.com/wire-and-cable/pdf/mil-star/gs22759-32.pdf,M22759_32-28-95/M22759_32-28-95-rev1
M22759_32-28-96,M22759/32-28-96,1,32,28,96,white/blue,MIL-DTL-22759/32,XL-ETFE,"crosslinked modified ETFE, light wall",light,tin,copper,tin-coated copper,7x36,0.0150,0.027,0.0060,0.91,68.6,150,600,SB,https://www.glenair.com/wire-and-cable/pdf/mil-star/gs22759-32.pdf,M22759_32-28-96/M22759_32-28-96-rev1
M22759_32-28-97,M22759/32-28-97,1,32,28,97,white/violet,MIL-DTL-22759/32,XL-ETFE,"crosslinked modified ETFE, light wall",light,tin,copper,tin-coated copper,7x36,0.0150,0.027,0.0060,0.91,68.6,150,600,SB,https://www.glenair.com/wire-and-cable/pdf/mil-star/gs22759-32.pdf,M22759_32-28-97/M22759_32-28-97-rev1
M22759_32-28-98,M22759/32-28-98,1,32,28,98,white/gray,MIL-DTL-22759/32,XL-ETFE,"crosslinked modified ETFE, light wall",light,tin,copper,tin-coated copper,7x36,0.0150,0.027,0.0060,0.91,68.6,150,600,SB,https://www.glenair.com/wire-and-cable/pdf/mil-star/gs22759-32.pdf,M22759_32-28-98/M22759_32-28-98-rev1
M22759_32-30-0,M22759/32-30-0,1,32,30,0,black,MIL-DTL-22759/32,XL-ETFE,"crosslinked modified ETFE, light wall",light,tin,copper,tin-coated copper,7x38,0.0120,0.024,0.0060,0.66,108.4,150,600,SB,https://www.glenair.com/wire-and-cable/pdf/mil-star/gs22759-32.pdf,M22759_32-30-0/M22759_32-30-0-rev1
M22759_32-30-1,M22759/32-30-1,1,32,30,1,brown,MIL-DTL-22759/32,XL-ETFE,"crosslinked modified ETFE, light wall",light,tin,copper,tin-coated copper,7x38,0.0120,0.024,0.0060,0.66,108.4,150,600,SB,https://www.glenair.com/wire-and-cable/pdf/mil-star/gs22759-32.pdf,M22759_32-30-1/M22759_32-30-1-rev1
M22759_32-30-2,M22759/32-30-2,1,32,30,2,red,MIL-DTL-22759/32,XL-ETFE,"crosslinked modified ETFE, light wall",light,tin,copper,tin-coated copper,7x38,0.0120,0.024,0.0060,0.66,108.4,150,600,SB,https://www.glenair.com/wire-and-cable/pdf/mil-star/gs22759-32.pdf,M22759_32-30-2/M22759_32-30-2-rev1
M22759_32-30-3,M22759/32-30-3,1,32,30,3,orange,MIL-DTL-22759/32,XL-ETFE,"crosslinked modified ETFE, light wall",light,tin,copper,tin-coated copper,7x38,0.0120,0.024,0.0060,0.66,108.4,150,600,SB,https://www.glenair.com/wire-and-cable/pdf/mil-star/gs22759-32.pdf,M22759_32-30-3/M22759_32-30-3-rev1
M22759_32-30-4,M22759/32-30-4,1,32,30,4,yellow,MIL-DTL-22759/32,XL-ETFE,"crosslinked modified ETFE, light wall",light,tin,copper,tin-coated copper,7x38,0.0120,0.024,0.0060,0.66,108.4,150,600,SB,https://www.glenair.com/wire-and-cable/pdf/mil-star/gs22759-32.pdf,M22759_32-30-4/M22759_32-30-4-rev1
M22759_32-30-5,M22759/32-30-5,1,32,30,5,green,MIL-DTL-22759/32,XL-ETFE,"crosslinked modified ETFE, light wall",light,tin,copper,tin-coated copper,7x38,0.0120,0.024,0.0060,0.66,108.4,150,600,SB,https://www.glenair.com/wire-and-cable/pdf/mil-star/gs22759-32.pdf,M22759_32-30-5/M22759_32-30-5-rev1
M22759_32-30-6,M22759/32-30-6,1,32,30,6,blue,MIL-DTL-22759/32,XL-ETFE,"crosslinked modified ETFE, light wall",light,tin,copper,tin-coated copper,7x38,0.0120,0.024,0.0060,0.66,108.4,150,600,SB,https://www.glenair.com/wire-and-cable/pdf/mil-star/gs22759-32.pdf,M22759_32-30-6/M22759_32-30-6-rev1
M22759_32-30-7,M22759/32-30-7,1,32,30,7,violet,MIL-DTL-22759/32,XL-ETFE,"crosslinked modified ETFE, light wall",light,tin,copper,tin-coated copper,7x38,0.0120,0.024,0.0060,0.66,108.4,150,600,SB,https://www.glenair.com/wire-and-cable/pdf/mil-star/gs22759-32.pdf,M22759_32-30-7/M22759_32-30-7-rev1
M22759_32-30-8,M22759/32-30-8,1,32,30,8,gray,MIL-DTL-22759/32,XL-ETFE,"crosslinked modified ETFE, light wall",light,tin,copper,tin-coated copper,7x38,0.0120,0.024,0.0060,0.66,108.4,150,600,SB,https://www.glenair.com/wire-and-cable/pdf/mil-star/gs22759-32.pdf,M22759_32-30-8/M22759_32-30-8-rev1
M22759_32-30-9,M22759/32-30-9,1,32,30,9,white,MIL-DTL-22759/32,XL-ETFE,"crosslinked modified ETFE, light wall",light,tin,copper,tin-coated copper,7x38,0.0120,0.024,0.0060,0.66,108.4,150,600,SB,https://www.glenair.com/wire-and-cable/pdf/mil-star/gs22759-32.pdf,M22759_32-30-9/M22759_32-30-9-rev1
M22759_32-30-90,M22759/32-30-90,1,32,30,90,white/black,MIL-DTL-22759/32,XL-ETFE,"crosslinked modified ETFE, light wall",light,tin,copper,tin-coated copper,7x38,0.0120,0.024,0.0060,0.66,108.4,150,600,SB,https://www.glenair.com/wire-and-cable/pdf/mil-star/gs22759-32.pdf,M22759_32-30-90/M22759_32-30-90-rev1
M22759_32-30-91,M22759/32-30-91,1,32,30,91,white/brown,MIL-DTL-22759/32,XL-ETFE,"crosslinked modified ETFE, light wall",light,tin,copper,tin-coated copper,7x38,0.0120,0.024,0.0060,0.66,108.4,150,600,SB,https://www.glenair.com/wire-and-cable/pdf/mil-star/gs22759-32.pdf,M22759_32-30-91/M22759_32-30-91-rev1
M22759_32-30-92,M22759/32-30-92,1,32,30,92,white/red,MIL-DTL-22759/32,XL-ETFE,"crosslinked modified ETFE, light wall",light,tin,copper,tin-coated copper,7x38,0.0120,0.024,0.0060,0.66,108.4,150,600,SB,https://www.glenair.com/wire-and-cable/pdf/mil-star/gs22759-32.pdf,M22759_32-30-92/M22759_32-30-92-rev1
M22759_32-30-93,M22759/32-30-93,1,32,30,93,white/orange,MIL-DTL-22759/32,XL-ETFE,"crosslinked modified ETFE, light wall",light,tin,copper,tin-coated copper,7x38,0.0120,0.024,0.0060,0.66,108.4,150,600,SB,https://www.glenair.com/wire-and-cable/pdf/mil-star/gs22759-32.pdf,M22759_32-30-93/M22759_32-30-93-rev1
M22759_32-30-94,M22759/32-30-94,1,32,30,94,white/yellow,MIL-DTL-22759/32,XL-ETFE,"crosslinked modified ETFE, light wall",light,tin,copper,tin-coated copper,7x38,0.0120,0.024,0.0060,0.66,108.4,150,600,SB,https://www.glenair.com/wire-and-cable/pdf/mil-star/gs22759-32.pdf,M22759_32-30-94/M22759_32-30-94-rev1
M22759_32-30-95,M22759/32-30-95,1,32,30,95,white/green,MIL-DTL-22759/32,XL-ETFE,"crosslinked modified ETFE, light wall",light,tin,copper,tin-coated copper,7x38,0.0120,0.024,0.0060,0.66,108.4,150,600,SB,https://www.glenair.com/wire-and-cable/pdf/mil-star/gs22759-32.pdf,M22759_32-30-95/M22759_32-30-95-rev1
M22759_32-30-96,M22759/32-30-96,1,32,30,96,white/blue,MIL-DTL-22759/32,XL-ETFE,"crosslinked modified ETFE, light wall",light,tin,copper,tin-coated copper,7x38,0.0120,0.024,0.0060,0.66,108.4,150,600,SB,https://www.glenair.com/wire-and-cable/pdf/mil-star/gs22759-32.pdf,M22759_32-30-96/M22759_32-30-96-rev1
M22759_32-30-97,M22759/32-30-97,1,32,30,97,white/violet,MIL-DTL-22759/32,XL-ETFE,"crosslinked modified ETFE, light wall",light,tin,copper,tin-coated copper,7x38,0.0120,0.024,0.0060,0.66,108.4,150,600,SB,https://www.glenair.com/wire-and-cable/pdf/mil-star/gs22759-32.pdf,M22759_32-30-97/M22759_32-30-97-rev1
M22759_32-30-98,M22759/32-30-98,1,32,30,98,white/gray,MIL-DTL-22759/32,XL-ETFE,"crosslinked modified ETFE, light wall",light,tin,copper,tin-coated copper,7x38,0.0120,0.024,0.0060,0.66,108.4,150,600,SB,https://www.glenair.com/wire-and-cable/pdf/mil-star/gs22759-32.pdf,M22759_32-30-98/M22759_32-30-98-rev1
M22759_33-20-0,M22759/33-20-0,1,33,20,0,black,MIL-DTL-22759/33,XL-ETFE,crosslinked modified ETFE,light,silver,high-strength copper alloy,silver-coated high-strength copper alloy,19x32,0.0380,0.050,0.0060,4.49,10.7,200,600,SC,https://www.glenair.com/guardian-conduit-system/pdf/wire-diameter-lookup-tables.pdf,M22759_33-20-0/M22759_33-20-0-rev1
M22759_33-20-1,M22759/33-20-1,1,33,20,1,brown,MIL-DTL-22759/33,XL-ETFE,crosslinked modified ETFE,light,silver,high-strength copper alloy,silver-coated high-strength copper alloy,19x32,0.0380,0.050,0.0060,4.49,10.7,200,600,SC,https://www.glenair.com/guardian-conduit-system/pdf/wire-diameter-lookup-tables.pdf,M22759_33-20-1/M22759_33-20-1-rev1
M22759_33-20-2,M22759/33-20-2,1,33,20,2,red,MIL-DTL-22759/33,XL-ETFE,crosslinked modified ETFE,light,silver,high-strength copper alloy,silver-coated high-strength copper alloy,19x32,0.0380,0.050,0.0060,4.49,10.7,200,600,SC,https://www.glenair.com/guardian-conduit-system/pdf/wire-diameter-lookup-tables.pdf,M22759_33-20-2/M22759_33-20-2-rev1
M22759_33-20-3,M22759/33-20-3,1,33,20,3,orange,MIL-DTL-22759/33,XL-ETFE,crosslinked modified ETFE,light,silver,high-strength copper alloy,silver-coated high-strength copper alloy,19x32,0.0380,0.050,0.0060,4.49,10.7,200,600,SC,https://www.glenair.com/guardian-conduit-system/pdf/wire-diameter-lookup-tables.pdf,M22759_33-20-3/M22759_33-20-3-rev1
M22759_33-20-4,M22759/33-20-4,1,33,20,4,yellow,MIL-DTL-22759/33,XL-ETFE,crosslinked modified ETFE,light,silver,high-strength copper alloy,silver-coated high-strength copper alloy,19x32,0.0380,0.050,0.0060,4.49,10.7,200,600,SC,https://www.glenair.com/guardian-conduit-system/pdf/wire-diameter-lookup-tables.pdf,M22759_33-20-4/M22759_33-20-4-rev1
M22759_33-20-5,M22759/33-20-5,1,33,20,5,green,MIL-DTL-22759/33,XL-ETFE,crosslinked modified ETFE,light,silver,high-strength copper alloy,silver-coated high-strength copper alloy,19x32,0.0380,0.050,0.0060,4.49,10.7,200,600,SC,https://www.glenair.com/guardian-conduit-system/pdf/wire-diameter-lookup-tables.pdf,M22759_33-20-5/M22759_33-20-5-rev1
M22759_33-20-6,M22759/33-20-6,1,33,20,6,blue,MIL-DTL-22759/33,XL-ETFE,crosslinked modified ETFE,light,silver,high-strength copper alloy,silver-coated high-strength copper alloy,19x32,0.0380,0.050,0.0060,4.49,10.7,200,600,SC,https://www.glenair.com/guardian-conduit-system/pdf/wire-diameter-lookup-tables.pdf,M22759_33-20-6/M22759_33-20-6-rev1
M22759_33-20-7,M22759/33-20-7,1,33,20,7,violet,MIL-DTL-22759/33,XL-ETFE,crosslinked modified ETFE,light,silver,high-strength copper alloy,silver-coated high-strength copper alloy,19x32,0.0380,0.050,0.0060,4.49,10.7,200,600,SC,https://www.glenair.com/guardian-conduit-system/pdf/wire-diameter-lookup-tables.pdf,M22759_33-20-7/M22759_33-20-7-rev1
M22759_33-20-8,M22759/33-20-8,1,33,20,8,gray,MIL-DTL-22759/33,XL-ETFE,crosslinked modified ETFE,light,silver,high-strength copper alloy,silver-coated high-strength copper alloy,19x32,0.0380,0.050,0.0060,4.49,10.7,200,600,SC,https://www.glenair.com/guardian-conduit-system/pdf/wire-diameter-lookup-tables.pdf,M22759_33-20-8/M22759_33-20-8-rev1
M22759_33-20-9,M22759/33-20-9,1,33,20,9,white,MIL-DTL-22759/33,XL-ETFE,crosslinked modified ETFE,light,silver,high-strength copper alloy,silver-coated high-strength copper alloy,19x32,0.0380,0.050,0.0060,4.49,10.7,200,600,SC,https://www.glenair.com/guardian-conduit-system/pdf/wire-diameter-lookup-tables.pdf,M22759_33-20-9/M22759_33-20-9-rev1
M22759_33-20-90,M22759/33-20-90,1,33,20,90,white/black,MIL-DTL-22759/33,XL-ETFE,crosslinked modified ETFE,light,silver,high-strength copper alloy,silver-coated high-strength copper alloy,19x32,0.0380,0.050,0.0060,4.49,10.7,200,600,SC,https://www.glenair.com/guardian-conduit-system/pdf/wire-diameter-lookup-tables.pdf,M22759_33-20-90/M22759_33-20-90-rev1
M22759_33-20-91,M22759/33-20-91,1,33,20,91,white/brown,MIL-DTL-22759/33,XL-ETFE,crosslinked modified ETFE,light,silver,high-strength copper alloy,silver-coated high-strength copper alloy,19x32,0.0380,0.050,0.0060,4.49,10.7,200,600,SC,https://www.glenair.com/guardian-conduit-system/pdf/wire-diameter-lookup-tables.pdf,M22759_33-20-91/M22759_33-20-91-rev1
M22759_33-20-92,M22759/33-20-92,1,33,20,92,white/red,MIL-DTL-22759/33,XL-ETFE,crosslinked modified ETFE,light,silver,high-strength copper alloy,silver-coated high-strength copper alloy,19x32,0.0380,0.050,0.0060,4.49,10.7,200,600,SC,https://www.glenair.com/guardian-conduit-system/pdf/wire-diameter-lookup-tables.pdf,M22759_33-20-92/M22759_33-20-92-rev1
M22759_33-20-93,M22759/33-20-93,1,33,20,93,white/orange,MIL-DTL-22759/33,XL-ETFE,crosslinked modified ETFE,light,silver,high-strength copper alloy,silver-coated high-strength copper alloy,19x32,0.0380,0.050,0.0060,4.49,10.7,200,600,SC,https://www.glenair.com/guardian-conduit-system/pdf/wire-diameter-lookup-tables.pdf,M22759_33-20-93/M22759_33-20-93-rev1
M22759_33-20-94,M22759/33-20-94,1,33,20,94,white/yellow,MIL-DTL-22759/33,XL-ETFE,crosslinked modified ETFE,light,silver,high-strength copper alloy,silver-coated high-strength copper alloy,19x32,0.0380,0.050,0.0060,4.49,10.7,200,600,SC,https://www.glenair.com/guardian-conduit-system/pdf/wire-diameter-lookup-tables.pdf,M22759_33-20-94/M22759_33-20-94-rev1
M22759_33-20-95,M22759/33-20-95,1,33,20,95,white/green,MIL-DTL-22759/33,XL-ETFE,crosslinked modified ETFE,light,silver,high-strength copper alloy,silver-coated high-strength copper alloy,19x32,0.0380,0.050,0.0060,4.49,10.7,200,600,SC,https://www.glenair.com/guardian-conduit-system/pdf/wire-diameter-lookup-tables.pdf,M22759_33-20-95/M22759_33-20-95-rev1
M22759_33-20-96,M22759/33-20-96,1,33,20,96,white/blue,MIL-DTL-22759/33,XL-ETFE,crosslinked modified ETFE,light,silver,high-strength copper alloy,silver-coated high-strength copper alloy,19x32,0.0380,0.050,0.0060,4.49,10.7,200,600,SC,https://www.glenair.com/guardian-conduit-system/pdf/wire-diameter-lookup-tables.pdf,M22759_33-20-96/M22759_33-20-96-rev1
M22759_33-20-97,M22759/33-20-97,1,33,20,97,white/violet,MIL-DTL-22759/33,XL-ETFE,crosslinked modified ETFE,light,silver,high-strength copper alloy,silver-coated high-strength copper alloy,19x32,0.0380,0.050,0.0060,4.49,10.7,200,600,SC,https://www.glenair.com/guardian-conduit-system/pdf/wire-diameter-lookup-tables.pdf,M22759_33-20-97/M22759_33-20-97-rev1
M22759_33-20-98,M22759/33-20-98,1,33,20,98,white/gray,MIL-DTL-22759/33,XL-ETFE,crosslinked modified ETFE,light,silver,high-strength copper alloy,silver-coated high-strength copper alloy,19x32,0.0380,0.050,0.0060,4.49,10.7,200,600,SC,https://www.glenair.com/guardian-conduit-system/pdf/wire-diameter-lookup-tables.pdf,M22759_33-20-98/M22759_33-20-98-rev1
M22759_33-22-0,M22759/33-22-0,1,33,22,0,black,MIL-DTL-22759/33,XL-ETFE,crosslinked modified ETFE,light,silver,high-strength copper alloy,silver-coated high-strength copper alloy,19x34,0.0300,0.043,0.0065,2.96,17.5,200,600,SC,https://www.glenair.com/guardian-conduit-system/pdf/wire-diameter-lookup-tables.pdf,M22759_33-22-0/M22759_33-22-0-rev1
M22759_33-22-1,M22759/33-22-1,1,33,22,1,brown,MIL-DTL-22759/33,XL-ETFE,crosslinked modified ETFE,light,silver,high-strength copper alloy,silver-coated high-strength copper alloy,19x34,0.0300,0.043,0.0065,2.96,17.5,200,600,SC,https://www.glenair.com/guardian-conduit-system/pdf/wire-diameter-lookup-tables.pdf,M22759_33-22-1/M22759_33-22-1-rev1
M22759_33-22-2,M22759/33-22-2,1,33,22,2,red,MIL-DTL-22759/33,XL-ETFE,crosslinked modified ETFE,light,silver,high-strength copper alloy,silver-coated high-strength copper alloy,19x34,0.0300,0.043,0.0065,2.96,17.5,200,600,SC,https://www.glenair.com/guardian-conduit-system/pdf/wire-diameter-lookup-tables.pdf,M22759_33-22-2/M22759_33-22-2-rev1
M22759_33-22-3,M22759/33-22-3,1,33,22,3,orange,MIL-DTL-22759/33,XL-ETFE,crosslinked modified ETFE,light,silver,high-strength copper alloy,silver-coated high-strength copper alloy,19x34,0.0300,0.043,0.0065,2.96,17.5,200,600,SC,https://www.glenair.com/guardian-conduit-system/pdf/wire-diameter-lookup-tables.pdf,M22759_33-22-3/M22759_33-22-3-rev1
M22759_33-22-4,M22759/33-22-4,1,33,22,4,yellow,MIL-DTL-22759/33,XL-ETFE,crosslinked modified ETFE,light,silver,high-strength copper alloy,silver-coated high-strength copper alloy,19x34,0.0300,0.043,0.0065,2.96,17.5,200,600,SC,https://www.glenair.com/guardian-conduit-system/pdf/wire-diameter-lookup-tables.pdf,M22759_33-22-4/M22759_33-22-4-rev1
M22759_33-22-5,M22759/33-22-5,1,33,22,5,green,MIL-DTL-22759/33,XL-ETFE,crosslinked modified ETFE,light,silver,high-strength copper alloy,silver-coated high-strength copper alloy,19x34,0.0300,0.043,0.0065,2.96,17.5,200,600,SC,https://www.glenair.com/guardian-conduit-system/pdf/wire-diameter-lookup-tables.pdf,M22759_33-22-5/M22759_33-22-5-rev1
M22759_33-22-6,M22759/33-22-6,1,33,22,6,blue,MIL-DTL-22759/33,XL-ETFE,crosslinked modified ETFE,light,silver,high-strength copper alloy,silver-coated high-strength copper alloy,19x34,0.0300,0.043,0.0065,2.96,17.5,200,600,SC,https://www.glenair.com/guardian-conduit-system/pdf/wire-diameter-lookup-tables.pdf,M22759_33-22-6/M22759_33-22-6-rev1
M22759_33-22-7,M22759/33-22-7,1,33,22,7,violet,MIL-DTL-22759/33,XL-ETFE,crosslinked modified ETFE,light,silver,high-strength copper alloy,silver-coated high-strength copper alloy,19x34,0.0300,0.043,0.0065,2.96,17.5,200,600,SC,https://www.glenair.com/guardian-conduit-system/pdf/wire-diameter-lookup-tables.pdf,M22759_33-22-7/M22759_33-22-7-rev1
M22759_33-22-8,M22759/33-22-8,1,33,22,8,gray,MIL-DTL-22759/33,XL-ETFE,crosslinked modified ETFE,light,silver,high-strength copper alloy,silver-coated high-strength copper alloy,19x34,0.0300,0.043,0.0065,2.96,17.5,200,600,SC,https://www.glenair.com/guardian-conduit-system/pdf/wire-diameter-lookup-tables.pdf,M22759_33-22-8/M22759_33-22-8-rev1
M22759_33-22-9,M22759/33-22-9,1,33,22,9,white,MIL-DTL-22759/33,XL-ETFE,crosslinked modified ETFE,light,silver,high-strength copper alloy,silver-coated high-strength copper alloy,19x34,0.0300,0.043,0.0065,2.96,17.5,200,600,SC,https://www.glenair.com/guardian-conduit-system/pdf/wire-diameter-lookup-tables.pdf,M22759_33-22-9/M22759_33-22-9-rev1
M22759_33-22-90,M22759/33-22-90,1,33,22,90,white/black,MIL-DTL-22759/33,XL-ETFE,crosslinked modified ETFE,light,silver,high-strength copper alloy,silver-coated high-strength copper alloy,19x34,0.0300,0.043,0.0065,2.96,17.5,200,600,SC,https://www.glenair.com/guardian-conduit-system/pdf/wire-diameter-lookup-tables.pdf,M22759_33-22-90/M22759_33-22-90-rev1
M22759_33-22-91,M22759/33-22-91,1,33,22,91,white/brown,MIL-DTL-22759/33,XL-ETFE,crosslinked modified ETFE,light,silver,high-strength copper alloy,silver-coated high-strength copper alloy,19x34,0.0300,0.043,0.0065,2.96,17.5,200,600,SC,https://www.glenair.com/guardian-conduit-system/pdf/wire-diameter-lookup-tables.pdf,M22759_33-22-91/M22759_33-22-91-rev1
M22759_33-22-92,M22759/33-22-92,1,33,22,92,white/red,MIL-DTL-22759/33,XL-ETFE,crosslinked modified ETFE,light,silver,high-strength copper alloy,silver-coated high-strength copper alloy,19x34,0.0300,0.043,0.0065,2.96,17.5,200,600,SC,https://www.glenair.com/guardian-conduit-system/pdf/wire-diameter-lookup-tables.pdf,M22759_33-22-92/M22759_33-22-92-rev1
M22759_33-22-93,M22759/33-22-93,1,33,22,93,white/orange,MIL-DTL-22759/33,XL-ETFE,crosslinked modified ETFE,light,silver,high-strength copper alloy,silver-coated high-strength copper alloy,19x34,0.0300,0.043,0.0065,2.96,17.5,200,600,SC,https://www.glenair.com/guardian-conduit-system/pdf/wire-diameter-lookup-tables.pdf,M22759_33-22-93/M22759_33-22-93-rev1
M22759_33-22-94,M22759/33-22-94,1,33,22,94,white/yellow,MIL-DTL-22759/33,XL-ETFE,crosslinked modified ETFE,light,silver,high-strength copper alloy,silver-coated high-strength copper alloy,19x34,0.0300,0.043,0.0065,2.96,17.5,200,600,SC,https://www.glenair.com/guardian-conduit-system/pdf/wire-diameter-lookup-tables.pdf,M22759_33-22-94/M22759_33-22-94-rev1
M22759_33-22-95,M22759/33-22-95,1,33,22,95,white/green,MIL-DTL-22759/33,XL-ETFE,crosslinked modified ETFE,light,silver,high-strength copper alloy,silver-coated high-strength copper alloy,19x34,0.0300,0.043,0.0065,2.96,17.5,200,600,SC,https://www.glenair.com/guardian-conduit-system/pdf/wire-diameter-lookup-tables.pdf,M22759_33-22-95/M22759_33-22-95-rev1
M22759_33-22-96,M22759/33-22-96,1,33,22,96,white/blue,MIL-DTL-22759/33,XL-ETFE,crosslinked modified ETFE,light,silver,high-strength copper alloy,silver-coated high-strength copper alloy,19x34,0.0300,0.043,0.0065,2.96,17.5,200,600,SC,https://www.glenair.com/guardian-conduit-system/pdf/wire-diameter-lookup-tables.pdf,M22759_33-22-96/M22759_33-22-96-rev1
M22759_33-22-97,M22759/33-22-97,1,33,22,97,white/violet,MIL-DTL-22759/33,XL-ETFE,crosslinked modified ETFE,light,silver,high-strength copper alloy,silver-coated high-strength copper alloy,19x34,0.0300,0.043,0.0065,2.96,17.5,200,600,SC,https://www.glenair.com/guardian-conduit-system/pdf/wire-diameter-lookup-tables.pdf,M22759_33-22-97/M22759_33-22-97-rev1
M22759_33-22-98,M22759/33-22-98,1,33,22,98,white/gray,MIL-DTL-22759/33,XL-ETFE,crosslinked modified ETFE,light,silver,high-strength copper alloy,silver-coated high-strength copper alloy,19x34,0.0300,0.043,0.0065,2.96,17.5,200,600,SC,https://www.glenair.com/guardian-conduit-system/pdf/wire-diameter-lookup-tables.pdf,M22759_33-22-98/M22759_33-22-98-rev1
M22759_33-24-0,M22759/33-24-0,1,33,24,0,black,MIL-DTL-22759/33,XL-ETFE,crosslinked modified ETFE,light,silver,high-strength copper alloy,silver-coated high-strength copper alloy,19x36,0.0240,0.037,0.0065,2.04,28.4,200,600,SC,https://www.glenair.com/guardian-conduit-system/pdf/wire-diameter-lookup-tables.pdf,M22759_33-24-0/M22759_33-24-0-rev1
M22759_33-24-1,M22759/33-24-1,1,33,24,1,brown,MIL-DTL-22759/33,XL-ETFE,crosslinked modified ETFE,light,silver,high-strength copper alloy,silver-coated high-strength copper alloy,19x36,0.0240,0.037,0.0065,2.04,28.4,200,600,SC,https://www.glenair.com/guardian-conduit-system/pdf/wire-diameter-lookup-tables.pdf,M22759_33-24-1/M22759_33-24-1-rev1
M22759_33-24-2,M22759/33-24-2,1,33,24,2,red,MIL-DTL-22759/33,XL-ETFE,crosslinked modified ETFE,light,silver,high-strength copper alloy,silver-coated high-strength copper alloy,19x36,0.0240,0.037,0.0065,2.04,28.4,200,600,SC,https://www.glenair.com/guardian-conduit-system/pdf/wire-diameter-lookup-tables.pdf,M22759_33-24-2/M22759_33-24-2-rev1
M22759_33-24-3,M22759/33-24-3,1,33,24,3,orange,MIL-DTL-22759/33,XL-ETFE,crosslinked modified ETFE,light,silver,high-strength copper alloy,silver-coated high-strength copper alloy,19x36,0.0240,0.037,0.0065,2.04,28.4,200,600,SC,https://www.glenair.com/guardian-conduit-system/pdf/wire-diameter-lookup-tables.pdf,M22759_33-24-3/M22759_33-24-3-rev1
M22759_33-24-4,M22759/33-24-4,1,33,24,4,yellow,MIL-DTL-22759/33,XL-ETFE,crosslinked modified ETFE,light,silver,high-strength copper alloy,silver-coated high-strength copper alloy,19x36,0.0240,0.037,0.0065,2.04,28.4,200,600,SC,https://www.glenair.com/guardian-conduit-system/pdf/wire-diameter-lookup-tables.pdf,M22759_33-24-4/M22759_33-24-4-rev1
M22759_33-24-5,M22759/33-24-5,1,33,24,5,green,MIL-DTL-22759/33,XL-ETFE,crosslinked modified ETFE,light,silver,high-strength copper alloy,silver-coated high-strength copper alloy,19x36,0.0240,0.037,0.0065,2.04,28.4,200,600,SC,https://www.glenair.com/guardian-conduit-system/pdf/wire-diameter-lookup-tables.pdf,M22759_33-24-5/M22759_33-24-5-rev1
M22759_33-24-6,M22759/33-24-6,1,33,24,6,blue,MIL-DTL-22759/33,XL-ETFE,crosslinked modified ETFE,light,silver,high-strength copper alloy,silver-coated high-strength copper alloy,19x36,0.0240,0.037,0.0065,2.04,28.4,200,600,SC,https://www.glenair.com/guardian-conduit-system/pdf/wire-diameter-lookup-tables.pdf,M22759_33-24-6/M22759_33-24-6-rev1
M22759_33-24-7,M22759/33-24-7,1,33,24,7,violet,MIL-DTL-22759/33,XL-ETFE,crosslinked modified ETFE,light,silver,high-strength copper alloy,silver-coated high-strength copper alloy,19x36,0.0240,0.037,0.0065,2.04,28.4,200,600,SC,https://www.glenair.com/guardian-conduit-system/pdf/wire-diameter-lookup-tables.pdf,M22759_33-24-7/M22759_33-24-7-rev1
M22759_33-24-8,M22759/33-24-8,1,33,24,8,gray,MIL-DTL-22759/33,XL-ETFE,crosslinked modified ETFE,light,silver,high-strength copper alloy,silver-coated high-strength copper alloy,19x36,0.0240,0.037,0.0065,2.04,28.4,200,600,SC,https://www.glenair.com/guardian-conduit-system/pdf/wire-diameter-lookup-tables.pdf,M22759_33-24-8/M22759_33-24-8-rev1
M22759_33-24-9,M22759/33-24-9,1,33,24,9,white,MIL-DTL-22759/33,XL-ETFE,crosslinked modified ETFE,light,silver,high-strength copper alloy,silver-coated high-strength copper alloy,19x36,0.0240,0.037,0.0065,2.04,28.4,200,600,SC,https://www.glenair.com/guardian-conduit-system/pdf/wire-diameter-lookup-tables.pdf,M22759_33-24-9/M22759_33-24-9-rev1
M22759_33-24-90,M22759/33-24-90,1,33,24,90,white/black,MIL-DTL-22759/33,XL-ETFE,crosslinked modified ETFE,light,silver,high-strength copper alloy,silver-coated high-strength copper alloy,19x36,0.0240,0.037,0.0065,2.04,28.4,200,600,SC,https://www.glenair.com/guardian-conduit-system/pdf/wire-diameter-lookup-tables.pdf,M22759_33-24-90/M22759_33-24-90-rev1
M22759_33-24-91,M22759/33-24-91,1,33,24,91,white/brown,MIL-DTL-22759/33,XL-ETFE,crosslinked modified ETFE,light,silver,high-strength copper alloy,silver-coated high-strength copper alloy,19x36,0.0240,0.037,0.0065,2.04,28.4,200,600,SC,https://www.glenair.com/guardian-conduit-system/pdf/wire-diameter-lookup-tables.pdf,M22759_33-24-91/M22759_33-24-91-rev1
M22759_33-24-92,M22759/33-24-92,1,33,24,92,white/red,MIL-DTL-22759/33,XL-ETFE,crosslinked modified ETFE,light,silver,high-strength copper alloy,silver-coated high-strength copper alloy,19x36,0.0240,0.037,0.0065,2.04,28.4,200,600,SC,https://www.glenair.com/guardian-conduit-system/pdf/wire-diameter-lookup-tables.pdf,M22759_33-24-92/M22759_33-24-92-rev1
M22759_33-24-93,M22759/33-24-93,1,33,24,93,white/orange,MIL-DTL-22759/33,XL-ETFE,crosslinked modified ETFE,light,silver,high-strength copper alloy,silver-coated high-strength copper alloy,19x36,0.0240,0.037,0.0065,2.04,28.4,200,600,SC,https://www.glenair.com/guardian-conduit-system/pdf/wire-diameter-lookup-tables.pdf,M22759_33-24-93/M22759_33-24-93-rev1
M22759_33-24-94,M22759/33-24-94,1,33,24,94,white/yellow,MIL-DTL-22759/33,XL-ETFE,crosslinked modified ETFE,light,silver,high-strength copper alloy,silver-coated high-strength copper alloy,19x36,0.0240,0.037,0.0065,2.04,28.4,200,600,SC,https://www.glenair.com/guardian-conduit-system/pdf/wire-diameter-lookup-tables.pdf,M22759_33-24-94/M22759_33-24-94-rev1
M22759_33-24-95,M22759/33-24-95,1,33,24,95,white/green,MIL-DTL-22759/33,XL-ETFE,crosslinked modified ETFE,light,silver,high-strength copper alloy,silver-coated high-strength copper alloy,19x36,0.0240,0.037,0.0065,2.04,28.4,200,600,SC,https://www.glenair.com/guardian-conduit-system/pdf/wire-diameter-lookup-tables.pdf,M22759_33-24-95/M22759_33-24-95-rev1
M22759_33-24-96,M22759/33-24-96,1,33,24,96,white/blue,MIL-DTL-22759/33,XL-ETFE,crosslinked modified ETFE,light,silver,high-strength copper alloy,silver-coated high-strength copper alloy,19x36,0.0240,0.037,0.0065,2.04,28.4,200,600,SC,https://www.glenair.com/guardian-conduit-system/pdf/wire-diameter-lookup-tables.pdf,M22759_33-24-96/M22759_33-24-96-rev1
M22759_33-24-97,M22759/33-24-97,1,33,24,97,white/violet,MIL-DTL-22759/33,XL-ETFE,crosslinked modified ETFE,light,silver,high-strength copper alloy,silver-coated high-strength copper alloy,19x36,0.0240,0.037,0.0065,2.04,28.4,200,600,SC,https://www.glenair.com/guardian-conduit-system/pdf/wire-diameter-lookup-tables.pdf,M22759_33-24-97/M22759_33-24-97-rev1
M22759_33-24-98,M22759/33-24-98,1,33,24,98,white/gray,MIL-DTL-22759/33,XL-ETFE,crosslinked modified ETFE,light,silver,high-strength copper alloy,silver-coated high-strength copper alloy,19x36,0.0240,0.037,0.0065,2.04,28.4,200,600,SC,https://www.glenair.com/guardian-conduit-system/pdf/wire-diameter-lookup-tables.pdf,M22759_33-24-98/M22759_33-24-98-rev1
M22759_33-26-0,M22759/33-26-0,1,33,26,0,black,MIL-DTL-22759/33,XL-ETFE,crosslinked modified ETFE,light,silver,high-strength copper alloy,silver-coated high-strength copper alloy,19x38,0.0190,0.032,0.0065,1.43,44.8,200,600,SC,https://www.glenair.com/guardian-conduit-system/pdf/wire-diameter-lookup-tables.pdf,M22759_33-26-0/M22759_33-26-0-rev1
M22759_33-26-1,M22759/33-26-1,1,33,26,1,brown,MIL-DTL-22759/33,XL-ETFE,crosslinked modified ETFE,light,silver,high-strength copper alloy,silver-coated high-strength copper alloy,19x38,0.0190,0.032,0.0065,1.43,44.8,200,600,SC,https://www.glenair.com/guardian-conduit-system/pdf/wire-diameter-lookup-tables.pdf,M22759_33-26-1/M22759_33-26-1-rev1
M22759_33-26-2,M22759/33-26-2,1,33,26,2,red,MIL-DTL-22759/33,XL-ETFE,crosslinked modified ETFE,light,silver,high-strength copper alloy,silver-coated high-strength copper alloy,19x38,0.0190,0.032,0.0065,1.43,44.8,200,600,SC,https://www.glenair.com/guardian-conduit-system/pdf/wire-diameter-lookup-tables.pdf,M22759_33-26-2/M22759_33-26-2-rev1
M22759_33-26-3,M22759/33-26-3,1,33,26,3,orange,MIL-DTL-22759/33,XL-ETFE,crosslinked modified ETFE,light,silver,high-strength copper alloy,silver-coated high-strength copper alloy,19x38,0.0190,0.032,0.0065,1.43,44.8,200,600,SC,https://www.glenair.com/guardian-conduit-system/pdf/wire-diameter-lookup-tables.pdf,M22759_33-26-3/M22759_33-26-3-rev1
M22759_33-26-4,M22759/33-26-4,1,33,26,4,yellow,MIL-DTL-22759/33,XL-ETFE,crosslinked modified ETFE,light,silver,high-strength copper alloy,silver-coated high-strength copper alloy,19x38,0.0190,0.032,0.0065,1.43,44.8,200,600,SC,https://www.glenair.com/guardian-conduit-system/pdf/wire-diameter-lookup-tables.pdf,M22759_33-26-4/M22759_33-26-4-rev1
M22759_33-26-5,M22759/33-26-5,1,33,26,5,green,MIL-DTL-22759/33,XL-ETFE,crosslinked modified ETFE,light,silver,high-strength copper alloy,silver-coated high-strength copper alloy,19x38,0.0190,0.032,0.0065,1.43,44.8,200,600,SC,https://www.glenair.com/guardian-conduit-system/pdf/wire-diameter-lookup-tables.pdf,M22759_33-26-5/M22759_33-26-5-rev1
M22759_33-26-6,M22759/33-26-6,1,33,26,6,blue,MIL-DTL-22759/33,XL-ETFE,crosslinked modified ETFE,light,silver,high-strength copper alloy,silver-coated high-strength copper alloy,19x38,0.0190,0.032,0.0065,1.43,44.8,200,600,SC,https://www.glenair.com/guardian-conduit-system/pdf/wire-diameter-lookup-tables.pdf,M22759_33-26-6/M22759_33-26-6-rev1
M22759_33-26-7,M22759/33-26-7,1,33,26,7,violet,MIL-DTL-22759/33,XL-ETFE,crosslinked modified ETFE,light,silver,high-strength copper alloy,silver-coated high-strength copper alloy,19x38,0.0190,0.032,0.0065,1.43,44.8,200,600,SC,https://www.glenair.com/guardian-conduit-system/pdf/wire-diameter-lookup-tables.pdf,M22759_33-26-7/M22759_33-26-7-rev1
M22759_33-26-8,M22759/33-26-8,1,33,26,8,gray,MIL-DTL-22759/33,XL-ETFE,crosslinked modified ETFE,light,silver,high-strength copper alloy,silver-coated high-strength copper alloy,19x38,0.0190,0.032,0.0065,1.43,44.8,200,600,SC,https://www.glenair.com/guardian-conduit-system/pdf/wire-diameter-lookup-tables.pdf,M22759_33-26-8/M22759_33-26-8-rev1
M22759_33-26-9,M22759/33-26-9,1,33,26,9,white,MIL-DTL-22759/33,XL-ETFE,crosslinked modified ETFE,light,silver,high-strength copper alloy,silver-coated high-strength copper alloy,19x38,0.0190,0.032,0.0065,1.43,44.8,200,600,SC,https://www.glenair.com/guardian-conduit-system/pdf/wire-diameter-lookup-tables.pdf,M22759_33-26-9/M22759_33-26-9-rev1
M22759_33-26-90,M22759/33-26-90,1,33,26,90,white/black,MIL-DTL-22759/33,XL-ETFE,crosslinked modified ETFE,light,silver,high-strength copper alloy,silver-coated high-strength copper alloy,19x38,0.0190,0.032,0.0065,1.43,44.8,200,600,SC,https://www.glenair.com/guardian-conduit-system/pdf/wire-diameter-lookup-tables.pdf,M22759_33-26-90/M22759_33-26-90-rev1
M22759_33-26-91,M22759/33-26-91,1,33,26,91,white/brown,MIL-DTL-22759/33,XL-ETFE,crosslinked modified ETFE,light,silver,high-strength copper alloy,silver-coated high-strength copper alloy,19x38,0.0190,0.032,0.0065,1.43,44.8,200,600,SC,https://www.glenair.com/guardian-conduit-system/pdf/wire-diameter-lookup-tables.pdf,M22759_33-26-91/M22759_33-26-91-rev1
M22759_33-26-92,M22759/33-26-92,1,33,26,92,white/red,MIL-DTL-22759/33,XL-ETFE,crosslinked modified ETFE,light,silver,high-strength copper alloy,silver-coated high-strength copper alloy,19x38,0.0190,0.032,0.0065,1.43,44.8,200,600,SC,https://www.glenair.com/guardian-conduit-system/pdf/wire-diameter-lookup-tables.pdf,M22759_33-26-92/M22759_33-26-92-rev1
M22759_33-26-93,M22759/33-26-93,1,33,26,93,white/orange,MIL-DTL-22759/33,XL-ETFE,crosslinked modified ETFE,light,silver,high-strength copper alloy,silver-coated high-strength copper alloy,19x38,0.0190,0.032,0.0065,1.43,44.8,200,600,SC,https://www.glenair.com/guardian-conduit-system/pdf/wire-diameter-lookup-tables.pdf,M22759_33-26-93/M22759_33-26-93-rev1
M22759_33-26-94,M22759/33-26-94,1,33,26,94,white/yellow,MIL-DTL-22759/33,XL-ETFE,crosslinked modified ETFE,light,silver,high-strength copper alloy,silver-coated high-strength copper alloy,19x38,0.0190,0.032,0.0065,1.43,44.8,200,600,SC,https://www.glenair.com/guardian-conduit-system/pdf/wire-diameter-lookup-tables.pdf,M22759_33-26-94/M22759_33-26-94-rev1
M22759_33-26-95,M22759/33-26-95,1,33,26,95,white/green,MIL-DTL-22759/33,XL-ETFE,crosslinked modified ETFE,light,silver,high-strength copper alloy,silver-coated high-strength copper alloy,19x38,0.0190,0.032,0.0065,1.43,44.8,200,600,SC,https://www.glenair.com/guardian-conduit-system/pdf/wire-diameter-lookup-tables.pdf,M22759_33-26-95/M22759_33-26-95-rev1
M22759_33-26-96,M22759/33-26-96,1,33,26,96,white/blue,MIL-DTL-22759/33,XL-ETFE,crosslinked modified ETFE,light,silver,high-strength copper alloy,silver-coated high-strength copper alloy,19x38,0.0190,0.032,0.0065,1.43,44.8,200,600,SC,https://www.glenair.com/guardian-conduit-system/pdf/wire-diameter-lookup-tables.pdf,M22759_33-26-96/M22759_33-26-96-rev1
M22759_33-26-97,M22759/33-26-97,1,33,26,97,white/violet,MIL-DTL-22759/33,XL-ETFE,crosslinked modified ETFE,light,silver,high-strength copper alloy,silver-coated high-strength copper alloy,19x38,0.0190,0.032,0.0065,1.43,44.8,200,600,SC,https://www.glenair.com/guardian-conduit-system/pdf/wire-diameter-lookup-tables.pdf,M22759_33-26-97/M22759_33-26-97-rev1
M22759_33-26-98,M22759/33-26-98,1,33,26,98,white/gray,MIL-DTL-22759/33,XL-ETFE,crosslinked modified ETFE,light,silver,high-strength copper alloy,silver-coated high-strength copper alloy,19x38,0.0190,0.032,0.0065,1.43,44.8,200,600,SC,https://www.glenair.com/guardian-conduit-system/pdf/wire-diameter-lookup-tables.pdf,M22759_33-26-98/M22759_33-26-98-rev1
M22759_33-28-0,M22759/33-28-0,1,33,28,0,black,MIL-DTL-22759/33,XL-ETFE,crosslinked modified ETFE,light,silver,high-strength copper alloy,silver-coated high-strength copper alloy,7x36,0.0150,0.027,0.0060,0.93,74.4,200,600,SC,https://www.glenair.com/guardian-conduit-system/pdf/wire-diameter-lookup-tables.pdf,M22759_33-28-0/M22759_33-28-0-rev1
M22759_33-28-1,M22759/33-28-1,1,33,28,1,brown,MIL-DTL-22759/33,XL-ETFE,crosslinked modified ETFE,light,silver,high-strength copper alloy,silver-coated high-strength copper alloy,7x36,0.0150,0.027,0.0060,0.93,74.4,200,600,SC,https://www.glenair.com/guardian-conduit-system/pdf/wire-diameter-lookup-tables.pdf,M22759_33-28-1/M22759_33-28-1-rev1
M22759_33-28-2,M22759/33-28-2,1,33,28,2,red,MIL-DTL-22759/33,XL-ETFE,crosslinked modified ETFE,light,silver,high-strength copper alloy,silver-coated high-strength copper alloy,7x36,0.0150,0.027,0.0060,0.93,74.4,200,600,SC,https://www.glenair.com/guardian-conduit-system/pdf/wire-diameter-lookup-tables.pdf,M22759_33-28-2/M22759_33-28-2-rev1
M22759_33-28-3,M22759/33-28-3,1,33,28,3,orange,MIL-DTL-22759/33,XL-ETFE,crosslinked modified ETFE,light,silver,high-strength copper alloy,silver-coated high-strength copper alloy,7x36,0.0150,0.027,0.0060,0.93,74.4,200,600,SC,https://www.glenair.com/guardian-conduit-system/pdf/wire-diameter-lookup-tables.pdf,M22759_33-28-3/M22759_33-28-3-rev1
M22759_33-28-4,M22759/33-28-4,1,33,28,4,yellow,MIL-DTL-22759/33,XL-ETFE,crosslinked modified ETFE,light,silver,high-strength copper alloy,silver-coated high-strength copper alloy,7x36,0.0150,0.027,0.0060,0.93,74.4,200,600,SC,https://www.glenair.com/guardian-conduit-system/pdf/wire-diameter-lookup-tables.pdf,M22759_33-28-4/M22759_33-28-4-rev1
M22759_33-28-5,M22759/33-28-5,1,33,28,5,green,MIL-DTL-22759/33,XL-ETFE,crosslinked modified ETFE,light,silver,high-strength copper alloy,silver-coated high-strength copper alloy,7x36,0.0150,0.027,0.0060,0.93,74.4,200,600,SC,https://www.glenair.com/guardian-conduit-system/pdf/wire-diameter-lookup-tables.pdf,M22759_33-28-5/M22759_33-28-5-rev1
M22759_33-28-6,M22759/33-28-6,1,33,28,6,blue,MIL-DTL-22759/33,XL-ETFE,crosslinked modified ETFE,light,silver,high-strength copper alloy,silver-coated high-strength copper alloy,7x36,0.0150,0.027,0.0060,0.93,74.4,200,600,SC,https://www.glenair.com/guardian-conduit-system/pdf/wire-diameter-lookup-tables.pdf,M22759_33-28-6/M22759_33-28-6-rev1
M22759_33-28-7,M22759/33-28-7,1,33,28,7,violet,MIL-DTL-22759/33,XL-ETFE,crosslinked modified ETFE,light,silver,high-strength copper alloy,silver-coated high-strength copper alloy,7x36,0.0150,0.027,0.0060,0.93,74.4,200,600,SC,https://www.glenair.com/guardian-conduit-system/pdf/wire-diameter-lookup-tables.pdf,M22759_33-28-7/M22759_33-28-7-rev1
M22759_33-28-8,M22759/33-28-8,1,33,28,8,gray,MIL-DTL-22759/33,XL-ETFE,crosslinked modified ETFE,light,silver,high-strength copper alloy,silver-coated high-strength copper alloy,7x36,0.0150,0.027,0.0060,0.93,74.4,200,600,SC,https://www.glenair.com/guardian-conduit-system/pdf/wire-diameter-lookup-tables.pdf,M22759_33-28-8/M22759_33-28-8-rev1
M22759_33-28-9,M22759/33-28-9,1,33,28,9,white,MIL-DTL-22759/33,XL-ETFE,crosslinked modified ETFE,light,silver,high-strength copper alloy,silver-coated high-strength copper alloy,7x36,0.0150,0.027,0.0060,0.93,74.4,200,600,SC,https://www.glenair.com/guardian-conduit-system/pdf/wire-diameter-lookup-tables.pdf,M22759_33-28-9/M22759_33-28-9-rev1
M22759_33-28-90,M22759/33-28-90,1,33,28,90,white/black,MIL-DTL-22759/33,XL-ETFE,crosslinked modified ETFE,light,silver,high-strength copper alloy,silver-coated high-strength copper alloy,7x36,0.0150,0.027,0.0060,0.93,74.4,200,600,SC,https://www.glenair.com/guardian-conduit-system/pdf/wire-diameter-lookup-tables.pdf,M22759_33-28-90/M22759_33-28-90-rev1
M22759_33-28-91,M22759/33-28-91,1,33,28,91,white/brown,MIL-DTL-22759/33,XL-ETFE,crosslinked modified ETFE,light,silver,high-strength copper alloy,silver-coated high-strength copper alloy,7x36,0.0150,0.027,0.0060,0.93,74.4,200,600,SC,https://www.glenair.com/guardian-conduit-system/pdf/wire-diameter-lookup-tables.pdf,M22759_33-28-91/M22759_33-28-91-rev1
M22759_33-28-92,M22759/33-28-92,1,33,28,92,white/red,MIL-DTL-22759/33,XL-ETFE,crosslinked modified ETFE,light,silver,high-strength copper alloy,silver-coated high-strength copper alloy,7x36,0.0150,0.027,0.0060,0.93,74.4,200,600,SC,https://www.glenair.com/guardian-conduit-system/pdf/wire-diameter-lookup-tables.pdf,M22759_33-28-92/M22759_33-28-92-rev1
M22759_33-28-93,M22759/33-28-93,1,33,28,93,white/orange,MIL-DTL-22759/33,XL-ETFE,crosslinked modified ETFE,light,silver,high-strength copper alloy,silver-coated high-strength copper alloy,7x36,0.0150,0.027,0.0060,0.93,74.4,200,600,SC,https://www.glenair.com/guardian-conduit-system/pdf/wire-diameter-lookup-tables.pdf,M22759_33-28-93/M22759_33-28-93-rev1
M22759_33-28-94,M22759/33-28-94,1,33,28,94,white/yellow,MIL-DTL-22759/33,XL-ETFE,crosslinked modified ETFE,light,silver,high-strength copper alloy,silver-coated high-strength copper alloy,7x36,0.0150,0.027,0.0060,0.93,74.4,200,600,SC,https://www.glenair.com/guardian-conduit-system/pdf/wire-diameter-lookup-tables.pdf,M22759_33-28-94/M22759_33-28-94-rev1
M22759_33-28-95,M22759/33-28-95,1,33,28,95,white/green,MIL-DTL-22759/33,XL-ETFE,crosslinked modified ETFE,light,silver,high-strength copper alloy,silver-coated high-strength copper alloy,7x36,0.0150,0.027,0.0060,0.93,74.4,200,600,SC,https://www.glenair.com/guardian-conduit-system/pdf/wire-diameter-lookup-tables.pdf,M22759_33-28-95/M22759_33-28-95-rev1
M22759_33-28-96,M22759/33-28-96,1,33,28,96,white/blue,MIL-DTL-22759/33,XL-ETFE,crosslinked modified ETFE,light,silver,high-strength copper alloy,silver-coated high-strength copper alloy,7x36,0.0150,0.027,0.0060,0.93,74.4,200,600,SC,https://www.glenair.com/guardian-conduit-system/pdf/wire-diameter-lookup-tables.pdf,M22759_33-28-96/M22759_33-28-96-rev1
M22759_33-28-97,M22759/33-28-97,1,33,28,97,white/violet,MIL-DTL-22759/33,XL-ETFE,crosslinked modified ETFE,light,silver,high-strength copper alloy,silver-coated high-strength copper alloy,7x36,0.0150,0.027,0.0060,0.93,74.4,200,600,SC,https://www.glenair.com/guardian-conduit-system/pdf/wire-diameter-lookup-tables.pdf,M22759_33-28-97/M22759_33-28-97-rev1
M22759_33-28-98,M22759/33-28-98,1,33,28,98,white/gray,MIL-DTL-22759/33,XL-ETFE,crosslinked modified ETFE,light,silver,high-strength copper alloy,silver-coated high-strength copper alloy,7x36,0.0150,0.027,0.0060,0.93,74.4,200,600,SC,https://www.glenair.com/guardian-conduit-system/pdf/wire-diameter-lookup-tables.pdf,M22759_33-28-98/M22759_33-28-98-rev1
M22759_33-30-0,M22759/33-30-0,1,33,30,0,black,MIL-DTL-22759/33,XL-ETFE,crosslinked modified ETFE,light,silver,high-strength copper alloy,silver-coated high-strength copper alloy,7x38,0.0120,0.024,0.0060,0.67,117.4,200,600,SC,https://www.glenair.com/guardian-conduit-system/pdf/wire-diameter-lookup-tables.pdf,M22759_33-30-0/M22759_33-30-0-rev1
M22759_33-30-1,M22759/33-30-1,1,33,30,1,brown,MIL-DTL-22759/33,XL-ETFE,crosslinked modified ETFE,light,silver,high-strength copper alloy,silver-coated high-strength copper alloy,7x38,0.0120,0.024,0.0060,0.67,117.4,200,600,SC,https://www.glenair.com/guardian-conduit-system/pdf/wire-diameter-lookup-tables.pdf,M22759_33-30-1/M22759_33-30-1-rev1
M22759_33-30-2,M22759/33-30-2,1,33,30,2,red,MIL-DTL-22759/33,XL-ETFE,crosslinked modified ETFE,light,silver,high-strength copper alloy,silver-coated high-strength copper alloy,7x38,0.0120,0.024,0.0060,0.67,117.4,200,600,SC,https://www.glenair.com/guardian-conduit-system/pdf/wire-diameter-lookup-tables.pdf,M22759_33-30-2/M22759_33-30-2-rev1
M22759_33-30-3,M22759/33-30-3,1,33,30,3,orange,MIL-DTL-22759/33,XL-ETFE,crosslinked modified ETFE,light,silver,high-strength copper alloy,silver-coated high-strength copper alloy,7x38,0.0120,0.024,0.0060,0.67,117.4,200,600,SC,https://www.glenair.com/guardian-conduit-system/pdf/wire-diameter-lookup-tables.pdf,M22759_33-30-3/M22759_33-30-3-rev1
M22759_33-30-4,M22759/33-30-4,1,33,30,4,yellow,MIL-DTL-22759/33,XL-ETFE,crosslinked modified ETFE,light,silver,high-strength copper alloy,silver-coated high-strength copper alloy,7x38,0.0120,0.024,0.0060,0.67,117.4,200,600,SC,https://www.glenair.com/guardian-conduit-system/pdf/wire-diameter-lookup-tables.pdf,M22759_33-30-4/M22759_33-30-4-rev1
M22759_33-30-5,M22759/33-30-5,1,33,30,5,green,MIL-DTL-22759/33,XL-ETFE,crosslinked modified ETFE,light,silver,high-strength copper alloy,silver-coated high-strength copper alloy,7x38,0.0120,0.024,0.0060,0.67,117.4,200,600,SC,https://www.glenair.com/guardian-conduit-system/pdf/wire-diameter-lookup-tables.pdf,M22759_33-30-5/M22759_33-30-5-rev1
M22759_33-30-6,M22759/33-30-6,1,33,30,6,blue,MIL-DTL-22759/33,XL-ETFE,crosslinked modified ETFE,light,silver,high-strength copper alloy,silver-coated high-strength copper alloy,7x38,0.0120,0.024,0.0060,0.67,117.4,200,600,SC,https://www.glenair.com/guardian-conduit-system/pdf/wire-diameter-lookup-tables.pdf,M22759_33-30-6/M22759_33-30-6-rev1
M22759_33-30-7,M22759/33-30-7,1,33,30,7,violet,MIL-DTL-22759/33,XL-ETFE,crosslinked modified ETFE,light,silver,high-strength copper alloy,silver-coated high-strength copper alloy,7x38,0.0120,0.024,0.0060,0.67,117.4,200,600,SC,https://www.glenair.com/guardian-conduit-system/pdf/wire-diameter-lookup-tables.pdf,M22759_33-30-7/M22759_33-30-7-rev1
M22759_33-30-8,M22759/33-30-8,1,33,30,8,gray,MIL-DTL-22759/33,XL-ETFE,crosslinked modified ETFE,light,silver,high-strength copper alloy,silver-coated high-strength copper alloy,7x38,0.0120,0.024,0.0060,0.67,117.4,200,600,SC,https://www.glenair.com/guardian-conduit-system/pdf/wire-diameter-lookup-tables.pdf,M22759_33-30-8/M22759_33-30-8-rev1
M22759_33-30-9,M22759/33-30-9,1,33,30,9,white,MIL-DTL-22759/33,XL-ETFE,crosslinked modified ETFE,light,silver,high-strength copper alloy,silver-coated high-strength copper alloy,7x38,0.0120,0.024,0.0060,0.67,117.4,200,600,SC,https://www.glenair.com/guardian-conduit-system/pdf/wire-diameter-lookup-tables.pdf,M22759_33-30-9/M22759_33-30-9-rev1
M22759_33-30-90,M22759/33-30-90,1,33,30,90,white/black,MIL-DTL-22759/33,XL-ETFE,crosslinked modified ETFE,light,silver,high-strength copper alloy,silver-coated high-strength copper alloy,7x38,0.0120,0.024,0.0060,0.67,117.4,200,600,SC,https://www.glenair.com/guardian-conduit-system/pdf/wire-diameter-lookup-tables.pdf,M22759_33-30-90/M22759_33-30-90-rev1
M22759_33-30-91,M22759/33-30-91,1,33,30,91,white/brown,MIL-DTL-22759/33,XL-ETFE,crosslinked modified ETFE,light,silver,high-strength copper alloy,silver-coated high-strength copper alloy,7x38,0.0120,0.024,0.0060,0.67,117.4,200,600,SC,https://www.glenair.com/guardian-conduit-system/pdf/wire-diameter-lookup-tables.pdf,M22759_33-30-91/M22759_33-30-91-rev1
M22759_33-30-92,M22759/33-30-92,1,33,30,92,white/red,MIL-DTL-22759/33,XL-ETFE,crosslinked modified ETFE,light,silver,high-strength copper alloy,silver-coated high-strength copper alloy,7x38,0.0120,0.024,0.0060,0.67,117.4,200,600,SC,https://www.glenair.com/guardian-conduit-system/pdf/wire-diameter-lookup-tables.pdf,M22759_33-30-92/M22759_33-30-92-rev1
M22759_33-30-93,M22759/33-30-93,1,33,30,93,white/orange,MIL-DTL-22759/33,XL-ETFE,crosslinked modified ETFE,light,silver,high-strength copper alloy,silver-coated high-strength copper alloy,7x38,0.0120,0.024,0.0060,0.67,117.4,200,600,SC,https://www.glenair.com/guardian-conduit-system/pdf/wire-diameter-lookup-tables.pdf,M22759_33-30-93/M22759_33-30-93-rev1
M22759_33-30-94,M22759/33-30-94,1,33,30,94,white/yellow,MIL-DTL-22759/33,XL-ETFE,crosslinked modified ETFE,light,silver,high-strength copper alloy,silver-coated high-strength copper alloy,7x38,0.0120,0.024,0.0060,0.67,117.4,200,600,SC,https://www.glenair.com/guardian-conduit-system/pdf/wire-diameter-lookup-tables.pdf,M22759_33-30-94/M22759_33-30-94-rev1
M22759_33-30-95,M22759/33-30-95,1,33,30,95,white/green,MIL-DTL-22759/33,XL-ETFE,crosslinked modified ETFE,light,silver,high-strength copper alloy,silver-coated high-strength copper alloy,7x38,0.0120,0.024,0.0060,0.67,117.4,200,600,SC,https://www.glenair.com/guardian-conduit-system/pdf/wire-diameter-lookup-tables.pdf,M22759_33-30-95/M22759_33-30-95-rev1
M22759_33-30-96,M22759/33-30-96,1,33,30,96,white/blue,MIL-DTL-22759/33,XL-ETFE,crosslinked modified ETFE,light,silver,high-strength copper alloy,silver-coated high-strength copper alloy,7x38,0.0120,0.024,0.0060,0.67,117.4,200,600,SC,https://www.glenair.com/guardian-conduit-system/pdf/wire-diameter-lookup-tables.pdf,M22759_33-30-96/M22759_33-30-96-rev1
M22759_33-30-97,M22759/33-30-97,1,33,30,97,white/violet,MIL-DTL-22759/33,XL-ETFE,crosslinked modified ETFE,light,silver,high-strength copper alloy,silver-coated high-strength copper alloy,7x38,0.0120,0.024,0.0060,0.67,117.4,200,600,SC,https://www.glenair.com/guardian-conduit-system/pdf/wire-diameter-lookup-tables.pdf,M22759_33-30-97/M22759_33-30-97-rev1
M22759_33-30-98,M22759/33-30-98,1,33,30,98,white/gray,MIL-DTL-22759/33,XL-ETFE,crosslinked modified ETFE,light,silver,high-strength copper alloy,silver-coated high-strength copper alloy,7x38,0.0120,0.024,0.0060,0.67,117.4,200,600,SC,https://www.glenair.com/guardian-conduit-system/pdf/wire-diameter-lookup-tables.pdf,M22759_33-30-98/M22759_33-30-98-rev1
M22759_41-10-0,M22759/41-10-0,1,41,10,0,black,MIL-DTL-22759/41,XL-ETFE,"crosslinked modified ETFE, dual wall",dual,nickel,copper,nickel-coated copper,37x26,0.1095,0.134,0.0123,32.4,1.24,200,600,,https://www.glenair.com/wire-and-cable/pdf/mil-star/gs22759-41.pdf,M22759_41-10-0/M22759_41-10-0-rev1
M22759_41-10-1,M22759/41-10-1,1,41,10,1,brown,MIL-DTL-22759/41,XL-ETFE,"crosslinked modified ETFE, dual wall",dual,nickel,copper,nickel-coated copper,37x26,0.1095,0.134,0.0123,32.4,1.24,200,600,,https://www.glenair.com/wire-and-cable/pdf/mil-star/gs22759-41.pdf,M22759_41-10-1/M22759_41-10-1-rev1
M22759_41-10-2,M22759/41-10-2,1,41,10,2,red,MIL-DTL-22759/41,XL-ETFE,"crosslinked modified ETFE, dual wall",dual,nickel,copper,nickel-coated copper,37x26,0.1095,0.134,0.0123,32.4,1.24,200,600,,https://www.glenair.com/wire-and-cable/pdf/mil-star/gs22759-41.pdf,M22759_41-10-2/M22759_41-10-2-rev1
M22759_41-10-3,M22759/41-10-3,1,41,10,3,orange,MIL-DTL-22759/41,XL-ETFE,"crosslinked modified ETFE, dual wall",dual,nickel,copper,nickel-coated copper,37x26,0.1095,0.134,0.0123,32.4,1.24,200,600,,https://www.glenair.com/wire-and-cable/pdf/mil-star/gs22759-41.pdf,M22759_41-10-3/M22759_41-10-3-rev1
M22759_41-10-4,M22759/41-10-4,1,41,10,4,yellow,MIL-DTL-22759/41,XL-ETFE,"crosslinked modified ETFE, dual wall",dual,nickel,copper,nickel-coated copper,37x26,0.1095,0.134,0.0123,32.4,1.24,200,600,,https://www.glenair.com/wire-and-cable/pdf/mil-star/gs22759-41.pdf,M22759_41-10-4/M22759_41-10-4-rev1
M22759_41-10-5,M22759/41-10-5,1,41,10,5,green,MIL-DTL-22759/41,XL-ETFE,"crosslinked modified ETFE, dual wall",dual,nickel,copper,nickel-coated copper,37x26,0.1095,0.134,0.0123,32.4,1.24,200,600,,https://www.glenair.com/wire-and-cable/pdf/mil-star/gs22759-41.pdf,M22759_41-10-5/M22759_41-10-5-rev1
M22759_41-10-6,M22759/41-10-6,1,41,10,6,blue,MIL-DTL-22759/41,XL-ETFE,"crosslinked modified ETFE, dual wall",dual,nickel,copper,nickel-coated copper,37x26,0.1095,0.134,0.0123,32.4,1.24,200,600,,https://www.glenair.com/wire-and-cable/pdf/mil-star/gs22759-41.pdf,M22759_41-10-6/M22759_41-10-6-rev1
M22759_41-10-7,M22759/41-10-7,1,41,10,7,violet,MIL-DTL-22759/41,XL-ETFE,"crosslinked modified ETFE, dual wall",dual,nickel,copper,nickel-coated copper,37x26,0.1095,0.134,0.0123,32.4,1.24,200,600,,https://www.glenair.com/wire-and-cable/pdf/mil-star/gs22759-41.pdf,M22759_41-10-7/M22759_41-10-7-rev1
M22759_41-10-8,M22759/41-10-8,1,41,10,8,gray,MIL-DTL-22759/41,XL-ETFE,"crosslinked modified ETFE, dual wall",dual,nickel,copper,nickel-coated copper,37x26,0.1095,0.134,0.0123,32.4,1.24,200,600,,https://www.glenair.com/wire-and-cable/pdf/mil-star/gs22759-41.pdf,M22759_41-10-8/M22759_41-10-8-rev1
M22759_41-10-9,M22759/41-10-9,1,41,10,9,white,MIL-DTL-22759/41,XL-ETFE,"crosslinked modified ETFE, dual wall",dual,nickel,copper,nickel-coated copper,37x26,0.1095,0.134,0.0123,32.4,1.24,200,600,,https://www.glenair.com/wire-and-cable/pdf/mil-star/gs22759-41.pdf,M22759_41-10-9/M22759_41-10-9-rev1
M22759_41-10-90,M22759/41-10-90,1,41,10,90,white/black,MIL-DTL-22759/41,XL-ETFE,"crosslinked modified ETFE, dual wall",dual,nickel,copper,nickel-coated copper,37x26,0.1095,0.134,0.0123,32.4,1.24,200,600,,https://www.glenair.com/wire-and-cable/pdf/mil-star/gs22759-41.pdf,M22759_41-10-90/M22759_41-10-90-rev1
M22759_41-10-91,M22759/41-10-91,1,41,10,91,white/brown,MIL-DTL-22759/41,XL-ETFE,"crosslinked modified ETFE, dual wall",dual,nickel,copper,nickel-coated copper,37x26,0.1095,0.134,0.0123,32.4,1.24,200,600,,https://www.glenair.com/wire-and-cable/pdf/mil-star/gs22759-41.pdf,M22759_41-10-91/M22759_41-10-91-rev1
M22759_41-10-92,M22759/41-10-92,1,41,10,92,white/red,MIL-DTL-22759/41,XL-ETFE,"crosslinked modified ETFE, dual wall",dual,nickel,copper,nickel-coated copper,37x26,0.1095,0.134,0.0123,32.4,1.24,200,600,,https://www.glenair.com/wire-and-cable/pdf/mil-star/gs22759-41.pdf,M22759_41-10-92/M22759_41-10-92-rev1
M22759_41-10-93,M22759/41-10-93,1,41,10,93,white/orange,MIL-DTL-22759/41,XL-ETFE,"crosslinked modified ETFE, dual wall",dual,nickel,copper,nickel-coated copper,37x26,0.1095,0.134,0.0123,32.4,1.24,200,600,,https://www.glenair.com/wire-and-cable/pdf/mil-star/gs22759-41.pdf,M22759_41-10-93/M22759_41-10-93-rev1
M22759_41-10-94,M22759/41-10-94,1,41,10,94,white/yellow,MIL-DTL-22759/41,XL-ETFE,"crosslinked modified ETFE, dual wall",dual,nickel,copper,nickel-coated copper,37x26,0.1095,0.134,0.0123,32.4,1.24,200,600,,https://www.glenair.com/wire-and-cable/pdf/mil-star/gs22759-41.pdf,M22759_41-10-94/M22759_41-10-94-rev1
M22759_41-10-95,M22759/41-10-95,1,41,10,95,white/green,MIL-DTL-22759/41,XL-ETFE,"crosslinked modified ETFE, dual wall",dual,nickel,copper,nickel-coated copper,37x26,0.1095,0.134,0.0123,32.4,1.24,200,600,,https://www.glenair.com/wire-and-cable/pdf/mil-star/gs22759-41.pdf,M22759_41-10-95/M22759_41-10-95-rev1
M22759_41-10-96,M22759/41-10-96,1,41,10,96,white/blue,MIL-DTL-22759/41,XL-ETFE,"crosslinked modified ETFE, dual wall",dual,nickel,copper,nickel-coated copper,37x26,0.1095,0.134,0.0123,32.4,1.24,200,600,,https://www.glenair.com/wire-and-cable/pdf/mil-star/gs22759-41.pdf,M22759_41-10-96/M22759_41-10-96-rev1
M22759_41-10-97,M22759/41-10-97,1,41,10,97,white/violet,MIL-DTL-22759/41,XL-ETFE,"crosslinked modified ETFE, dual wall",dual,nickel,copper,nickel-coated copper,37x26,0.1095,0.134,0.0123,32.4,1.24,200,600,,https://www.glenair.com/wire-and-cable/pdf/mil-star/gs22759-41.pdf,M22759_41-10-97/M22759_41-10-97-rev1
M22759_41-10-98,M22759/41-10-98,1,41,10,98,white/gray,MIL-DTL-22759/41,XL-ETFE,"crosslinked modified ETFE, dual wall",dual,nickel,copper,nickel-coated copper,37x26,0.1095,0.134,0.0123,32.4,1.24,200,600,,https://www.glenair.com/wire-and-cable/pdf/mil-star/gs22759-41.pdf,M22759_41-10-98/M22759_41-10-98-rev1
M22759_41-12-0,M22759/41-12-0,1,41,12,0,black,MIL-DTL-22759/41,XL-ETFE,"crosslinked modified ETFE, dual wall",dual,nickel,copper,nickel-coated copper,37x28,0.0865,0.111,0.0123,20.5,1.98,200,600,,https://www.glenair.com/wire-and-cable/pdf/mil-star/gs22759-41.pdf,M22759_41-12-0/M22759_41-12-0-rev1
M22759_41-12-1,M22759/41-12-1,1,41,12,1,brown,MIL-DTL-22759/41,XL-ETFE,"crosslinked modified ETFE, dual wall",dual,nickel,copper,nickel-coated copper,37x28,0.0865,0.111,0.0123,20.5,1.98,200,600,,https://www.glenair.com/wire-and-cable/pdf/mil-star/gs22759-41.pdf,M22759_41-12-1/M22759_41-12-1-rev1
M22759_41-12-2,M22759/41-12-2,1,41,12,2,red,MIL-DTL-22759/41,XL-ETFE,"crosslinked modified ETFE, dual wall",dual,nickel,copper,nickel-coated copper,37x28,0.0865,0.111,0.0123,20.5,1.98,200,600,,https://www.glenair.com/wire-and-cable/pdf/mil-star/gs22759-41.pdf,M22759_41-12-2/M22759_41-12-2-rev1
M22759_41-12-3,M22759/41-12-3,1,41,12,3,orange,MIL-DTL-22759/41,XL-ETFE,"crosslinked modified ETFE, dual wall",dual,nickel,copper,nickel-coated copper,37x28,0.0865,0.111,0.0123,20.5,1.98,200,600,,https://www.glenair.com/wire-and-cable/pdf/mil-star/gs22759-41.pdf,M22759_41-12-3/M22759_41-12-3-rev1
M22759_41-12-4,M22759/41-12-4,1,41,12,4,yellow,MIL-DTL-22759/41,XL-ETFE,"crosslinked modified ETFE, dual wall",dual,nickel,copper,nickel-coated copper,37x28,0.0865,0.111,0.0123,20.5,1.98,200,600,,https://www.glenair.com/wire-and-cable/pdf/mil-star/gs22759-41.pdf,M22759_41-12-4/M22759_41-12-4-rev1
M22759_41-12-5,M22759/41-12-5,1,41,12,5,green,MIL-DTL-22759/41,XL-ETFE,"crosslinked modified ETFE, dual wall",dual,nickel,copper,nickel-coated copper,37x28,0.0865,0.111,0.0123,20.5,1.98,200,600,,https://www.glenair.com/wire-and-cable/pdf/mil-star/gs22759-41.pdf,M22759_41-12-5/M22759_41-12-5-rev1
M22759_41-12-6,M22759/41-12-6,1,41,12,6,blue,MIL-DTL-22759/41,XL-ETFE,"crosslinked modified ETFE, dual wall",dual,nickel,copper,nickel-coated copper,37x28,0.0865,0.111,0.0123,20.5,1.98,200,600,,https://www.glenair.com/wire-and-cable/pdf/mil-star/gs22759-41.pdf,M22759_41-12-6/M22759_41-12-6-rev1
M22759_41-12-7,M22759/41-12-7,1,41,12,7,violet,MIL-DTL-22759/41,XL-ETFE,"crosslinked modified ETFE, dual wall",dual,nickel,copper,nickel-coated copper,37x28,0.0865,0.111,0.0123,20.5,1.98,200,600,,https://www.glenair.com/wire-and-cable/pdf/mil-star/gs22759-41.pdf,M22759_41-12-7/M22759_41-12-7-rev1
M22759_41-12-8,M22759/41-12-8,1,41,12,8,gray,MIL-DTL-22759/41,XL-ETFE,"crosslinked modified ETFE, dual wall",dual,nickel,copper,nickel-coated copper,37x28,0.0865,0.111,0.0123,20.5,1.98,200,600,,https://www.glenair.com/wire-and-cable/pdf/mil-star/gs22759-41.pdf,M22759_41-12-8/M22759_41-12-8-rev1
M22759_41-12-9,M22759/41-12-9,1,41,12,9,white,MIL-DTL-22759/41,XL-ETFE,"crosslinked modified ETFE, dual wall",dual,nickel,copper,nickel-coated copper,37x28,0.0865,0.111,0.0123,20.5,1.98,200,600,,https://www.glenair.com/wire-and-cable/pdf/mil-star/gs22759-41.pdf,M22759_41-12-9/M22759_41-12-9-rev1
M22759_41-12-90,M22759/41-12-90,1,41,12,90,white/black,MIL-DTL-22759/41,XL-ETFE,"crosslinked modified ETFE, dual wall",dual,nickel,copper,nickel-coated copper,37x28,0.0865,0.111,0.0123,20.5,1.98,200,600,,https://www.glenair.com/wire-and-cable/pdf/mil-star/gs22759-41.pdf,M22759_41-12-90/M22759_41-12-90-rev1
M22759_41-12-91,M22759/41-12-91,1,41,12,91,white/brown,MIL-DTL-22759/41,XL-ETFE,"crosslinked modified ETFE, dual wall",dual,nickel,copper,nickel-coated copper,37x28,0.0865,0.111,0.0123,20.5,1.98,200,600,,https://www.glenair.com/wire-and-cable/pdf/mil-star/gs22759-41.pdf,M22759_41-12-91/M22759_41-12-91-rev1
M22759_41-12-92,M22759/41-12-92,1,41,12,92,white/red,MIL-DTL-22759/41,XL-ETFE,"crosslinked modified ETFE, dual wall",dual,nickel,copper,nickel-coated copper,37x28,0.0865,0.111,0.0123,20.5,1.98,200,600,,https://www.glenair.com/wire-and-cable/pdf/mil-star/gs22759-41.pdf,M22759_41-12-92/M22759_41-12-92-rev1
M22759_41-12-93,M22759/41-12-93,1,41,12,93,white/orange,MIL-DTL-22759/41,XL-ETFE,"crosslinked modified ETFE, dual wall",dual,nickel,copper,nickel-coated copper,37x28,0.0865,0.111,0.0123,20.5,1.98,200,600,,https://www.glenair.com/wire-and-cable/pdf/mil-star/gs22759-41.pdf,M22759_41-12-93/M22759_41-12-93-rev1
M22759_41-12-94,M22759/41-12-94,1,41,12,94,white/yellow,MIL-DTL-22759/41,XL-ETFE,"crosslinked modified ETFE, dual wall",dual,nickel,copper,nickel-coated copper,37x28,0.0865,0.111,0.0123,20.5,1.98,200,600,,https://www.glenair.com/wire-and-cable/pdf/mil-star/gs22759-41.pdf,M22759_41-12-94/M22759_41-12-94-rev1
M22759_41-12-95,M22759/41-12-95,1,41,12,95,white/green,MIL-DTL-22759/41,XL-ETFE,"crosslinked modified ETFE, dual wall",dual,nickel,copper,nickel-coated copper,37x28,0.0865,0.111,0.0123,20.5,1.98,200,600,,https://www.glenair.com/wire-and-cable/pdf/mil-star/gs22759-41.pdf,M22759_41-12-95/M22759_41-12-95-rev1
M22759_41-12-96,M22759/41-12-96,1,41,12,96,white/blue,MIL-DTL-22759/41,XL-ETFE,"crosslinked modified ETFE, dual wall",dual,nickel,copper,nickel-coated copper,37x28,0.0865,0.111,0.0123,20.5,1.98,200,600,,https://www.glenair.com/wire-and-cable/pdf/mil-star/gs22759-41.pdf,M22759_41-12-96/M22759_41-12-96-rev1
M22759_41-12-97,M22759/41-12-97,1,41,12,97,white/violet,MIL-DTL-22759/41,XL-ETFE,"crosslinked modified ETFE, dual wall",dual,nickel,copper,nickel-coated copper,37x28,0.0865,0.111,0.0123,20.5,1.98,200,600,,https://www.glenair.com/wire-and-cable/pdf/mil-star/gs22759-41.pdf,M22759_41-12-97/M22759_41-12-97-rev1
M22759_41-12-98,M22759/41-12-98,1,41,12,98,white/gray,MIL-DTL-22759/41,XL-ETFE,"crosslinked modified ETFE, dual wall",dual,nickel,copper,nickel-coated copper,37x28,0.0865,0.111,0.0123,20.5,1.98,200,600,,https://www.glenair.com/wire-and-cable/pdf/mil-star/gs22759-41.pdf,M22759_41-12-98/M22759_41-12-98-rev1
M22759_41-14-0,M22759/41-14-0,1,41,14,0,black,MIL-DTL-22759/41,XL-ETFE,"crosslinked modified ETFE, dual wall",dual,nickel,copper,nickel-coated copper,19x27,0.0670,0.094,0.0135,13.8,3.0,200,600,,https://www.glenair.com/wire-and-cable/pdf/mil-star/gs22759-41.pdf,M22759_41-14-0/M22759_41-14-0-rev1
M22759_41-14-1,M22759/41-14-1,1,41,14,1,brown,MIL-DTL-22759/41,XL-ETFE,"crosslinked modified ETFE, dual wall",dual,nickel,copper,nickel-coated copper,19x27,0.0670,0.094,0.0135,13.8,3.0,200,600,,https://www.glenair.com/wire-and-cable/pdf/mil-star/gs22759-41.pdf,M22759_41-14-1/M22759_41-14-1-rev1
M22759_41-14-2,M22759/41-14-2,1,41,14,2,red,MIL-DTL-22759/41,XL-ETFE,"crosslinked modified ETFE, dual wall",dual,nickel,copper,nickel-coated copper,19x27,0.0670,0.094,0.0135,13.8,3.0,200,600,,https://www.glenair.com/wire-and-cable/pdf/mil-star/gs22759-41.pdf,M22759_41-14-2/M22759_41-14-2-rev1
M22759_41-14-3,M22759/41-14-3,1,41,14,3,orange,MIL-DTL-22759/41,XL-ETFE,"crosslinked modified ETFE, dual wall",dual,nickel,copper,nickel-coated copper,19x27,0.0670,0.094,0.0135,13.8,3.0,200,600,,https://www.glenair.com/wire-and-cable/pdf/mil-star/gs22759-41.pdf,M22759_41-14-3/M22759_41-14-3-rev1
M22759_41-14-4,M22759/41-14-4,1,41,14,4,yellow,MIL-DTL-22759/41,XL-ETFE,"crosslinked modified ETFE, dual wall",dual,nickel,copper,nickel-coated copper,19x27,0.0670,0.094,0.0135,13.8,3.0,200,600,,https://www.glenair.com/wire-and-cable/pdf/mil-star/gs22759-41.pdf,M22759_41-14-4/M22759_41-14-4-rev1
M22759_41-14-5,M22759/41-14-5,1,41,14,5,green,MIL-DTL-22759/41,XL-ETFE,"crosslinked modified ETFE, dual wall",dual,nickel,copper,nickel-coated copper,19x27,0.0670,0.094,0.0135,13.8,3.0,200,600,,https://www.glenair.com/wire-and-cable/pdf/mil-star/gs22759-41.pdf,M22759_41-14-5/M22759_41-14-5-rev1
M22759_41-14-6,M22759/41-14-6,1,41,14,6,blue,MIL-DTL-22759/41,XL-ETFE,"crosslinked modified ETFE, dual wall",dual,nickel,copper,nickel-coated copper,19x27,0.0670,0.094,0.0135,13.8,3.0,200,600,,https://www.glenair.com/wire-and-cable/pdf/mil-star/gs22759-41.pdf,M22759_41-14-6/M22759_41-14-6-rev1
M22759_41-14-7,M22759/41-14-7,1,41,14,7,violet,MIL-DTL-22759/41,XL-ETFE,"crosslinked modified ETFE, dual wall",dual,nickel,copper,nickel-coated copper,19x27,0.0670,0.094,0.0135,13.8,3.0,200,600,,https://www.glenair.com/wire-and-cable/pdf/mil-star/gs22759-41.pdf,M22759_41-14-7/M22759_41-14-7-rev1
M22759_41-14-8,M22759/41-14-8,1,41,14,8,gray,MIL-DTL-22759/41,XL-ETFE,"crosslinked modified ETFE, dual wall",dual,nickel,copper,nickel-coated copper,19x27,0.0670,0.094,0.0135,13.8,3.0,200,600,,https://www.glenair.com/wire-and-cable/pdf/mil-star/gs22759-41.pdf,M22759_41-14-8/M22759_41-14-8-rev1
M22759_41-14-9,M22759/41-14-9,1,41,14,9,white,MIL-DTL-22759/41,XL-ETFE,"crosslinked modified ETFE, dual wall",dual,nickel,copper,nickel-coated copper,19x27,0.0670,0.094,0.0135,13.8,3.0,200,600,,https://www.glenair.com/wire-and-cable/pdf/mil-star/gs22759-41.pdf,M22759_41-14-9/M22759_41-14-9-rev1
M22759_41-14-90,M22759/41-14-90,1,41,14,90,white/black,MIL-DTL-22759/41,XL-ETFE,"crosslinked modified ETFE, dual wall",dual,nickel,copper,nickel-coated copper,19x27,0.0670,0.094,0.0135,13.8,3.0,200,600,,https://www.glenair.com/wire-and-cable/pdf/mil-star/gs22759-41.pdf,M22759_41-14-90/M22759_41-14-90-rev1
M22759_41-14-91,M22759/41-14-91,1,41,14,91,white/brown,MIL-DTL-22759/41,XL-ETFE,"crosslinked modified ETFE, dual wall",dual,nickel,copper,nickel-coated copper,19x27,0.0670,0.094,0.0135,13.8,3.0,200,600,,https://www.glenair.com/wire-and-cable/pdf/mil-star/gs22759-41.pdf,M22759_41-14-91/M22759_41-14-91-rev1
M22759_41-14-92,M22759/41-14-92,1,41,14,92,white/red,MIL-DTL-22759/41,XL-ETFE,"crosslinked modified ETFE, dual wall",dual,nickel,copper,nickel-coated copper,19x27,0.0670,0.094,0.0135,13.8,3.0,200,600,,https://www.glenair.com/wire-and-cable/pdf/mil-star/gs22759-41.pdf,M22759_41-14-92/M22759_41-14-92-rev1
M22759_41-14-93,M22759/41-14-93,1,41,14,93,white/orange,MIL-DTL-22759/41,XL-ETFE,"crosslinked modified ETFE, dual wall",dual,nickel,copper,nickel-coated copper,19x27,0.0670,0.094,0.0135,13.8,3.0,200,600,,https://www.glenair.com/wire-and-cable/pdf/mil-star/gs22759-41.pdf,M22759_41-14-93/M22759_41-14-93-rev1
M22759_41-14-94,M22759/41-14-94,1,41,14,94,white/yellow,MIL-DTL-22759/41,XL-ETFE,"crosslinked modified ETFE, dual wall",dual,nickel,copper,nickel-coated copper,19x27,0.0670,0.094,0.0135,13.8,3.0,200,600,,https://www.glenair.com/wire-and-cable/pdf/mil-star/gs22759-41.pdf,M22759_41-14-94/M22759_41-14-94-rev1
M22759_41-14-95,M22759/41-14-95,1,41,14,95,white/green,MIL-DTL-22759/41,XL-ETFE,"crosslinked modified ETFE, dual wall",dual,nickel,copper,nickel-coated copper,19x27,0.0670,0.094,0.0135,13.8,3.0,200,600,,https://www.glenair.com/wire-and-cable/pdf/mil-star/gs22759-41.pdf,M22759_41-14-95/M22759_41-14-95-rev1
M22759_41-14-96,M22759/41-14-96,1,41,14,96,white/blue,MIL-DTL-22759/41,XL-ETFE,"crosslinked modified ETFE, dual wall",dual,nickel,copper,nickel-coated copper,19x27,0.0670,0.094,0.0135,13.8,3.0,200,600,,https://www.glenair.com/wire-and-cable/pdf/mil-star/gs22759-41.pdf,M22759_41-14-96/M22759_41-14-96-rev1
M22759_41-14-97,M22759/41-14-97,1,41,14,97,white/violet,MIL-DTL-22759/41,XL-ETFE,"crosslinked modified ETFE, dual wall",dual,nickel,copper,nickel-coated copper,19x27,0.0670,0.094,0.0135,13.8,3.0,200,600,,https://www.glenair.com/wire-and-cable/pdf/mil-star/gs22759-41.pdf,M22759_41-14-97/M22759_41-14-97-rev1
M22759_41-14-98,M22759/41-14-98,1,41,14,98,white/gray,MIL-DTL-22759/41,XL-ETFE,"crosslinked modified ETFE, dual wall",dual,nickel,copper,nickel-coated copper,19x27,0.0670,0.094,0.0135,13.8,3.0,200,600,,https://www.glenair.com/wire-and-cable/pdf/mil-star/gs22759-41.pdf,M22759_41-14-98/M22759_41-14-98-rev1
M22759_41-16-0,M22759/41-16-0,1,41,16,0,black,MIL-DTL-22759/41,XL-ETFE,"crosslinked modified ETFE, dual wall",dual,nickel,copper,nickel-coated copper,19x29,0.0535,0.077,0.0118,9.0,4.76,200,600,,https://www.glenair.com/wire-and-cable/pdf/mil-star/gs22759-41.pdf,M22759_41-16-0/M22759_41-16-0-rev1
M22759_41-16-1,M22759/41-16-1,1,41,16,1,brown,MIL-DTL-22759/41,XL-ETFE,"crosslinked modified ETFE, dual wall",dual,nickel,copper,nickel-coated copper,19x29,0.0535,0.077,0.0118,9.0,4.76,200,600,,https://www.glenair.com/wire-and-cable/pdf/mil-star/gs22759-41.pdf,M22759_41-16-1/M22759_41-16-1-rev1
M22759_41-16-2,M22759/41-16-2,1,41,16,2,red,MIL-DTL-22759/41,XL-ETFE,"crosslinked modified ETFE, dual wall",dual,nickel,copper,nickel-coated copper,19x29,0.0535,0.077,0.0118,9.0,4.76,200,600,,https://www.glenair.com/wire-and-cable/pdf/mil-star/gs22759-41.pdf,M22759_41-16-2/M22759_41-16-2-rev1
M22759_41-16-3,M22759/41-16-3,1,41,16,3,orange,MIL-DTL-22759/41,XL-ETFE,"crosslinked modified ETFE, dual wall",dual,nickel,copper,nickel-coated copper,19x29,0.0535,0.077,0.0118,9.0,4.76,200,600,,https://www.glenair.com/wire-and-cable/pdf/mil-star/gs22759-41.pdf,M22759_41-16-3/M22759_41-16-3-rev1
M22759_41-16-4,M22759/41-16-4,1,41,16,4,yellow,MIL-DTL-22759/41,XL-ETFE,"crosslinked modified ETFE, dual wall",dual,nickel,copper,nickel-coated copper,19x29,0.0535,0.077,0.0118,9.0,4.76,200,600,,https://www.glenair.com/wire-and-cable/pdf/mil-star/gs22759-41.pdf,M22759_41-16-4/M22759_41-16-4-rev1
M22759_41-16-5,M22759/41-16-5,1,41,16,5,green,MIL-DTL-22759/41,XL-ETFE,"crosslinked modified ETFE, dual wall",dual,nickel,copper,nickel-coated copper,19x29,0.0535,0.077,0.0118,9.0,4.76,200,600,,https://www.glenair.com/wire-and-cable/pdf/mil-star/gs22759-41.pdf,M22759_41-16-5/M22759_41-16-5-rev1
M22759_41-16-6,M22759/41-16-6,1,41,16,6,blue,MIL-DTL-22759/41,XL-ETFE,"crosslinked modified ETFE, dual wall",dual,nickel,copper,nickel-coated copper,19x29,0.0535,0.077,0.0118,9.0,4.76,200,600,,https://www.glenair.com/wire-and-cable/pdf/mil-star/gs22759-41.pdf,M22759_41-16-6/M22759_41-16-6-rev1
M22759_41-16-7,M22759/41-16-7,1,41,16,7,violet,MIL-DTL-22759/41,XL-ETFE,"crosslinked modified ETFE, dual wall",dual,nickel,copper,nickel-coated copper,19x29,0.0535,0.077,0.0118,9.0,4.76,200,600,,https://www.glenair.com/wire-and-cable/pdf/mil-star/gs22759-41.pdf,M22759_41-16-7/M22759_41-16-7-rev1
M22759_41-16-8,M22759/41-16-8,1,41,16,8,gray,MIL-DTL-22759/41,XL-ETFE,"crosslinked modified ETFE, dual wall",dual,nickel,copper,nickel-coated copper,19x29,0.0535,0.077,0.0118,9.0,4.76,200,600,,https://www.glenair.com/wire-and-cable/pdf/mil-star/gs22759-41.pdf,M22759_41-16-8/M22759_41-16-8-rev1
M22759_41-16-9,M22759/41-16-9,1,41,16,9,white,MIL-DTL-22759/41,XL-ETFE,"crosslinked modified ETFE, dual wall",dual,nickel,copper,nickel-coated copper,19x29,0.0535,0.077,0.0118,9.0,4.76,200,600,,https://www.glenair.com/wire-and-cable/pdf/mil-star/gs22759-41.pdf,M22759_41-16-9/M22759_41-16-9-rev1
M22759_41-16-90,M22759/41-16-90,1,41,16,90,white/black,MIL-DTL-22759/41,XL-ETFE,"crosslinked modified ETFE, dual wall",dual,nickel,copper,nickel-coated copper,19x29,0.0535,0.077,0.0118,9.0,4.76,200,600,,https://www.glenair.com/wire-and-cable/pdf/mil-star/gs22759-41.pdf,M22759_41-16-90/M22759_41-16-90-rev1
M22759_41-16-91,M22759/41-16-91,1,41,16,91,white/brown,MIL-DTL-22759/41,XL-ETFE,"crosslinked modified ETFE, dual wall",dual,nickel,copper,nickel-coated copper,19x29,0.0535,0.077,0.0118,9.0,4.76,200,600,,https://www.glenair.com/wire-and-cable/pdf/mil-star/gs22759-41.pdf,M22759_41-16-91/M22759_41-16-91-rev1
M22759_41-16-92,M22759/41-16-92,1,41,16,92,white/red,MIL-DTL-22759/41,XL-ETFE,"crosslinked modified ETFE, dual wall",dual,nickel,copper,nickel-coated copper,19x29,0.0535,0.077,0.0118,9.0,4.76,200,600,,https://www.glenair.com/wire-and-cable/pdf/mil-star/gs22759-41.pdf,M22759_41-16-92/M22759_41-16-92-rev1
M22759_41-16-93,M22759/41-16-93,1,41,16,93,white/orange,MIL-DTL-22759/41,XL-ETFE,"crosslinked modified ETFE, dual wall",dual,nickel,copper,nickel-coated copper,19x29,0.0535,0.077,0.0118,9.0,4.76,200,600,,https://www.glenair.com/wire-and-cable/pdf/mil-star/gs22759-41.pdf,M22759_41-16-93/M22759_41-16-93-rev1
M22759_41-16-94,M22759/41-16-94,1,41,16,94,white/yellow,MIL-DTL-22759/41,XL-ETFE,"crosslinked modified ETFE, dual wall",dual,nickel,copper,nickel-coated copper,19x29,0.0535,0.077,0.0118,9.0,4.76,200,600,,https://www.glenair.com/wire-and-cable/pdf/mil-star/gs22759-41.pdf,M22759_41-16-94/M22759_41-16-94-rev1
M22759_41-16-95,M22759/41-16-95,1,41,16,95,white/green,MIL-DTL-22759/41,XL-ETFE,"crosslinked modified ETFE, dual wall",dual,nickel,copper,nickel-coated copper,19x29,0.0535,0.077,0.0118,9.0,4.76,200,600,,https://www.glenair.com/wire-and-cable/pdf/mil-star/gs22759-41.pdf,M22759_41-16-95/M22759_41-16-95-rev1
M22759_41-16-96,M22759/41-16-96,1,41,16,96,white/blue,MIL-DTL-22759/41,XL-ETFE,"crosslinked modified ETFE, dual wall",dual,nickel,copper,nickel-coated copper,19x29,0.0535,0.077,0.0118,9.0,4.76,200,600,,https://www.glenair.com/wire-and-cable/pdf/mil-star/gs22759-41.pdf,M22759_41-16-96/M22759_41-16-96-rev1
M22759_41-16-97,M22759/41-16-97,1,41,16,97,white/violet,MIL-DTL-22759/41,XL-ETFE,"crosslinked modified ETFE, dual wall",dual,nickel,copper,nickel-coated copper,19x29,0.0535,0.077,0.0118,9.0,4.76,200,600,,https://www.glenair.com/wire-and-cable/pdf/mil-star/gs22759-41.pdf,M22759_41-16-97/M22759_41-16-97-rev1
M22759_41-16-98,M22759/41-16-98,1,41,16,98,white/gray,MIL-DTL-22759/41,XL-ETFE,"crosslinked modified ETFE, dual wall",dual,nickel,copper,nickel-coated copper,19x29,0.0535,0.077,0.0118,9.0,4.76,200,600,,https://www.glenair.com/wire-and-cable/pdf/mil-star/gs22759-41.pdf,M22759_41-16-98/M22759_41-16-98-rev1
M22759_41-18-0,M22759/41-18-0,1,41,18,0,black,MIL-DTL-22759/41,XL-ETFE,"crosslinked modified ETFE, dual wall",dual,nickel,copper,nickel-coated copper,19x30,0.0475,0.070,0.0113,7.2,6.1,200,600,,https://www.glenair.com/wire-and-cable/pdf/mil-star/gs22759-41.pdf,M22759_41-18-0/M22759_41-18-0-rev1
M22759_41-18-1,M22759/41-18-1,1,41,18,1,brown,MIL-DTL-22759/41,XL-ETFE,"crosslinked modified ETFE, dual wall",dual,nickel,copper,nickel-coated copper,19x30,0.0475,0.070,0.0113,7.2,6.1,200,600,,https://www.glenair.com/wire-and-cable/pdf/mil-star/gs22759-41.pdf,M22759_41-18-1/M22759_41-18-1-rev1
M22759_41-18-2,M22759/41-18-2,1,41,18,2,red,MIL-DTL-22759/41,XL-ETFE,"crosslinked modified ETFE, dual wall",dual,nickel,copper,nickel-coated copper,19x30,0.0475,0.070,0.0113,7.2,6.1,200,600,,https://www.glenair.com/wire-and-cable/pdf/mil-star/gs22759-41.pdf,M22759_41-18-2/M22759_41-18-2-rev1
M22759_41-18-3,M22759/41-18-3,1,41,18,3,orange,MIL-DTL-22759/41,XL-ETFE,"crosslinked modified ETFE, dual wall",dual,nickel,copper,nickel-coated copper,19x30,0.0475,0.070,0.0113,7.2,6.1,200,600,,https://www.glenair.com/wire-and-cable/pdf/mil-star/gs22759-41.pdf,M22759_41-18-3/M22759_41-18-3-rev1
M22759_41-18-4,M22759/41-18-4,1,41,18,4,yellow,MIL-DTL-22759/41,XL-ETFE,"crosslinked modified ETFE, dual wall",dual,nickel,copper,nickel-coated copper,19x30,0.0475,0.070,0.0113,7.2,6.1,200,600,,https://www.glenair.com/wire-and-cable/pdf/mil-star/gs22759-41.pdf,M22759_41-18-4/M22759_41-18-4-rev1
M22759_41-18-5,M22759/41-18-5,1,41,18,5,green,MIL-DTL-22759/41,XL-ETFE,"crosslinked modified ETFE, dual wall",dual,nickel,copper,nickel-coated copper,19x30,0.0475,0.070,0.0113,7.2,6.1,200,600,,https://www.glenair.com/wire-and-cable/pdf/mil-star/gs22759-41.pdf,M22759_41-18-5/M22759_41-18-5-rev1
M22759_41-18-6,M22759/41-18-6,1,41,18,6,blue,MIL-DTL-22759/41,XL-ETFE,"crosslinked modified ETFE, dual wall",dual,nickel,copper,nickel-coated copper,19x30,0.0475,0.070,0.0113,7.2,6.1,200,600,,https://www.glenair.com/wire-and-cable/pdf/mil-star/gs22759-41.pdf,M22759_41-18-6/M22759_41-18-6-rev1
M22759_41-18-7,M22759/41-18-7,1,41,18,7,violet,MIL-DTL-22759/41,XL-ETFE,"crosslinked modified ETFE, dual wall",dual,nickel,copper,nickel-coated copper,19x30,0.0475,0.070,0.0113,7.2,6.1,200,600,,https://www.glenair.com/wire-and-cable/pdf/mil-star/gs22759-41.pdf,M22759_41-18-7/M22759_41-18-7-rev1
M22759_41-18-8,M22759/41-18-8,1,41,18,8,gray,MIL-DTL-22759/41,XL-ETFE,"crosslinked modified ETFE, dual wall",dual,nickel,copper,nickel-coated copper,19x30,0.0475,0.070,0.0113,7.2,6.1,200,600,,https://www.glenair.com/wire-and-cable/pdf/mil-star/gs22759-41.pdf,M22759_41-18-8/M22759_41-18-8-rev1
M22759_41-18-9,M22759/41-18-9,1,41,18,9,white,MIL-DTL-22759/41,XL-ETFE,"crosslinked modified ETFE, dual wall",dual,nickel,copper,nickel-coated copper,19x30,0.0475,0.070,0.0113,7.2,6.1,200,600,,https://www.glenair.com/wire-and-cable/pdf/mil-star/gs22759-41.pdf,M22759_41-18-9/M22759_41-18-9-rev1
M22759_41-18-90,M22759/41-18-90,1,41,18,90,white/black,MIL-DTL-22759/41,XL-ETFE,"crosslinked modified ETFE, dual wall",dual,nickel,copper,nickel-coated copper,19x30,0.0475,0.070,0.0113,7.2,6.1,200,600,,https://www.glenair.com/wire-and-cable/pdf/mil-star/gs22759-41.pdf,M22759_41-18-90/M22759_41-18-90-rev1
M22759_41-18-91,M22759/41-18-91,1,41,18,91,white/brown,MIL-DTL-22759/41,XL-ETFE,"crosslinked modified ETFE, dual wall",dual,nickel,copper,nickel-coated copper,19x30,0.0475,0.070,0.0113,7.2,6.1,200,600,,https://www.glenair.com/wire-and-cable/pdf/mil-star/gs22759-41.pdf,M22759_41-18-91/M22759_41-18-91-rev1
M22759_41-18-92,M22759/41-18-92,1,41,18,92,white/red,MIL-DTL-22759/41,XL-ETFE,"crosslinked modified ETFE, dual wall",dual,nickel,copper,nickel-coated copper,19x30,0.0475,0.070,0.0113,7.2,6.1,200,600,,https://www.glenair.com/wire-and-cable/pdf/mil-star/gs22759-41.pdf,M22759_41-18-92/M22759_41-18-92-rev1
M22759_41-18-93,M22759/41-18-93,1,41,18,93,white/orange,MIL-DTL-22759/41,XL-ETFE,"crosslinked modified ETFE, dual wall",dual,nickel,copper,nickel-coated copper,19x30,0.0475,0.070,0.0113,7.2,6.1,200,600,,https://www.glenair.com/wire-and-cable/pdf/mil-star/gs22759-41.pdf,M22759_41-18-93/M22759_41-18-93-rev1
M22759_41-18-94,M22759/41-18-94,1,41,18,94,white/yellow,MIL-DTL-22759/41,XL-ETFE,"crosslinked modified ETFE, dual wall",dual,nickel,copper,nickel-coated copper,19x30,0.0475,0.070,0.0113,7.2,6.1,200,600,,https://www.glenair.com/wire-and-cable/pdf/mil-star/gs22759-41.pdf,M22759_41-18-94/M22759_41-18-94-rev1
M22759_41-18-95,M22759/41-18-95,1,41,18,95,white/green,MIL-DTL-22759/41,XL-ETFE,"crosslinked modified ETFE, dual wall",dual,nickel,copper,nickel-coated copper,19x30,0.0475,0.070,0.0113,7.2,6.1,200,600,,https://www.glenair.com/wire-and-cable/pdf/mil-star/gs22759-41.pdf,M22759_41-18-95/M22759_41-18-95-rev1
M22759_41-18-96,M22759/41-18-96,1,41,18,96,white/blue,MIL-DTL-22759/41,XL-ETFE,"crosslinked modified ETFE, dual wall",dual,nickel,copper,nickel-coated copper,19x30,0.0475,0.070,0.0113,7.2,6.1,200,600,,https://www.glenair.com/wire-and-cable/pdf/mil-star/gs22759-41.pdf,M22759_41-18-96/M22759_41-18-96-rev1
M22759_41-18-97,M22759/41-18-97,1,41,18,97,white/violet,MIL-DTL-22759/41,XL-ETFE,"crosslinked modified ETFE, dual wall",dual,nickel,copper,nickel-coated copper,19x30,0.0475,0.070,0.0113,7.2,6.1,200,600,,https://www.glenair.com/wire-and-cable/pdf/mil-star/gs22759-41.pdf,M22759_41-18-97/M22759_41-18-97-rev1
M22759_41-18-98,M22759/41-18-98,1,41,18,98,white/gray,MIL-DTL-22759/41,XL-ETFE,"crosslinked modified ETFE, dual wall",dual,nickel,copper,nickel-coated copper,19x30,0.0475,0.070,0.0113,7.2,6.1,200,600,,https://www.glenair.com/wire-and-cable/pdf/mil-star/gs22759-41.pdf,M22759_41-18-98/M22759_41-18-98-rev1
M22759_41-20-0,M22759/41-20-0,1,41,20,0,black,MIL-DTL-22759/41,XL-ETFE,"crosslinked modified ETFE, dual wall",dual,nickel,copper,nickel-coated copper,19x32,0.0380,0.058,0.0100,4.7,9.77,200,600,,https://www.glenair.com/wire-and-cable/pdf/mil-star/gs22759-41.pdf,M22759_41-20-0/M22759_41-20-0-rev1
M22759_41-20-1,M22759/41-20-1,1,41,20,1,brown,MIL-DTL-22759/41,XL-ETFE,"crosslinked modified ETFE, dual wall",dual,nickel,copper,nickel-coated copper,19x32,0.0380,0.058,0.0100,4.7,9.77,200,600,,https://www.glenair.com/wire-and-cable/pdf/mil-star/gs22759-41.pdf,M22759_41-20-1/M22759_41-20-1-rev1
M22759_41-20-2,M22759/41-20-2,1,41,20,2,red,MIL-DTL-22759/41,XL-ETFE,"crosslinked modified ETFE, dual wall",dual,nickel,copper,nickel-coated copper,19x32,0.0380,0.058,0.0100,4.7,9.77,200,600,,https://www.glenair.com/wire-and-cable/pdf/mil-star/gs22759-41.pdf,M22759_41-20-2/M22759_41-20-2-rev1
M22759_41-20-3,M22759/41-20-3,1,41,20,3,orange,MIL-DTL-22759/41,XL-ETFE,"crosslinked modified ETFE, dual wall",dual,nickel,copper,nickel-coated copper,19x32,0.0380,0.058,0.0100,4.7,9.77,200,600,,https://www.glenair.com/wire-and-cable/pdf/mil-star/gs22759-41.pdf,M22759_41-20-3/M22759_41-20-3-rev1
M22759_41-20-4,M22759/41-20-4,1,41,20,4,yellow,MIL-DTL-22759/41,XL-ETFE,"crosslinked modified ETFE, dual wall",dual,nickel,copper,nickel-coated copper,19x32,0.0380,0.058,0.0100,4.7,9.77,200,600,,https://www.glenair.com/wire-and-cable/pdf/mil-star/gs22759-41.pdf,M22759_41-20-4/M22759_41-20-4-rev1
M22759_41-20-5,M22759/41-20-5,1,41,20,5,green,MIL-DTL-22759/41,XL-ETFE,"crosslinked modified ETFE, dual wall",dual,nickel,copper,nickel-coated copper,19x32,0.0380,0.058,0.0100,4.7,9.77,200,600,,https://www.glenair.com/wire-and-cable/pdf/mil-star/gs22759-41.pdf,M22759_41-20-5/M22759_41-20-5-rev1
M22759_41-20-6,M22759/41-20-6,1,41,20,6,blue,MIL-DTL-22759/41,XL-ETFE,"crosslinked modified ETFE, dual wall",dual,nickel,copper,nickel-coated copper,19x32,0.0380,0.058,0.0100,4.7,9.77,200,600,,https://www.glenair.com/wire-and-cable/pdf/mil-star/gs22759-41.pdf,M22759_41-20-6/M22759_41-20-6-rev1
M22759_41-20-7,M22759/41-20-7,1,41,20,7,violet,MIL-DTL-22759/41,XL-ETFE,"crosslinked modified ETFE, dual wall",dual,nickel,copper,nickel-coated copper,19x32,0.0380,0.058,0.0100,4.7,9.77,200,600,,https://www.glenair.com/wire-and-cable/pdf/mil-star/gs22759-41.pdf,M22759_41-20-7/M22759_41-20-7-rev1
M22759_41-20-8,M22759/41-20-8,1,41,20,8,gray,MIL-DTL-22759/41,XL-ETFE,"crosslinked modified ETFE, dual wall",dual,nickel,copper,nickel-coated copper,19x32,0.0380,0.058,0.0100,4.7,9.77,200,600,,https://www.glenair.com/wire-and-cable/pdf/mil-star/gs22759-41.pdf,M22759_41-20-8/M22759_41-20-8-rev1
M22759_41-20-9,M22759/41-20-9,1,41,20,9,white,MIL-DTL-22759/41,XL-ETFE,"crosslinked modified ETFE, dual wall",dual,nickel,copper,nickel-coated copper,19x32,0.0380,0.058,0.0100,4.7,9.77,200,600,,https://www.glenair.com/wire-and-cable/pdf/mil-star/gs22759-41.pdf,M22759_41-20-9/M22759_41-20-9-rev1
M22759_41-20-90,M22759/41-20-90,1,41,20,90,white/black,MIL-DTL-22759/41,XL-ETFE,"crosslinked modified ETFE, dual wall",dual,nickel,copper,nickel-coated copper,19x32,0.0380,0.058,0.0100,4.7,9.77,200,600,,https://www.glenair.com/wire-and-cable/pdf/mil-star/gs22759-41.pdf,M22759_41-20-90/M22759_41-20-90-rev1
M22759_41-20-91,M22759/41-20-91,1,41,20,91,white/brown,MIL-DTL-22759/41,XL-ETFE,"crosslinked modified ETFE, dual wall",dual,nickel,copper,nickel-coated copper,19x32,0.0380,0.058,0.0100,4.7,9.77,200,600,,https://www.glenair.com/wire-and-cable/pdf/mil-star/gs22759-41.pdf,M22759_41-20-91/M22759_41-20-91-rev1
M22759_41-20-92,M22759/41-20-92,1,41,20,92,white/red,MIL-DTL-22759/41,XL-ETFE,"crosslinked modified ETFE, dual wall",dual,nickel,copper,nickel-coated copper,19x32,0.0380,0.058,0.0100,4.7,9.77,200,600,,https://www.glenair.com/wire-and-cable/pdf/mil-star/gs22759-41.pdf,M22759_41-20-92/M22759_41-20-92-rev1
M22759_41-20-93,M22759/41-20-93,1,41,20,93,white/orange,MIL-DTL-22759/41,XL-ETFE,"crosslinked modified ETFE, dual wall",dual,nickel,copper,nickel-coated copper,19x32,0.0380,0.058,0.0100,4.7,9.77,200,600,,https://www.glenair.com/wire-and-cable/pdf/mil-star/gs22759-41.pdf,M22759_41-20-93/M22759_41-20-93-rev1
M22759_41-20-94,M22759/41-20-94,1,41,20,94,white/yellow,MIL-DTL-22759/41,XL-ETFE,"crosslinked modified ETFE, dual wall",dual,nickel,copper,nickel-coated copper,19x32,0.0380,0.058,0.0100,4.7,9.77,200,600,,https://www.glenair.com/wire-and-cable/pdf/mil-star/gs22759-41.pdf,M22759_41-20-94/M22759_41-20-94-rev1
M22759_41-20-95,M22759/41-20-95,1,41,20,95,white/green,MIL-DTL-22759/41,XL-ETFE,"crosslinked modified ETFE, dual wall",dual,nickel,copper,nickel-coated copper,19x32,0.0380,0.058,0.0100,4.7,9.77,200,600,,https://www.glenair.com/wire-and-cable/pdf/mil-star/gs22759-41.pdf,M22759_41-20-95/M22759_41-20-95-rev1
M22759_41-20-96,M22759/41-20-96,1,41,20,96,white/blue,MIL-DTL-22759/41,XL-ETFE,"crosslinked modified ETFE, dual wall",dual,nickel,copper,nickel-coated copper,19x32,0.0380,0.058,0.0100,4.7,9.77,200,600,,https://www.glenair.com/wire-and-cable/pdf/mil-star/gs22759-41.pdf,M22759_41-20-96/M22759_41-20-96-rev1
M22759_41-20-97,M22759/41-20-97,1,41,20,97,white/violet,MIL-DTL-22759/41,XL-ETFE,"crosslinked modified ETFE, dual wall",dual,nickel,copper,nickel-coated copper,19x32,0.0380,0.058,0.0100,4.7,9.77,200,600,,https://www.glenair.com/wire-and-cable/pdf/mil-star/gs22759-41.pdf,M22759_41-20-97/M22759_41-20-97-rev1
M22759_41-20-98,M22759/41-20-98,1,41,20,98,white/gray,MIL-DTL-22759/41,XL-ETFE,"crosslinked modified ETFE, dual wall",dual,nickel,copper,nickel-coated copper,19x32,0.0380,0.058,0.0100,4.7,9.77,200,600,,https://www.glenair.com/wire-and-cable/pdf/mil-star/gs22759-41.pdf,M22759_41-20-98/M22759_41-20-98-rev1
M22759_41-22-0,M22759/41-22-0,1,41,22,0,black,MIL-DTL-22759/41,XL-ETFE,"crosslinked modified ETFE, dual wall",dual,nickel,copper,nickel-coated copper,19x34,0.0300,0.050,0.0100,3.2,16.0,200,600,,https://www.glenair.com/wire-and-cable/pdf/mil-star/gs22759-41.pdf,M22759_41-22-0/M22759_41-22-0-rev1
M22759_41-22-1,M22759/41-22-1,1,41,22,1,brown,MIL-DTL-22759/41,XL-ETFE,"crosslinked modified ETFE, dual wall",dual,nickel,copper,nickel-coated copper,19x34,0.0300,0.050,0.0100,3.2,16.0,200,600,,https://www.glenair.com/wire-and-cable/pdf/mil-star/gs22759-41.pdf,M22759_41-22-1/M22759_41-22-1-rev1
M22759_41-22-2,M22759/41-22-2,1,41,22,2,red,MIL-DTL-22759/41,XL-ETFE,"crosslinked modified ETFE, dual wall",dual,nickel,copper,nickel-coated copper,19x34,0.0300,0.050,0.0100,3.2,16.0,200,600,,https://www.glenair.com/wire-and-cable/pdf/mil-star/gs22759-41.pdf,M22759_41-22-2/M22759_41-22-2-rev1
M22759_41-22-3,M22759/41-22-3,1,41,22,3,orange,MIL-DTL-22759/41,XL-ETFE,"crosslinked modified ETFE, dual wall",dual,nickel,copper,nickel-coated copper,19x34,0.0300,0.050,0.0100,3.2,16.0,200,600,,https://www.glenair.com/wire-and-cable/pdf/mil-star/gs22759-41.pdf,M22759_41-22-3/M22759_41-22-3-rev1
M22759_41-22-4,M22759/41-22-4,1,41,22,4,yellow,MIL-DTL-22759/41,XL-ETFE,"crosslinked modified ETFE, dual wall",dual,nickel,copper,nickel-coated copper,19x34,0.0300,0.050,0.0100,3.2,16.0,200,600,,https://www.glenair.com/wire-and-cable/pdf/mil-star/gs22759-41.pdf,M22759_41-22-4/M22759_41-22-4-rev1
M22759_41-22-5,M22759/41-22-5,1,41,22,5,green,MIL-DTL-22759/41,XL-ETFE,"crosslinked modified ETFE, dual wall",dual,nickel,copper,nickel-coated copper,19x34,0.0300,0.050,0.0100,3.2,16.0,200,600,,https://www.glenair.com/wire-and-cable/pdf/mil-star/gs22759-41.pdf,M22759_41-22-5/M22759_41-22-5-rev1
M22759_41-22-6,M22759/41-22-6,1,41,22,6,blue,MIL-DTL-22759/41,XL-ETFE,"crosslinked modified ETFE, dual wall",dual,nickel,copper,nickel-coated copper,19x34,0.0300,0.050,0.0100,3.2,16.0,200,600,,https://www.glenair.com/wire-and-cable/pdf/mil-star/gs22759-41.pdf,M22759_41-22-6/M22759_41-22-6-rev1
M22759_41-22-7,M22759/41-22-7,1,41,22,7,violet,MIL-DTL-22759/41,XL-ETFE,"crosslinked modified ETFE, dual wall",dual,nickel,copper,nickel-coated copper,19x34,0.0300,0.050,0.0100,3.2,16.0,200,600,,https://www.glenair.com/wire-and-cable/pdf/mil-star/gs22759-41.pdf,M22759_41-22-7/M22759_41-22-7-rev1
M22759_41-22-8,M22759/41-22-8,1,41,22,8,gray,MIL-DTL-22759/41,XL-ETFE,"crosslinked modified ETFE, dual wall",dual,nickel,copper,nickel-coated copper,19x34,0.0300,0.050,0.0100,3.2,16.0,200,600,,https://www.glenair.com/wire-and-cable/pdf/mil-star/gs22759-41.pdf,M22759_41-22-8/M22759_41-22-8-rev1
M22759_41-22-9,M22759/41-22-9,1,41,22,9,white,MIL-DTL-22759/41,XL-ETFE,"crosslinked modified ETFE, dual wall",dual,nickel,copper,nickel-coated copper,19x34,0.0300,0.050,0.0100,3.2,16.0,200,600,,https://www.glenair.com/wire-and-cable/pdf/mil-star/gs22759-41.pdf,M22759_41-22-9/M22759_41-22-9-rev1
M22759_41-22-90,M22759/41-22-90,1,41,22,90,white/black,MIL-DTL-22759/41,XL-ETFE,"crosslinked modified ETFE, dual wall",dual,nickel,copper,nickel-coated copper,19x34,0.0300,0.050,0.0100,3.2,16.0,200,600,,https://www.glenair.com/wire-and-cable/pdf/mil-star/gs22759-41.pdf,M22759_41-22-90/M22759_41-22-90-rev1
M22759_41-22-91,M22759/41-22-91,1,41,22,91,white/brown,MIL-DTL-22759/41,XL-ETFE,"crosslinked modified ETFE, dual wall",dual,nickel,copper,nickel-coated copper,19x34,0.0300,0.050,0.0100,3.2,16.0,200,600,,https://www.glenair.com/wire-and-cable/pdf/mil-star/gs22759-41.pdf,M22759_41-22-91/M22759_41-22-91-rev1
M22759_41-22-92,M22759/41-22-92,1,41,22,92,white/red,MIL-DTL-22759/41,XL-ETFE,"crosslinked modified ETFE, dual wall",dual,nickel,copper,nickel-coated copper,19x34,0.0300,0.050,0.0100,3.2,16.0,200,600,,https://www.glenair.com/wire-and-cable/pdf/mil-star/gs22759-41.pdf,M22759_41-22-92/M22759_41-22-92-rev1
M22759_41-22-93,M22759/41-22-93,1,41,22,93,white/orange,MIL-DTL-22759/41,XL-ETFE,"crosslinked modified ETFE, dual wall",dual,nickel,copper,nickel-coated copper,19x34,0.0300,0.050,0.0100,3.2,16.0,200,600,,https://www.glenair.com/wire-and-cable/pdf/mil-star/gs22759-41.pdf,M22759_41-22-93/M22759_41-22-93-rev1
M22759_41-22-94,M22759/41-22-94,1,41,22,94,white/yellow,MIL-DTL-22759/41,XL-ETFE,"crosslinked modified ETFE, dual wall",dual,nickel,copper,nickel-coated copper,19x34,0.0300,0.050,0.0100,3.2,16.0,200,600,,https://www.glenair.com/wire-and-cable/pdf/mil-star/gs22759-41.pdf,M22759_41-22-94/M22759_41-22-94-rev1
M22759_41-22-95,M22759/41-22-95,1,41,22,95,white/green,MIL-DTL-22759/41,XL-ETFE,"crosslinked modified ETFE, dual wall",dual,nickel,copper,nickel-coated copper,19x34,0.0300,0.050,0.0100,3.2,16.0,200,600,,https://www.glenair.com/wire-and-cable/pdf/mil-star/gs22759-41.pdf,M22759_41-22-95/M22759_41-22-95-rev1
M22759_41-22-96,M22759/41-22-96,1,41,22,96,white/blue,MIL-DTL-22759/41,XL-ETFE,"crosslinked modified ETFE, dual wall",dual,nickel,copper,nickel-coated copper,19x34,0.0300,0.050,0.0100,3.2,16.0,200,600,,https://www.glenair.com/wire-and-cable/pdf/mil-star/gs22759-41.pdf,M22759_41-22-96/M22759_41-22-96-rev1
M22759_41-22-97,M22759/41-22-97,1,41,22,97,white/violet,MIL-DTL-22759/41,XL-ETFE,"crosslinked modified ETFE, dual wall",dual,nickel,copper,nickel-coated copper,19x34,0.0300,0.050,0.0100,3.2,16.0,200,600,,https://www.glenair.com/wire-and-cable/pdf/mil-star/gs22759-41.pdf,M22759_41-22-97/M22759_41-22-97-rev1
M22759_41-22-98,M22759/41-22-98,1,41,22,98,white/gray,MIL-DTL-22759/41,XL-ETFE,"crosslinked modified ETFE, dual wall",dual,nickel,copper,nickel-coated copper,19x34,0.0300,0.050,0.0100,3.2,16.0,200,600,,https://www.glenair.com/wire-and-cable/pdf/mil-star/gs22759-41.pdf,M22759_41-22-98/M22759_41-22-98-rev1
M22759_41-24-0,M22759/41-24-0,1,41,24,0,black,MIL-DTL-22759/41,XL-ETFE,"crosslinked modified ETFE, dual wall",dual,nickel,copper,nickel-coated copper,19x36,0.0240,0.045,0.0105,2.3,25.9,200,600,,https://www.glenair.com/wire-and-cable/pdf/mil-star/gs22759-41.pdf,M22759_41-24-0/M22759_41-24-0-rev1
M22759_41-24-1,M22759/41-24-1,1,41,24,1,brown,MIL-DTL-22759/41,XL-ETFE,"crosslinked modified ETFE, dual wall",dual,nickel,copper,nickel-coated copper,19x36,0.0240,0.045,0.0105,2.3,25.9,200,600,,https://www.glenair.com/wire-and-cable/pdf/mil-star/gs22759-41.pdf,M22759_41-24-1/M22759_41-24-1-rev1
M22759_41-24-2,M22759/41-24-2,1,41,24,2,red,MIL-DTL-22759/41,XL-ETFE,"crosslinked modified ETFE, dual wall",dual,nickel,copper,nickel-coated copper,19x36,0.0240,0.045,0.0105,2.3,25.9,200,600,,https://www.glenair.com/wire-and-cable/pdf/mil-star/gs22759-41.pdf,M22759_41-24-2/M22759_41-24-2-rev1
M22759_41-24-3,M22759/41-24-3,1,41,24,3,orange,MIL-DTL-22759/41,XL-ETFE,"crosslinked modified ETFE, dual wall",dual,nickel,copper,nickel-coated copper,19x36,0.0240,0.045,0.0105,2.3,25.9,200,600,,https://www.glenair.com/wire-and-cable/pdf/mil-star/gs22759-41.pdf,M22759_41-24-3/M22759_41-24-3-rev1
M22759_41-24-4,M22759/41-24-4,1,41,24,4,yellow,MIL-DTL-22759/41,XL-ETFE,"crosslinked modified ETFE, dual wall",dual,nickel,copper,nickel-coated copper,19x36,0.0240,0.045,0.0105,2.3,25.9,200,600,,https://www.glenair.com/wire-and-cable/pdf/mil-star/gs22759-41.pdf,M22759_41-24-4/M22759_41-24-4-rev1
M22759_41-24-5,M22759/41-24-5,1,41,24,5,green,MIL-DTL-22759/41,XL-ETFE,"crosslinked modified ETFE, dual wall",dual,nickel,copper,nickel-coated copper,19x36,0.0240,0.045,0.0105,2.3,25.9,200,600,,https://www.glenair.com/wire-and-cable/pdf/mil-star/gs22759-41.pdf,M22759_41-24-5/M22759_41-24-5-rev1
M22759_41-24-6,M22759/41-24-6,1,41,24,6,blue,MIL-DTL-22759/41,XL-ETFE,"crosslinked modified ETFE, dual wall",dual,nickel,copper,nickel-coated copper,19x36,0.0240,0.045,0.0105,2.3,25.9,200,600,,https://www.glenair.com/wire-and-cable/pdf/mil-star/gs22759-41.pdf,M22759_41-24-6/M22759_41-24-6-rev1
M22759_41-24-7,M22759/41-24-7,1,41,24,7,violet,MIL-DTL-22759/41,XL-ETFE,"crosslinked modified ETFE, dual wall",dual,nickel,copper,nickel-coated copper,19x36,0.0240,0.045,0.0105,2.3,25.9,200,600,,https://www.glenair.com/wire-and-cable/pdf/mil-star/gs22759-41.pdf,M22759_41-24-7/M22759_41-24-7-rev1
M22759_41-24-8,M22759/41-24-8,1,41,24,8,gray,MIL-DTL-22759/41,XL-ETFE,"crosslinked modified ETFE, dual wall",dual,nickel,copper,nickel-coated copper,19x36,0.0240,0.045,0.0105,2.3,25.9,200,600,,https://www.glenair.com/wire-and-cable/pdf/mil-star/gs22759-41.pdf,M22759_41-24-8/M22759_41-24-8-rev1
M22759_41-24-9,M22759/41-24-9,1,41,24,9,white,MIL-DTL-22759/41,XL-ETFE,"crosslinked modified ETFE, dual wall",dual,nickel,copper,nickel-coated copper,19x36,0.0240,0.045,0.0105,2.3,25.9,200,600,,https://www.glenair.com/wire-and-cable/pdf/mil-star/gs22759-41.pdf,M22759_41-24-9/M22759_41-24-9-rev1
M22759_41-24-90,M22759/41-24-90,1,41,24,90,white/black,MIL-DTL-22759/41,XL-ETFE,"crosslinked modified ETFE, dual wall",dual,nickel,copper,nickel-coated copper,19x36,0.0240,0.045,0.0105,2.3,25.9,200,600,,https://www.glenair.com/wire-and-cable/pdf/mil-star/gs22759-41.pdf,M22759_41-24-90/M22759_41-24-90-rev1
M22759_41-24-91,M22759/41-24-91,1,41,24,91,white/brown,MIL-DTL-22759/41,XL-ETFE,"crosslinked modified ETFE, dual wall",dual,nickel,copper,nickel-coated copper,19x36,0.0240,0.045,0.0105,2.3,25.9,200,600,,https://www.glenair.com/wire-and-cable/pdf/mil-star/gs22759-41.pdf,M22759_41-24-91/M22759_41-24-91-rev1
M22759_41-24-92,M22759/41-24-92,1,41,24,92,white/red,MIL-DTL-22759/41,XL-ETFE,"crosslinked modified ETFE, dual wall",dual,nickel,copper,nickel-coated copper,19x36,0.0240,0.045,0.0105,2.3,25.9,200,600,,https://www.glenair.com/wire-and-cable/pdf/mil-star/gs22759-41.pdf,M22759_41-24-92/M22759_41-24-92-rev1
M22759_41-24-93,M22759/41-24-93,1,41,24,93,white/orange,MIL-DTL-22759/41,XL-ETFE,"crosslinked modified ETFE, dual wall",dual,nickel,copper,nickel-coated copper,19x36,0.0240,0.045,0.0105,2.3,25.9,200,600,,https://www.glenair.com/wire-and-cable/pdf/mil-star/gs22759-41.pdf,M22759_41-24-93/M22759_41-24-93-rev1
M22759_41-24-94,M22759/41-24-94,1,41,24,94,white/yellow,MIL-DTL-22759/41,XL-ETFE,"crosslinked modified ETFE, dual wall",dual,nickel,copper,nickel-coated copper,19x36,0.0240,0.045,0.0105,2.3,25.9,200,600,,https://www.glenair.com/wire-and-cable/pdf/mil-star/gs22759-41.pdf,M22759_41-24-94/M22759_41-24-94-rev1
M22759_41-24-95,M22759/41-24-95,1,41,24,95,white/green,MIL-DTL-22759/41,XL-ETFE,"crosslinked modified ETFE, dual wall",dual,nickel,copper,nickel-coated copper,19x36,0.0240,0.045,0.0105,2.3,25.9,200,600,,https://www.glenair.com/wire-and-cable/pdf/mil-star/gs22759-41.pdf,M22759_41-24-95/M22759_41-24-95-rev1
M22759_41-24-96,M22759/41-24-96,1,41,24,96,white/blue,MIL-DTL-22759/41,XL-ETFE,"crosslinked modified ETFE, dual wall",dual,nickel,copper,nickel-coated copper,19x36,0.0240,0.045,0.0105,2.3,25.9,200,600,,https://www.glenair.com/wire-and-cable/pdf/mil-star/gs22759-41.pdf,M22759_41-24-96/M22759_41-24-96-rev1
M22759_41-24-97,M22759/41-24-97,1,41,24,97,white/violet,MIL-DTL-22759/41,XL-ETFE,"crosslinked modified ETFE, dual wall",dual,nickel,copper,nickel-coated copper,19x36,0.0240,0.045,0.0105,2.3,25.9,200,600,,https://www.glenair.com/wire-and-cable/pdf/mil-star/gs22759-41.pdf,M22759_41-24-97/M22759_41-24-97-rev1
M22759_41-24-98,M22759/41-24-98,1,41,24,98,white/gray,MIL-DTL-22759/41,XL-ETFE,"crosslinked modified ETFE, dual wall",dual,nickel,copper,nickel-coated copper,19x36,0.0240,0.045,0.0105,2.3,25.9,200,600,,https://www.glenair.com/wire-and-cable/pdf/mil-star/gs22759-41.pdf,M22759_41-24-98/M22759_41-24-98-rev1
M22759_41-26-0,M22759/41-26-0,1,41,26,0,black,MIL-DTL-22759/41,XL-ETFE,"crosslinked modified ETFE, dual wall",dual,nickel,copper,nickel-coated copper,19x38,0.0190,0.040,0.0105,1.7,42.2,200,600,,https://www.glenair.com/wire-and-cable/pdf/mil-star/gs22759-41.pdf,M22759_41-26-0/M22759_41-26-0-rev1
M22759_41-26-1,M22759/41-26-1,1,41,26,1,brown,MIL-DTL-22759/41,XL-ETFE,"crosslinked modified ETFE, dual wall",dual,nickel,copper,nickel-coated copper,19x38,0.0190,0.040,0.0105,1.7,42.2,200,600,,https://www.glenair.com/wire-and-cable/pdf/mil-star/gs22759-41.pdf,M22759_41-26-1/M22759_41-26-1-rev1
M22759_41-26-2,M22759/41-26-2,1,41,26,2,red,MIL-DTL-22759/41,XL-ETFE,"crosslinked modified ETFE, dual wall",dual,nickel,copper,nickel-coated copper,19x38,0.0190,0.040,0.0105,1.7,42.2,200,600,,https://www.glenair.com/wire-and-cable/pdf/mil-star/gs22759-41.pdf,M22759_41-26-2/M22759_41-26-2-rev1
M22759_41-26-3,M22759/41-26-3,1,41,26,3,orange,MIL-DTL-22759/41,XL-ETFE,"crosslinked modified ETFE, dual wall",dual,nickel,copper,nickel-coated copper,19x38,0.0190,0.040,0.0105,1.7,42.2,200,600,,https://www.glenair.com/wire-and-cable/pdf/mil-star/gs22759-41.pdf,M22759_41-26-3/M22759_41-26-3-rev1
M22759_41-26-4,M22759/41-26-4,1,41,26,4,yellow,MIL-DTL-22759/41,XL-ETFE,"crosslinked modified ETFE, dual wall",dual,nickel,copper,nickel-coated copper,19x38,0.0190,0.040,0.0105,1.7,42.2,200,600,,https://www.glenair.com/wire-and-cable/pdf/mil-star/gs22759-41.pdf,M22759_41-26-4/M22759_41-26-4-rev1
M22759_41-26-5,M22759/41-26-5,1,41,26,5,green,MIL-DTL-22759/41,XL-ETFE,"crosslinked modified ETFE, dual wall",dual,nickel,copper,nickel-coated copper,19x38,0.0190,0.040,0.0105,1.7,42.2,200,600,,https://www.glenair.com/wire-and-cable/pdf/mil-star/gs22759-41.pdf,M22759_41-26-5/M22759_41-26-5-rev1
M22759_41-26-6,M22759/41-26-6,1,41,26,6,blue,MIL-DTL-22759/41,XL-ETFE,"crosslinked modified ETFE, dual wall",dual,nickel,copper,nickel-coated copper,19x38,0.0190,0.040,0.0105,1.7,42.2,200,600,,https://www.glenair.com/wire-and-cable/pdf/mil-star/gs22759-41.pdf,M22759_41-26-6/M22759_41-26-6-rev1
M22759_41-26-7,M22759/41-26-7,1,41,26,7,violet,MIL-DTL-22759/41,XL-ETFE,"crosslinked modified ETFE, dual wall",dual,nickel,copper,nickel-coated copper,19x38,0.0190,0.040,0.0105,1.7,42.2,200,600,,https://www.glenair.com/wire-and-cable/pdf/mil-star/gs22759-41.pdf,M22759_41-26-7/M22759_41-26-7-rev1
M22759_41-26-8,M22759/41-26-8,1,41,26,8,gray,MIL-DTL-22759/41,XL-ETFE,"crosslinked modified ETFE, dual wall",dual,nickel,copper,nickel-coated copper,19x38,0.0190,0.040,0.0105,1.7,42.2,200,600,,https://www.glenair.com/wire-and-cable/pdf/mil-star/gs22759-41.pdf,M22759_41-26-8/M22759_41-26-8-rev1
M22759_41-26-9,M22759/41-26-9,1,41,26,9,white,MIL-DTL-22759/41,XL-ETFE,"crosslinked modified ETFE, dual wall",dual,nickel,copper,nickel-coated copper,19x38,0.0190,0.040,0.0105,1.7,42.2,200,600,,https://www.glenair.com/wire-and-cable/pdf/mil-star/gs22759-41.pdf,M22759_41-26-9/M22759_41-26-9-rev1
M22759_41-26-90,M22759/41-26-90,1,41,26,90,white/black,MIL-DTL-22759/41,XL-ETFE,"crosslinked modified ETFE, dual wall",dual,nickel,copper,nickel-coated copper,19x38,0.0190,0.040,0.0105,1.7,42.2,200,600,,https://www.glenair.com/wire-and-cable/pdf/mil-star/gs22759-41.pdf,M22759_41-26-90/M22759_41-26-90-rev1
M22759_41-26-91,M22759/41-26-91,1,41,26,91,white/brown,MIL-DTL-22759/41,XL-ETFE,"crosslinked modified ETFE, dual wall",dual,nickel,copper,nickel-coated copper,19x38,0.0190,0.040,0.0105,1.7,42.2,200,600,,https://www.glenair.com/wire-and-cable/pdf/mil-star/gs22759-41.pdf,M22759_41-26-91/M22759_41-26-91-rev1
M22759_41-26-92,M22759/41-26-92,1,41,26,92,white/red,MIL-DTL-22759/41,XL-ETFE,"crosslinked modified ETFE, dual wall",dual,nickel,copper,nickel-coated copper,19x38,0.0190,0.040,0.0105,1.7,42.2,200,600,,https://www.glenair.com/wire-and-cable/pdf/mil-star/gs22759-41.pdf,M22759_41-26-92/M22759_41-26-92-rev1
M22759_41-26-93,M22759/41-26-93,1,41,26,93,white/orange,MIL-DTL-22759/41,XL-ETFE,"crosslinked modified ETFE, dual wall",dual,nickel,copper,nickel-coated copper,19x38,0.0190,0.040,0.0105,1.7,42.2,200,600,,https://www.glenair.com/wire-and-cable/pdf/mil-star/gs22759-41.pdf,M22759_41-26-93/M22759_41-26-93-rev1
M22759_41-26-94,M22759/41-26-94,1,41,26,94,white/yellow,MIL-DTL-22759/41,XL-ETFE,"crosslinked modified ETFE, dual wall",dual,nickel,copper,nickel-coated copper,19x38,0.0190,0.040,0.0105,1.7,42.2,200,600,,https://www.glenair.com/wire-and-cable/pdf/mil-star/gs22759-41.pdf,M22759_41-26-94/M22759_41-26-94-rev1
M22759_41-26-95,M22759/41-26-95,1,41,26,95,white/green,MIL-DTL-22759/41,XL-ETFE,"crosslinked modified ETFE, dual wall",dual,nickel,copper,nickel-coated copper,19x38,0.0190,0.040,0.0105,1.7,42.2,200,600,,https://www.glenair.com/wire-and-cable/pdf/mil-star/gs22759-41.pdf,M22759_41-26-95/M22759_41-26-95-rev1
M22759_41-26-96,M22759/41-26-96,1,41,26,96,white/blue,MIL-DTL-22759/41,XL-ETFE,"crosslinked modified ETFE, dual wall",dual,nickel,copper,nickel-coated copper,19x38,0.0190,0.040,0.0105,1.7,42.2,200,600,,https://www.glenair.com/wire-and-cable/pdf/mil-star/gs22759-41.pdf,M22759_41-26-96/M22759_41-26-96-rev1
M22759_41-26-97,M22759/41-26-97,1,41,26,97,white/violet,MIL-DTL-22759/41,XL-ETFE,"crosslinked modified ETFE, dual wall",dual,nickel,copper,nickel-coated copper,19x38,0.0190,0.040,0.0105,1.7,42.2,200,600,,https://www.glenair.com/wire-and-cable/pdf/mil-star/gs22759-41.pdf,M22759_41-26-97/M22759_41-26-97-rev1
M22759_41-26-98,M22759/41-26-98,1,41,26,98,white/gray,MIL-DTL-22759/41,XL-ETFE,"crosslinked modified ETFE, dual wall",dual,nickel,copper,nickel-coated copper,19x38,0.0190,0.040,0.0105,1.7,42.2,200,600,,https://www.glenair.com/wire-and-cable/pdf/mil-star/gs22759-41.pdf,M22759_41-26-98/M22759_41-26-98-rev1
M22759_41-8-0,M22759/41-8-0,1,41,8,0,black,MIL-DTL-22759/41,XL-ETFE,"crosslinked modified ETFE, dual wall",dual,nickel,copper,nickel-coated copper,133x29,0.1655,0.195,0.0147,67.4,0.694,200,600,,https://www.glenair.com/wire-and-cable/pdf/mil-star/gs22759-41.pdf,M22759_41-8-0/M22759_41-8-0-rev1
M22759_41-8-1,M22759/41-8-1,1,41,8,1,brown,MIL-DTL-22759/41,XL-ETFE,"crosslinked modified ETFE, dual wall",dual,nickel,copper,nickel-coated copper,133x29,0.1655,0.195,0.0147,67.4,0.694,200,600,,https://www.glenair.com/wire-and-cable/pdf/mil-star/gs22759-41.pdf,M22759_41-8-1/M22759_41-8-1-rev1
M22759_41-8-2,M22759/41-8-2,1,41,8,2,red,MIL-DTL-22759/41,XL-ETFE,"crosslinked modified ETFE, dual wall",dual,nickel,copper,nickel-coated copper,133x29,0.1655,0.195,0.0147,67.4,0.694,200,600,,https://www.glenair.com/wire-and-cable/pdf/mil-star/gs22759-41.pdf,M22759_41-8-2/M22759_41-8-2-rev1
M22759_41-8-3,M22759/41-8-3,1,41,8,3,orange,MIL-DTL-22759/41,XL-ETFE,"crosslinked modified ETFE, dual wall",dual,nickel,copper,nickel-coated copper,133x29,0.1655,0.195,0.0147,67.4,0.694,200,600,,https://www.glenair.com/wire-and-cable/pdf/mil-star/gs22759-41.pdf,M22759_41-8-3/M22759_41-8-3-rev1
M22759_41-8-4,M22759/41-8-4,1,41,8,4,yellow,MIL-DTL-22759/41,XL-ETFE,"crosslinked modified ETFE, dual wall",dual,nickel,copper,nickel-coated copper,133x29,0.1655,0.195,0.0147,67.4,0.694,200,600,,https://www.glenair.com/wire-and-cable/pdf/mil-star/gs22759-41.pdf,M22759_41-8-4/M22759_41-8-4-rev1
M22759_41-8-5,M22759/41-8-5,1,41,8,5,green,MIL-DTL-22759/41,XL-ETFE,"crosslinked modified ETFE, dual wall",dual,nickel,copper,nickel-coated copper,133x29,0.1655,0.195,0.0147,67.4,0.694,200,600,,https://www.glenair.com/wire-and-cable/pdf/mil-star/gs22759-41.pdf,M22759_41-8-5/M22759_41-8-5-rev1
M22759_41-8-6,M22759/41-8-6,1,41,8,6,blue,MIL-DTL-22759/41,XL-ETFE,"crosslinked modified ETFE, dual wall",dual,nickel,copper,nickel-coated copper,133x29,0.1655,0.195,0.0147,67.4,0.694,200,600,,https://www.glenair.com/wire-and-cable/pdf/mil-star/gs22759-41.pdf,M22759_41-8-6/M22759_41-8-6-rev1
M22759_41-8-7,M22759/41-8-7,1,41,8,7,violet,MIL-DTL-22759/41,XL-ETFE,"crosslinked modified ETFE, dual wall",dual,nickel,copper,nickel-coated copper,133x29,0.1655,0.195,0.0147,67.4,0.694,200,600,,https://www.glenair.com/wire-and-cable/pdf/mil-star/gs22759-41.pdf,M22759_41-8-7/M22759_41-8-7-rev1
M22759_41-8-8,M22759/41-8-8,1,41,8,8,gray,MIL-DTL-22759/41,XL-ETFE,"crosslinked modified ETFE, dual wall",dual,nickel,copper,nickel-coated copper,133x29,0.1655,0.195,0.0147,67.4,0.694,200,600,,https://www.glenair.com/wire-and-cable/pdf/mil-star/gs22759-41.pdf,M22759_41-8-8/M22759_41-8-8-rev1
M22759_41-8-9,M22759/41-8-9,1,41,8,9,white,MIL-DTL-22759/41,XL-ETFE,"crosslinked modified ETFE, dual wall",dual,nickel,copper,nickel-coated copper,133x29,0.1655,0.195,0.0147,67.4,0.694,200,600,,https://www.glenair.com/wire-and-cable/pdf/mil-star/gs22759-41.pdf,M22759_41-8-9/M22759_41-8-9-rev1
M22759_41-8-90,M22759/41-8-90,1,41,8,90,white/black,MIL-DTL-22759/41,XL-ETFE,"crosslinked modified ETFE, dual wall",dual,nickel,copper,nickel-coated copper,133x29,0.1655,0.195,0.0147,67.4,0.694,200,600,,https://www.glenair.com/wire-and-cable/pdf/mil-star/gs22759-41.pdf,M22759_41-8-90/M22759_41-8-90-rev1
M22759_41-8-91,M22759/41-8-91,1,41,8,91,white/brown,MIL-DTL-22759/41,XL-ETFE,"crosslinked modified ETFE, dual wall",dual,nickel,copper,nickel-coated copper,133x29,0.1655,0.195,0.0147,67.4,0.694,200,600,,https://www.glenair.com/wire-and-cable/pdf/mil-star/gs22759-41.pdf,M22759_41-8-91/M22759_41-8-91-rev1
M22759_41-8-92,M22759/41-8-92,1,41,8,92,white/red,MIL-DTL-22759/41,XL-ETFE,"crosslinked modified ETFE, dual wall",dual,nickel,copper,nickel-coated copper,133x29,0.1655,0.195,0.0147,67.4,0.694,200,600,,https://www.glenair.com/wire-and-cable/pdf/mil-star/gs22759-41.pdf,M22759_41-8-92/M22759_41-8-92-rev1
M22759_41-8-93,M22759/41-8-93,1,41,8,93,white/orange,MIL-DTL-22759/41,XL-ETFE,"crosslinked modified ETFE, dual wall",dual,nickel,copper,nickel-coated copper,133x29,0.1655,0.195,0.0147,67.4,0.694,200,600,,https://www.glenair.com/wire-and-cable/pdf/mil-star/gs22759-41.pdf,M22759_41-8-93/M22759_41-8-93-rev1
M22759_41-8-94,M22759/41-8-94,1,41,8,94,white/yellow,MIL-DTL-22759/41,XL-ETFE,"crosslinked modified ETFE, dual wall",dual,nickel,copper,nickel-coated copper,133x29,0.1655,0.195,0.0147,67.4,0.694,200,600,,https://www.glenair.com/wire-and-cable/pdf/mil-star/gs22759-41.pdf,M22759_41-8-94/M22759_41-8-94-rev1
M22759_41-8-95,M22759/41-8-95,1,41,8,95,white/green,MIL-DTL-22759/41,XL-ETFE,"crosslinked modified ETFE, dual wall",dual,nickel,copper,nickel-coated copper,133x29,0.1655,0.195,0.0147,67.4,0.694,200,600,,https://www.glenair.com/wire-and-cable/pdf/mil-star/gs22759-41.pdf,M22759_41-8-95/M22759_41-8-95-rev1
M22759_41-8-96,M22759/41-8-96,1,41,8,96,white/blue,MIL-DTL-22759/41,XL-ETFE,"crosslinked modified ETFE, dual wall",dual,nickel,copper,nickel-coated copper,133x29,0.1655,0.195,0.0147,67.4,0.694,200,600,,https://www.glenair.com/wire-and-cable/pdf/mil-star/gs22759-41.pdf,M22759_41-8-96/M22759_41-8-96-rev1
M22759_41-8-97,M22759/41-8-97,1,41,8,97,white/violet,MIL-DTL-22759/41,XL-ETFE,"crosslinked modified ETFE, dual wall",dual,nickel,copper,nickel-coated copper,133x29,0.1655,0.195,0.0147,67.4,0.694,200,600,,https://www.glenair.com/wire-and-cable/pdf/mil-star/gs22759-41.pdf,M22759_41-8-97/M22759_41-8-97-rev1
M22759_41-8-98,M22759/41-8-98,1,41,8,98,white/gray,MIL-DTL-22759/41,XL-ETFE,"crosslinked modified ETFE, dual wall",dual,nickel,copper,nickel-coated copper,133x29,0.1655,0.195,0.0147,67.4,0.694,200,600,,https://www.glenair.com/wire-and-cable/pdf/mil-star/gs22759-41.pdf,M22759_41-8-98/M22759_41-8-98-rev1
